id,section_id,fournisseur_id,article_id,quantite,prix_unitaire,devise,date_pr,date_po,date_livraison_prevue,date_livraison_reelle,statut,ecart_jours
63e6c2dc-5914-4ae5-894f-13512308897f,9afefdbb-119c-4425-8535-6fec5127f4b6,e62c2c04-1277-440a-8b88-e465e31f7939,80,2,607.22,USD,2025-09-26,2025-10-04,2025-10-10,2025-10-09,livree_a_temps,-1
d6e4a846-93e0-4d08-9975-97923326a569,9afefdbb-119c-4425-8535-6fec5127f4b6,65c02af0-837c-45f5-91bd-6ad4308cb818,34,1,48.81,USD,2025-09-18,2025-09-25,2025-09-30,2025-09-30,livree_a_temps,0
2638b83c-d726-433f-bc46-1a258bede9a4,9afefdbb-119c-4425-8535-6fec5127f4b6,ce8c11a2-7764-4c69-9d3d-6efc6283c1a9,32,10,16.51,USD,2025-09-25,2025-09-27,2025-10-01,2025-10-01,livree_a_temps,0
ed1b9617-b9b7-4310-9212-9a3de3571bb9,9afefdbb-119c-4425-8535-6fec5127f4b6,38c992e5-31f4-482c-8b98-64f368b058d2,29,50,39.81,USD,2025-09-19,2025-09-28,2025-10-08,2025-10-16,livree_en_retard,8
e3f9edbd-0ee5-4d6e-8803-c9cfa7901a53,9afefdbb-119c-4425-8535-6fec5127f4b6,1b9d31e8-58e9-410c-97a5-1dba9298c645,31,100,55.08,USD,2025-08-30,2025-09-04,2025-09-08,2025-09-18,livree_en_retard,10
db23f043-3cff-4efd-9769-407b5a622ffa,9afefdbb-119c-4425-8535-6fec5127f4b6,98390bdc-1e93-4618-8e29-ce8ed6a4aed8,56,10,198.72,USD,2025-09-28,2025-09-30,2025-10-07,2025-10-15,livree_en_retard,8
e8a8afc9-6539-488c-bc4c-dd1ee1a7e39b,9afefdbb-119c-4425-8535-6fec5127f4b6,87d82af0-297c-48d8-b9bb-0d0df1927534,48,1,381.91,USD,2025-09-28,2025-10-01,2025-10-12,2025-10-12,livree_a_temps,0
9ad5b2c5-5676-4920-bb9a-d843608cd2fe,9afefdbb-119c-4425-8535-6fec5127f4b6,98390bdc-1e93-4618-8e29-ce8ed6a4aed8,50,2,323.12,USD,2025-08-31,2025-09-02,2025-09-11,2025-09-11,livree_a_temps,0
cc18866c-74f1-434c-9ad5-6bb6a2aa6cd8,9afefdbb-119c-4425-8535-6fec5127f4b6,a42c50e1-e7d1-4a84-95a4-095680d78ab4,56,2,195.68,USD,2025-09-12,2025-09-19,2025-09-29,2025-10-09,livree_en_retard,10
1de66cb0-5953-494e-ac9d-100c858e8302,9afefdbb-119c-4425-8535-6fec5127f4b6,bfd258a1-15d6-405e-80cd-4cf9ed5b730d,56,10,207.97,USD,2025-09-08,2025-09-18,2025-09-29,2025-10-01,livree_en_retard,2
8705eb78-eff4-4530-ae7f-f24c1b10ec23,9afefdbb-119c-4425-8535-6fec5127f4b6,afa25e1d-9614-4325-939a-28c9c516deaa,108,1,178.22,USD,2025-09-27,2025-10-01,2025-10-09,2025-10-09,livree_a_temps,0
8e37d776-6911-4692-8c30-f817d08f1029,9afefdbb-119c-4425-8535-6fec5127f4b6,e4b497a2-4b2e-4c1c-8bb5-dfdabd33779b,83,5,167.43,USD,2025-09-30,2025-10-10,2025-10-15,2025-10-12,livree_a_temps,-3
88d68b3f-886a-4a66-bc37-e65a63169859,9afefdbb-119c-4425-8535-6fec5127f4b6,e62c2c04-1277-440a-8b88-e465e31f7939,80,2,517.06,USD,2025-10-02,2025-10-12,2025-10-14,2025-10-25,livree_en_retard,11
943f720e-9e7f-485d-b5fd-bed56051772e,9afefdbb-119c-4425-8535-6fec5127f4b6,65c02af0-837c-45f5-91bd-6ad4308cb818,33,20,90.37,USD,2025-10-18,2025-10-26,2025-11-08,2025-11-08,livree_a_temps,0
4e6206ea-45ea-456f-90a9-79085cb56ef1,9afefdbb-119c-4425-8535-6fec5127f4b6,ddb507c6-7c41-4027-bf46-dee06e458cb7,37,2,23.21,USD,2025-10-12,2025-10-14,2025-10-20,2025-11-01,livree_en_retard,12
55ec1cdb-a9dd-4223-b1c1-f4a2d2cabfe7,9afefdbb-119c-4425-8535-6fec5127f4b6,e4b497a2-4b2e-4c1c-8bb5-dfdabd33779b,37,100,23.99,USD,2025-10-23,2025-11-01,2025-11-03,2025-11-03,livree_a_temps,0
26ea6944-ec21-473c-a31a-7ab231b01752,9afefdbb-119c-4425-8535-6fec5127f4b6,6ddb19c1-837f-43af-91b7-6335e905a1a2,89,10,75.83,USD,2025-10-25,2025-10-30,2025-11-18,2025-11-23,livree_en_retard,5
3195c2cb-1f5a-44d2-9ecc-af42af8c2382,9afefdbb-119c-4425-8535-6fec5127f4b6,556076a7-4eaa-4ff0-aee1-103e2fb43bb9,93,10,37.23,USD,2025-10-19,2025-10-25,2025-10-29,2025-11-14,livree_en_retard,16
8bd8c6d4-7b06-4526-990e-bbffbdcbc96e,9afefdbb-119c-4425-8535-6fec5127f4b6,08bbc964-d812-43ef-88bc-1b75de877890,56,10,154.98,USD,2025-10-20,2025-10-30,2025-11-02,2025-11-14,livree_en_retard,12
5883533f-e295-4817-8997-9d2267c94015,9afefdbb-119c-4425-8535-6fec5127f4b6,bfd258a1-15d6-405e-80cd-4cf9ed5b730d,53,10,69.61,USD,2025-10-28,2025-11-06,2025-11-19,2025-11-19,livree_a_temps,0
2e73ea5c-36e7-4eff-9580-c7ce6a08a0a1,9afefdbb-119c-4425-8535-6fec5127f4b6,87d82af0-297c-48d8-b9bb-0d0df1927534,56,50,265.05,USD,2025-10-08,2025-10-13,2025-11-02,2025-11-02,livree_a_temps,0
eb7cdf6a-c437-4b07-adc6-bf67aaee5191,9afefdbb-119c-4425-8535-6fec5127f4b6,5a131d9a-320b-4460-b554-997bcd47bfd0,106,1,184.81,USD,2025-10-05,2025-10-07,2025-10-13,2025-10-13,livree_a_temps,0
4b27d573-6e9c-4acf-9cf5-b73488a3404f,9afefdbb-119c-4425-8535-6fec5127f4b6,5be21ce5-62b1-4728-8aa7-c1137266ce68,114,10,20.91,USD,2025-10-26,2025-11-05,2025-11-23,2025-11-23,livree_a_temps,0
6e7f38ac-f522-4ccc-8620-7dbff9179e3c,9afefdbb-119c-4425-8535-6fec5127f4b6,bc5b55fa-f576-4627-a4df-94b9c031ffc3,84,1,1999.4,USD,2025-11-07,2025-11-16,2025-11-19,2025-11-27,livree_en_retard,8
58e2bdd7-cf22-4e75-8f81-001ed9c3c94f,9afefdbb-119c-4425-8535-6fec5127f4b6,ddb507c6-7c41-4027-bf46-dee06e458cb7,29,2,31.23,USD,2025-10-31,2025-11-06,2025-11-11,2025-11-25,livree_en_retard,14
dc18058a-63da-45c0-8547-4e16a3de4b1a,9afefdbb-119c-4425-8535-6fec5127f4b6,ddb507c6-7c41-4027-bf46-dee06e458cb7,28,20,30.3,USD,2025-11-21,2025-11-25,2025-11-27,2025-12-06,livree_en_retard,9
ac9a2b3a-7e3a-4978-90d5-1f6c1ccd0c26,9afefdbb-119c-4425-8535-6fec5127f4b6,e4b497a2-4b2e-4c1c-8bb5-dfdabd33779b,31,20,46.16,USD,2025-11-19,2025-11-28,2025-12-01,2025-12-08,livree_en_retard,7
83cebbc1-ad03-4f00-a0fc-74acd339fe68,9afefdbb-119c-4425-8535-6fec5127f4b6,d12c1c4b-c6e6-42fa-8a67-917383e19cdb,49,1,170.48,USD,2025-11-17,2025-11-21,2025-12-03,2025-12-15,livree_en_retard,12
a49cfcd6-2771-4e4e-a1ef-b34e1c8a1d61,9afefdbb-119c-4425-8535-6fec5127f4b6,98ac7ba3-6167-4556-81bd-92b16919c9ca,56,2,163.43,USD,2025-11-21,2025-11-28,2025-11-29,2025-11-29,livree_a_temps,0
ca17c3e6-fea1-4170-9f24-b6581843426b,9afefdbb-119c-4425-8535-6fec5127f4b6,d2e0a39b-31b3-4c7e-98cc-450466fb6a32,51,50,132.29,USD,2025-11-19,2025-11-29,2025-12-04,2025-12-12,livree_en_retard,8
b5463b92-c380-4964-9ff3-8faf4fa58a29,9afefdbb-119c-4425-8535-6fec5127f4b6,14e13be0-90c7-4e0e-b6f8-9792e15ebc20,106,50,157.53,USD,2025-11-12,2025-11-13,2025-11-15,2025-11-12,livree_a_temps,-3
9dfb1eff-a140-4290-8812-bd8ca539c1a2,9afefdbb-119c-4425-8535-6fec5127f4b6,7a95f5a9-dbad-4e44-b6b2-a2dd3f6c31f1,87,100,3306.39,USD,2025-12-09,2025-12-15,2025-12-25,2025-12-25,livree_a_temps,0
b815954d-f54e-47fe-9df5-7d0e85d3a7e2,9afefdbb-119c-4425-8535-6fec5127f4b6,08bbc964-d812-43ef-88bc-1b75de877890,33,20,79.46,USD,2025-12-04,2025-12-08,2025-12-12,2025-12-15,livree_en_retard,3
14b84185-bd59-4f07-8245-4854e15f30c9,9afefdbb-119c-4425-8535-6fec5127f4b6,bd78e129-6007-46b3-89c4-44bf91d38bc2,33,2,97.83,USD,2025-12-06,2025-12-14,2025-12-28,2026-01-02,livree_en_retard,5
5e487e14-ac23-4c60-b34d-d764754a26fb,9afefdbb-119c-4425-8535-6fec5127f4b6,bd78e129-6007-46b3-89c4-44bf91d38bc2,30,20,56.66,USD,2025-12-07,2025-12-14,2025-12-19,2025-12-18,livree_a_temps,-1
723d0a7f-a29e-4595-af9e-6abb7d8b673d,9afefdbb-119c-4425-8535-6fec5127f4b6,7ba3e208-0af4-4e72-ad44-8158cc01b6c4,91,5,45.01,USD,2025-12-06,2025-12-13,2026-01-06,2026-01-06,livree_a_temps,0
6922bb13-cb82-46bf-b056-f5d1756632c4,9afefdbb-119c-4425-8535-6fec5127f4b6,87d82af0-297c-48d8-b9bb-0d0df1927534,56,10,256.73,USD,2025-12-12,2025-12-17,2025-12-28,2025-12-31,livree_en_retard,3
e8c86c67-e010-4dd5-99e5-758ed04a86af,9afefdbb-119c-4425-8535-6fec5127f4b6,83dde059-513e-4073-ac2a-fa13a3a1e575,55,1,170.56,USD,2025-12-27,2025-12-30,2026-01-05,2026-01-05,livree_a_temps,0
55e0b6b3-2bfd-4e95-9774-dc954a4b0454,9afefdbb-119c-4425-8535-6fec5127f4b6,d2e0a39b-31b3-4c7e-98cc-450466fb6a32,48,10,218.81,USD,2025-12-02,2025-12-11,2025-12-17,2025-12-17,livree_a_temps,0
d9f161f9-c7b9-4d66-9d03-af7e3381b0f0,9afefdbb-119c-4425-8535-6fec5127f4b6,4b0da602-5f61-4d55-be93-470463212538,54,100,143.64,USD,2025-12-15,2025-12-16,2025-12-21,2026-01-06,livree_en_retard,16
b94e738b-8b01-4cfa-8419-73ef72d5e980,9afefdbb-119c-4425-8535-6fec5127f4b6,d12c1c4b-c6e6-42fa-8a67-917383e19cdb,112,50,106.64,USD,2025-12-14,2025-12-23,2025-12-28,2026-01-21,livree_en_retard,24
e1387fa3-c6fc-42a3-aa6b-489c502a6f31,9afefdbb-119c-4425-8535-6fec5127f4b6,65c02af0-837c-45f5-91bd-6ad4308cb818,113,100,21.84,USD,2025-11-29,2025-12-01,2025-12-12,2025-12-10,livree_a_temps,-2
4a8f06d0-d0b8-401f-8a20-a328c79b29b7,9afefdbb-119c-4425-8535-6fec5127f4b6,93dcbfe8-ed77-4ec4-935f-f1a2240ba7c4,87,1,3907.27,USD,2026-01-08,2026-01-16,2026-01-20,2026-01-20,livree_a_temps,0
b6a24de9-679a-4c5b-8b70-f1852cc2409b,9afefdbb-119c-4425-8535-6fec5127f4b6,82c6ba60-8224-461a-951d-8a4e71090f87,30,2,62.88,USD,2026-01-13,2026-01-14,2026-01-21,2026-01-21,livree_a_temps,0
1c563b17-d9a1-44cb-81e2-7dc742b6d8a4,9afefdbb-119c-4425-8535-6fec5127f4b6,98ac7ba3-6167-4556-81bd-92b16919c9ca,32,20,19.31,USD,2026-01-10,2026-01-11,2026-01-14,2026-01-24,livree_en_retard,10
60a20930-eaf9-40e0-b37b-af871fd123ea,9afefdbb-119c-4425-8535-6fec5127f4b6,6ddb19c1-837f-43af-91b7-6335e905a1a2,89,1,64.95,USD,2026-01-06,2026-01-15,2026-02-09,2026-02-07,livree_a_temps,-2
6a758fe7-6b26-4505-838f-85d81ac722c3,9afefdbb-119c-4425-8535-6fec5127f4b6,83dde059-513e-4073-ac2a-fa13a3a1e575,53,100,54.56,USD,2026-01-13,2026-01-21,2026-01-24,2026-01-26,livree_en_retard,2
f5e89455-f2d5-4743-8594-72d4f9e29702,9afefdbb-119c-4425-8535-6fec5127f4b6,bfd258a1-15d6-405e-80cd-4cf9ed5b730d,53,2,68.09,USD,2026-01-09,2026-01-14,2026-01-26,2026-01-26,livree_a_temps,0
49a1d463-a869-41fa-8cd7-1bd4f5b5b122,9afefdbb-119c-4425-8535-6fec5127f4b6,93dcbfe8-ed77-4ec4-935f-f1a2240ba7c4,81,5,4664.55,USD,2026-02-19,2026-02-23,2026-03-01,2026-03-02,livree_en_retard,1
c2ab6017-3788-408c-8fa8-6547f203d813,9afefdbb-119c-4425-8535-6fec5127f4b6,77ad32c8-2e7a-4441-ba6f-5539ebe4560b,31,100,57.74,USD,2026-01-28,2026-02-05,2026-02-18,2026-02-24,livree_en_retard,6
9a5b938d-1d86-4be7-9277-578020d85cb8,9afefdbb-119c-4425-8535-6fec5127f4b6,bd78e129-6007-46b3-89c4-44bf91d38bc2,33,20,100.75,USD,2026-02-08,2026-02-17,2026-03-02,2026-03-05,livree_en_retard,3
4efb2b88-5061-4cc0-9ed4-77f9c0626410,9afefdbb-119c-4425-8535-6fec5127f4b6,5de62164-c59b-4907-ae96-7a63b4cddbb2,29,2,37.39,USD,2026-02-02,2026-02-03,2026-02-06,2026-02-09,livree_en_retard,3
01baa65f-7279-481d-a148-53007e78e5df,9afefdbb-119c-4425-8535-6fec5127f4b6,98ac7ba3-6167-4556-81bd-92b16919c9ca,56,100,154.01,USD,2026-02-23,2026-02-27,2026-03-05,2026-03-05,livree_a_temps,0
1abe8abd-5f34-4f1f-a227-6b274305278d,9afefdbb-119c-4425-8535-6fec5127f4b6,a42c50e1-e7d1-4a84-95a4-095680d78ab4,52,5,74.15,USD,2026-02-22,2026-02-25,2026-03-01,2026-03-04,livree_en_retard,3
9ee51a7a-02df-4e8a-9382-ef86ea18dae9,9afefdbb-119c-4425-8535-6fec5127f4b6,d2e0a39b-31b3-4c7e-98cc-450466fb6a32,48,50,261.32,USD,2026-02-08,2026-02-13,2026-02-15,2026-02-15,livree_a_temps,0
17ae7893-7f72-49dd-a492-aaff3052d016,9afefdbb-119c-4425-8535-6fec5127f4b6,afa25e1d-9614-4325-939a-28c9c516deaa,111,100,94.66,USD,2026-02-25,2026-03-03,2026-03-14,2026-03-24,livree_en_retard,10
9f0b8de4-089d-4d7e-be25-948307dd4d92,9afefdbb-119c-4425-8535-6fec5127f4b6,5b91061a-7430-4127-a4d5-a578817c0d7c,78,10,1888.66,USD,2026-02-26,2026-03-05,2026-03-07,2026-03-07,livree_a_temps,0
4de997ac-06b9-4622-9e29-17bca22bf7bc,9afefdbb-119c-4425-8535-6fec5127f4b6,7a95f5a9-dbad-4e44-b6b2-a2dd3f6c31f1,87,20,3512.31,USD,2026-03-07,2026-03-12,2026-03-18,2026-03-18,livree_a_temps,0
b5458a5b-0b38-48cf-858a-9cee7bbc24db,9afefdbb-119c-4425-8535-6fec5127f4b6,ddb507c6-7c41-4027-bf46-dee06e458cb7,36,50,13.91,USD,2026-03-19,2026-03-22,2026-03-27,2026-04-20,livree_en_retard,24
cf70a6f7-8c62-4b2d-adf4-0211467869d5,9afefdbb-119c-4425-8535-6fec5127f4b6,08bbc964-d812-43ef-88bc-1b75de877890,30,20,46.58,USD,2026-03-15,2026-03-21,2026-03-27,2026-03-24,livree_a_temps,-3
af64ec45-6840-45b7-9825-c2092e17db0b,9afefdbb-119c-4425-8535-6fec5127f4b6,94a69aa3-865f-4c60-b54b-595ed610efe7,32,100,23.05,USD,2026-03-13,2026-03-14,2026-03-22,2026-03-27,livree_en_retard,5
f7690a31-e894-419f-88dd-a45f13317473,9afefdbb-119c-4425-8535-6fec5127f4b6,30b648e7-ced0-442b-bcd3-dda7eba08e81,49,20,150.43,USD,2026-03-11,2026-03-20,2026-03-26,2026-04-20,livree_en_retard,25
35ed2ccf-f219-46c1-8f6a-f961af413246,9afefdbb-119c-4425-8535-6fec5127f4b6,83dde059-513e-4073-ac2a-fa13a3a1e575,51,1,106.35,USD,2026-03-21,2026-03-29,2026-04-04,2026-04-13,livree_en_retard,9
537ce61d-29ef-4213-8421-0e9fb04ac85e,9afefdbb-119c-4425-8535-6fec5127f4b6,d2e0a39b-31b3-4c7e-98cc-450466fb6a32,49,100,135.02,USD,2026-03-16,2026-03-25,2026-03-27,,annulee,
ac172577-26a1-441f-9e48-929945cd155a,9afefdbb-119c-4425-8535-6fec5127f4b6,83dde059-513e-4073-ac2a-fa13a3a1e575,52,50,76.11,USD,2026-03-03,2026-03-06,2026-03-10,2026-03-10,livree_a_temps,0
7695c4c7-0ba5-4936-8963-b84e131dc525,9afefdbb-119c-4425-8535-6fec5127f4b6,0d531816-c82c-4586-bfbc-4ebbe28b7d40,112,10,91.07,USD,2026-02-28,2026-03-05,2026-03-12,2026-03-12,livree_a_temps,0
ba09304f-3cab-4a0f-99ef-d41c7f88ed06,9afefdbb-119c-4425-8535-6fec5127f4b6,a60a399f-6dc2-43b0-86af-0b691911039a,107,10,9.54,USD,2026-03-21,2026-03-26,2026-04-07,2026-04-07,livree_a_temps,0
1abb5a8e-114f-4610-abd8-e36d0bc54e2e,9afefdbb-119c-4425-8535-6fec5127f4b6,387413d8-2f51-4f7e-9c4d-d483caa3d19d,83,1,242.13,USD,2026-04-21,2026-04-27,2026-05-06,2026-05-06,livree_a_temps,0
780e8f83-c504-4231-bf7e-3943e8faaeed,9afefdbb-119c-4425-8535-6fec5127f4b6,98ac7ba3-6167-4556-81bd-92b16919c9ca,37,5,21.93,USD,2026-04-09,2026-04-10,2026-04-15,2026-04-15,livree_a_temps,0
1aeb5fbb-8175-47bb-a83c-80ff70225982,9afefdbb-119c-4425-8535-6fec5127f4b6,36ddc887-6df4-4129-b6b2-5106f5e0328b,34,5,49.14,USD,2026-04-26,2026-04-30,2026-05-03,2026-05-03,livree_a_temps,0
33a61a2c-0f6f-43ad-8d51-865573d7befa,9afefdbb-119c-4425-8535-6fec5127f4b6,bfd258a1-15d6-405e-80cd-4cf9ed5b730d,50,20,277.32,USD,2026-04-10,2026-04-16,2026-04-21,2026-04-18,livree_a_temps,-3
b57c3305-1877-4224-973c-32421407d12c,9afefdbb-119c-4425-8535-6fec5127f4b6,98ac7ba3-6167-4556-81bd-92b16919c9ca,51,5,135.01,USD,2026-04-14,2026-04-23,2026-04-30,2026-04-30,livree_a_temps,0
56bb4c07-74be-4f86-89dd-8e622cdded44,9afefdbb-119c-4425-8535-6fec5127f4b6,833d445f-a8a6-41ba-9fde-63c65c37bdd3,113,20,27.85,USD,2026-04-03,2026-04-08,2026-04-25,2026-04-25,livree_a_temps,0
3d5efff5-b96b-4a21-96f5-effc0307e81a,9afefdbb-119c-4425-8535-6fec5127f4b6,cf511785-f907-4baa-9600-cc29a8d369e7,87,100,3188.81,USD,2026-05-16,2026-05-26,2026-05-31,,annulee,
d0073cd5-4f36-4398-932c-82898079cc3e,9afefdbb-119c-4425-8535-6fec5127f4b6,bc5b55fa-f576-4627-a4df-94b9c031ffc3,87,50,3032.32,USD,2026-05-25,2026-05-30,2026-06-03,2026-06-26,livree_en_retard,23
d6f8c02d-4392-4d43-a6ba-e6aa24b0dc94,9afefdbb-119c-4425-8535-6fec5127f4b6,c8db7681-fcca-421a-a31f-b94c4edbb479,37,100,29.46,USD,2026-04-27,2026-05-02,2026-05-13,,annulee,
3b0b5d4e-b981-4946-9f6b-f3a6ad92b5d2,9afefdbb-119c-4425-8535-6fec5127f4b6,a75b28b3-26ec-4fca-a7e0-421624813c54,31,50,42.82,USD,2026-05-23,2026-06-02,2026-06-06,2026-06-12,livree_en_retard,6
b89e9620-e513-4266-9b40-304691ab73f8,9afefdbb-119c-4425-8535-6fec5127f4b6,ce8c11a2-7764-4c69-9d3d-6efc6283c1a9,31,10,50.79,USD,2026-05-01,2026-05-09,2026-05-11,2026-05-11,livree_a_temps,0
5440cfde-c656-47bc-9cb3-85fb01114461,9afefdbb-119c-4425-8535-6fec5127f4b6,4b0da602-5f61-4d55-be93-470463212538,56,50,166.2,USD,2026-05-08,2026-05-11,2026-05-16,2026-05-20,livree_en_retard,4
5ec90d92-4999-4eeb-839f-6ae903726d0b,9afefdbb-119c-4425-8535-6fec5127f4b6,bfd258a1-15d6-405e-80cd-4cf9ed5b730d,48,100,254.34,USD,2026-05-05,2026-05-09,2026-05-21,2026-05-21,livree_a_temps,0
8c8596e7-7a23-44ba-ab2e-bcacad7118e3,9afefdbb-119c-4425-8535-6fec5127f4b6,08bbc964-d812-43ef-88bc-1b75de877890,48,20,233.95,USD,2026-04-28,2026-05-01,2026-05-02,2026-05-02,livree_a_temps,0
c0b2340c-e56a-4b8a-abc3-c1ea98f91e1a,9afefdbb-119c-4425-8535-6fec5127f4b6,edc06193-34c0-4385-9baa-404ab7a67986,114,2,17.14,USD,2026-05-20,2026-05-29,2026-06-11,2026-06-21,livree_en_retard,10
7aa9d0e2-3512-4a3b-9334-6c0ffc6d065f,9afefdbb-119c-4425-8535-6fec5127f4b6,14e13be0-90c7-4e0e-b6f8-9792e15ebc20,28,10,29.1,USD,2026-06-06,2026-06-15,2026-06-21,2026-06-21,livree_a_temps,0
cee239b7-235c-44ab-a404-00af7581fc99,9afefdbb-119c-4425-8535-6fec5127f4b6,4c414f3e-f0f0-432a-8c5f-74b77ecb5828,30,1,90.12,USD,2026-05-27,2026-06-03,2026-06-24,2026-06-24,livree_a_temps,0
567cfad6-aa83-4271-ab93-aaf4d11a8de7,9afefdbb-119c-4425-8535-6fec5127f4b6,e4b497a2-4b2e-4c1c-8bb5-dfdabd33779b,36,1,16.35,USD,2026-06-23,2026-07-02,2026-07-07,2026-07-07,livree_a_temps,0
c9c0bddd-d503-46cb-89c8-7bb1a32bd1cd,9afefdbb-119c-4425-8535-6fec5127f4b6,bd3e241f-f501-4299-ba40-37a61386691f,37,50,26.31,USD,2026-06-06,2026-06-09,2026-06-10,2026-06-10,livree_a_temps,0
e5a8edce-6b1c-4464-b82f-3c08758a355c,9afefdbb-119c-4425-8535-6fec5127f4b6,87d82af0-297c-48d8-b9bb-0d0df1927534,33,100,133.49,USD,2026-06-07,2026-06-17,2026-07-03,2026-07-03,livree_a_temps,0
0bd6b166-45e2-411e-9e62-582cf696817b,9afefdbb-119c-4425-8535-6fec5127f4b6,5a131d9a-320b-4460-b554-997bcd47bfd0,88,100,47.64,USD,2026-05-31,2026-06-09,2026-06-14,2026-06-14,livree_a_temps,0
3e9bfae0-0381-4c8c-b4d5-08af4e0d0fd2,9afefdbb-119c-4425-8535-6fec5127f4b6,d12c1c4b-c6e6-42fa-8a67-917383e19cdb,51,2,138.23,USD,2026-05-28,2026-05-30,2026-06-09,2026-06-29,livree_en_retard,20
c9e9b63c-047a-4022-b163-a5955c3f8f4b,9afefdbb-119c-4425-8535-6fec5127f4b6,98ac7ba3-6167-4556-81bd-92b16919c9ca,56,1,177.29,USD,2026-06-13,2026-06-22,2026-06-29,2026-07-08,livree_en_retard,9
3df867e7-86a8-46b9-87fd-c3b1b546bc68,9afefdbb-119c-4425-8535-6fec5127f4b6,d2e0a39b-31b3-4c7e-98cc-450466fb6a32,51,50,106.72,USD,2026-06-05,2026-06-11,2026-06-14,2026-06-14,livree_a_temps,0
26f54b92-17d3-43e6-a5be-c9597ca12148,9afefdbb-119c-4425-8535-6fec5127f4b6,4b0da602-5f61-4d55-be93-470463212538,56,5,163.13,USD,2026-06-20,2026-06-28,2026-06-29,2026-06-29,livree_a_temps,0
8b6899a0-7905-481b-9933-f98e97545453,9afefdbb-119c-4425-8535-6fec5127f4b6,00ab9818-5274-4d3b-b16c-68b4f0e95292,83,10,234.98,USD,2026-07-09,2026-07-16,2026-07-29,2026-08-01,livree_en_retard,3
456b6778-e403-4356-91cc-5e5ced304f18,9afefdbb-119c-4425-8535-6fec5127f4b6,f277c2c1-bc3c-47b9-a164-dba979311684,82,100,2226.17,USD,2026-06-28,2026-06-30,2026-07-10,2026-07-10,livree_a_temps,0
28ad50ba-7c66-4917-a136-a3936d457941,9afefdbb-119c-4425-8535-6fec5127f4b6,ce8c11a2-7764-4c69-9d3d-6efc6283c1a9,28,50,25.76,USD,2026-07-13,2026-07-21,2026-07-23,2026-07-23,livree_a_temps,0
c8a73ab9-b37f-46de-97fc-287598eebada,9afefdbb-119c-4425-8535-6fec5127f4b6,bd3e241f-f501-4299-ba40-37a61386691f,31,2,49.89,USD,2026-06-26,2026-06-28,2026-06-29,2026-06-29,livree_a_temps,0
5bc5ebf3-1b5f-4a35-9b74-d3f019c10c70,9afefdbb-119c-4425-8535-6fec5127f4b6,bfd258a1-15d6-405e-80cd-4cf9ed5b730d,48,2,331.48,USD,2026-07-07,2026-07-08,2026-07-12,2026-07-12,livree_a_temps,0
097c62bc-02e9-4c8c-b266-534f6a87decf,9afefdbb-119c-4425-8535-6fec5127f4b6,98ac7ba3-6167-4556-81bd-92b16919c9ca,49,5,129.96,USD,2026-07-25,2026-08-04,2026-08-10,2026-08-11,livree_en_retard,1
b756cf9f-6da2-416a-875a-b39b4f827540,9afefdbb-119c-4425-8535-6fec5127f4b6,98390bdc-1e93-4618-8e29-ce8ed6a4aed8,53,2,68.08,USD,2026-07-15,2026-07-23,2026-08-05,2026-08-05,livree_a_temps,0
c5a4bb3d-ff1f-46c7-a5d5-66531125f7ca,9afefdbb-119c-4425-8535-6fec5127f4b6,30b648e7-ced0-442b-bcd3-dda7eba08e81,54,5,164.5,USD,2026-07-22,2026-07-24,2026-07-27,2026-07-27,livree_a_temps,0
67f3f545-0b23-4c5d-ae2c-07133c430996,9afefdbb-119c-4425-8535-6fec5127f4b6,991dc4b6-08b9-42e3-a9a2-4413e46e5e26,106,100,170.05,USD,2026-06-28,2026-07-03,2026-07-09,2026-07-09,livree_a_temps,0
09c11a40-358c-40a2-8c78-1e2b39372ae2,9afefdbb-119c-4425-8535-6fec5127f4b6,bfd258a1-15d6-405e-80cd-4cf9ed5b730d,86,5,2515.77,USD,2026-07-31,2026-08-02,2026-08-07,2026-08-13,livree_en_retard,6
b43c7984-e0fb-469a-a9ee-23ba089e781b,9afefdbb-119c-4425-8535-6fec5127f4b6,36ddc887-6df4-4129-b6b2-5106f5e0328b,36,10,15.06,USD,2026-08-11,2026-08-19,2026-08-23,2026-08-23,livree_a_temps,0
9c4addf8-e258-4ef2-b96c-8d5035ee0188,9afefdbb-119c-4425-8535-6fec5127f4b6,5de62164-c59b-4907-ae96-7a63b4cddbb2,31,10,49.96,USD,2026-08-16,2026-08-19,2026-08-23,2026-08-23,livree_a_temps,0
368f99ba-3832-4758-bc16-91236fb7590f,9afefdbb-119c-4425-8535-6fec5127f4b6,77ad32c8-2e7a-4441-ba6f-5539ebe4560b,37,20,31.92,USD,2026-08-10,2026-08-16,2026-08-21,,annulee,
4e1e2054-b06d-4d5d-8a02-a220fe7f0dc9,9afefdbb-119c-4425-8535-6fec5127f4b6,98ac7ba3-6167-4556-81bd-92b16919c9ca,34,100,47.63,USD,2026-08-03,2026-08-05,2026-08-12,2026-08-16,livree_en_retard,4
01cea3de-2cbe-4122-916c-18ca5d2a6cdb,9afefdbb-119c-4425-8535-6fec5127f4b6,4b0da602-5f61-4d55-be93-470463212538,49,10,138.11,USD,2026-07-30,2026-08-02,2026-08-03,2026-08-07,livree_en_retard,4
40848c14-351d-4f6a-a6f0-8ae51c3738f4,9afefdbb-119c-4425-8535-6fec5127f4b6,d2e0a39b-31b3-4c7e-98cc-450466fb6a32,49,2,138.23,USD,2026-08-19,2026-08-23,2026-08-27,2026-08-27,livree_a_temps,0
ed863b31-e222-4737-a340-bbbc8a419f1a,9afefdbb-119c-4425-8535-6fec5127f4b6,30b648e7-ced0-442b-bcd3-dda7eba08e81,49,50,148.55,USD,2026-08-12,2026-08-19,2026-08-24,2026-08-26,livree_en_retard,2
635bcf0f-9692-4cbd-a721-80a64112dc53,9afefdbb-119c-4425-8535-6fec5127f4b6,c63d80ac-cb95-4bcc-a75a-1812b8f14a40,106,100,123.83,USD,2026-08-16,2026-08-25,2026-08-27,2026-08-27,livree_a_temps,0
d5743f3a-eb6a-4d54-b41f-e2bcb02d8439,9afefdbb-119c-4425-8535-6fec5127f4b6,ce8c11a2-7764-4c69-9d3d-6efc6283c1a9,111,100,84.42,USD,2026-08-11,2026-08-15,2026-08-20,2026-08-20,livree_a_temps,0
b0fe3d97-af80-4d30-bb19-499eede0df73,233431b7-94e1-4972-835b-5ab9bc49f081,f277c2c1-bc3c-47b9-a164-dba979311684,67,10,721.69,USD,2025-09-20,2025-09-25,2025-09-29,2025-09-29,livree_a_temps,0
067ad9b0-88f9-4bca-965c-7ff666df7a42,233431b7-94e1-4972-835b-5ab9bc49f081,0e0a982e-e2d6-401b-b86c-9af6ccb63233,58,20,256.02,USD,2025-09-04,2025-09-13,2025-09-20,2025-10-06,livree_en_retard,16
157d7109-f765-4536-b4dd-1cab593cb329,233431b7-94e1-4972-835b-5ab9bc49f081,08bbc964-d812-43ef-88bc-1b75de877890,80,50,587.66,USD,2025-09-11,2025-09-13,2025-09-16,2025-09-13,livree_a_temps,-3
82436d75-1970-4d5a-a977-ae08d6d6d553,233431b7-94e1-4972-835b-5ab9bc49f081,7a95f5a9-dbad-4e44-b6b2-a2dd3f6c31f1,83,50,211.28,USD,2025-09-22,2025-09-27,2025-10-10,2025-10-09,livree_a_temps,-1
fe1add64-1075-40ae-b85f-3e5b0a9f3149,233431b7-94e1-4972-835b-5ab9bc49f081,387413d8-2f51-4f7e-9c4d-d483caa3d19d,84,1,2564.82,USD,2025-09-11,2025-09-20,2025-09-24,2025-09-24,livree_a_temps,0
a2b741c1-d284-4470-a406-8e9fba2abfd2,233431b7-94e1-4972-835b-5ab9bc49f081,d2e0a39b-31b3-4c7e-98cc-450466fb6a32,78,100,1939.78,USD,2025-08-30,2025-09-09,2025-09-12,2025-09-12,livree_a_temps,0
eb2355a6-d022-493d-9126-df32476e64b0,233431b7-94e1-4972-835b-5ab9bc49f081,83dde059-513e-4073-ac2a-fa13a3a1e575,48,100,217.72,USD,2025-09-14,2025-09-17,2025-09-23,2025-09-23,livree_a_temps,0
735cd5d6-b147-45e5-9178-43f2eaa81edd,233431b7-94e1-4972-835b-5ab9bc49f081,30b648e7-ced0-442b-bcd3-dda7eba08e81,52,10,60.65,USD,2025-09-28,2025-10-05,2025-10-11,2025-10-20,livree_en_retard,9
0712d4eb-3990-4ca7-812f-dd8148b97be4,233431b7-94e1-4972-835b-5ab9bc49f081,4c414f3e-f0f0-432a-8c5f-74b77ecb5828,33,5,100.6,USD,2025-09-17,2025-09-24,2025-10-23,2025-10-23,livree_a_temps,0
99318943-96f5-44df-b642-b03334004fb9,233431b7-94e1-4972-835b-5ab9bc49f081,ce8c11a2-7764-4c69-9d3d-6efc6283c1a9,29,10,34.22,USD,2025-09-13,2025-09-14,2025-09-20,2025-09-27,livree_en_retard,7
1be0ab9d-2d6e-4dfe-aca0-b3c8c30009a4,233431b7-94e1-4972-835b-5ab9bc49f081,5a131d9a-320b-4460-b554-997bcd47bfd0,45,100,85.05,USD,2025-09-08,2025-09-09,2025-09-15,2025-09-15,livree_a_temps,0
4513650a-fe9d-49d9-b739-fba7d5c98a7d,233431b7-94e1-4972-835b-5ab9bc49f081,00ab9818-5274-4d3b-b16c-68b4f0e95292,151,20,23.17,USD,2025-09-09,2025-09-16,2025-09-23,,annulee,
c6220423-5ae5-4adb-9637-d0ecdf14bbb7,233431b7-94e1-4972-835b-5ab9bc49f081,1a873014-f873-4054-894e-8bf644612067,151,10,25.74,USD,2025-09-26,2025-10-03,2025-10-18,2025-10-16,livree_a_temps,-2
826b3942-ebfe-47dc-b988-dc3255f70058,233431b7-94e1-4972-835b-5ab9bc49f081,309121c4-a374-43b3-92e5-a2a321816170,150,10,31.51,USD,2025-09-23,2025-09-29,2025-09-30,2025-09-30,livree_a_temps,0
17d2b59a-cea2-4ad7-bb00-e0f3ea7093c5,233431b7-94e1-4972-835b-5ab9bc49f081,9906fb3f-de24-4d7f-a907-2d31c10147ec,83,5,189.8,USD,2025-10-13,2025-10-14,2025-10-17,2025-11-03,livree_en_retard,17
0c9f2647-bebb-45d3-8bc4-224cc29ab76d,233431b7-94e1-4972-835b-5ab9bc49f081,afa25e1d-9614-4325-939a-28c9c516deaa,86,2,2418.23,USD,2025-10-21,2025-10-23,2025-11-04,2025-11-04,livree_a_temps,0
687dd156-d788-4aec-98a1-d81950dca019,233431b7-94e1-4972-835b-5ab9bc49f081,98390bdc-1e93-4618-8e29-ce8ed6a4aed8,56,5,195.23,USD,2025-10-03,2025-10-12,2025-10-23,2025-10-21,livree_a_temps,-2
4e7422e5-74ed-46ab-9edd-8862ffbfd6d2,233431b7-94e1-4972-835b-5ab9bc49f081,a75b28b3-26ec-4fca-a7e0-421624813c54,36,10,14.04,USD,2025-10-08,2025-10-10,2025-10-17,2025-10-16,livree_a_temps,-1
ca3d9e9b-e783-4b04-a23f-1ec32852105f,233431b7-94e1-4972-835b-5ab9bc49f081,bd78e129-6007-46b3-89c4-44bf91d38bc2,29,50,36.89,USD,2025-10-07,2025-10-08,2025-10-22,2025-10-22,livree_a_temps,0
4af05d97-c7f5-4a0a-9ea6-0cfc703e766c,233431b7-94e1-4972-835b-5ab9bc49f081,e9e5c7af-5072-48f7-a4fc-11c95b71994c,38,2,443.59,USD,2025-10-15,2025-10-21,2025-10-25,2025-10-25,livree_a_temps,0
a93d1f84-6e41-4661-83fb-55fd55ba71bf,233431b7-94e1-4972-835b-5ab9bc49f081,38d5069e-3dbd-485e-86b7-ecbb8bbd2207,153,5,44.89,USD,2025-10-18,2025-10-21,2025-11-20,2025-11-20,livree_a_temps,0
e6bdad3c-61fb-46b9-9daf-3eab30ded0d0,233431b7-94e1-4972-835b-5ab9bc49f081,c594d23a-fd74-4e3b-877c-79b8f4c6139d,78,1,2900.83,USD,2025-11-06,2025-11-09,2025-11-20,2025-11-20,livree_a_temps,0
e6350ef2-63a7-4631-8768-db55f0ff6c30,233431b7-94e1-4972-835b-5ab9bc49f081,e62c2c04-1277-440a-8b88-e465e31f7939,87,50,3240.06,USD,2025-11-09,2025-11-11,2025-11-17,2025-11-17,livree_a_temps,0
baf8728e-4bf7-495e-ba90-6dbe9da0c16c,233431b7-94e1-4972-835b-5ab9bc49f081,bc5b55fa-f576-4627-a4df-94b9c031ffc3,85,10,3289.77,USD,2025-11-08,2025-11-15,2025-11-16,2025-11-27,livree_en_retard,11
0902359c-0e80-42c0-b342-64727cf895de,233431b7-94e1-4972-835b-5ab9bc49f081,c594d23a-fd74-4e3b-877c-79b8f4c6139d,82,5,2046.78,USD,2025-11-14,2025-11-15,2025-11-26,,annulee,
cd4c5784-4ef5-4eb2-be73-57bbecfe9c0c,233431b7-94e1-4972-835b-5ab9bc49f081,a42c50e1-e7d1-4a84-95a4-095680d78ab4,57,100,93.9,USD,2025-11-18,2025-11-27,2025-12-12,2025-12-17,livree_en_retard,5
3271e975-f556-4c73-88ac-3d3a0bdb5915,233431b7-94e1-4972-835b-5ab9bc49f081,bd78e129-6007-46b3-89c4-44bf91d38bc2,34,1,54.66,USD,2025-11-05,2025-11-14,2025-11-24,2025-11-24,livree_a_temps,0
d2321c18-83cd-47aa-bda6-7ce36149a31a,233431b7-94e1-4972-835b-5ab9bc49f081,82c6ba60-8224-461a-951d-8a4e71090f87,34,1,51.52,USD,2025-11-11,2025-11-14,2025-11-28,2025-11-28,livree_a_temps,0
2c1e8997-f2f8-4887-9b05-3e44fd92ee77,233431b7-94e1-4972-835b-5ab9bc49f081,77ad32c8-2e7a-4441-ba6f-5539ebe4560b,33,2,84.21,USD,2025-11-25,2025-12-02,2025-12-10,2025-12-10,livree_a_temps,0
bdc2d42b-f547-4f91-9dc9-ae635ebbdc46,233431b7-94e1-4972-835b-5ab9bc49f081,14e13be0-90c7-4e0e-b6f8-9792e15ebc20,35,20,53.55,USD,2025-11-04,2025-11-10,2025-11-16,2025-11-16,livree_a_temps,0
15473c9a-59a4-475a-b4bc-dc72f5381c5e,233431b7-94e1-4972-835b-5ab9bc49f081,ddb507c6-7c41-4027-bf46-dee06e458cb7,44,50,16.07,USD,2025-11-21,2025-11-28,2025-12-02,2025-12-02,livree_a_temps,0
61bacbb1-0c8d-41eb-82db-c165816bc4bc,233431b7-94e1-4972-835b-5ab9bc49f081,312ae8a1-1e93-47d8-84fe-7dd909b0e00d,153,50,39.57,USD,2025-11-25,2025-12-03,2025-12-18,2025-12-24,livree_en_retard,6
d3c8af99-9f7d-4a85-be8e-d7b9dc4f49b9,233431b7-94e1-4972-835b-5ab9bc49f081,9f9edf6f-deea-4916-baa9-bd33204ad5ab,154,20,14.25,USD,2025-11-23,2025-11-26,2025-12-08,2025-12-24,livree_en_retard,16
e3a99796-0ad9-4708-9321-dce84fb688b5,233431b7-94e1-4972-835b-5ab9bc49f081,0e0a982e-e2d6-401b-b86c-9af6ccb63233,60,5,734.5,USD,2025-12-27,2026-01-05,2026-01-12,2026-01-31,livree_en_retard,19
b7c8291f-19f6-4cc8-9011-af85de37a045,233431b7-94e1-4972-835b-5ab9bc49f081,c8db7681-fcca-421a-a31f-b94c4edbb479,86,10,2285.86,USD,2025-12-23,2025-12-29,2026-01-05,2026-01-15,livree_en_retard,10
741f5dc1-9833-4871-9339-a4abbaa46444,233431b7-94e1-4972-835b-5ab9bc49f081,b851354a-28e7-49f5-a104-ad902f5bda28,85,5,3021.07,USD,2025-12-17,2025-12-21,2025-12-24,2026-01-04,livree_en_retard,11
794159a0-06f6-400e-8da6-aa7ea9c0282f,233431b7-94e1-4972-835b-5ab9bc49f081,b851354a-28e7-49f5-a104-ad902f5bda28,80,5,502.97,USD,2025-12-03,2025-12-13,2025-12-18,2025-12-16,livree_a_temps,-2
a2027ac8-f2f8-418b-ae4a-ad598f905362,233431b7-94e1-4972-835b-5ab9bc49f081,87d82af0-297c-48d8-b9bb-0d0df1927534,52,1,106.5,USD,2025-12-01,2025-12-02,2025-12-28,2026-01-07,livree_en_retard,10
53c1d0e4-2230-4ad2-a550-8fe4da2c6584,233431b7-94e1-4972-835b-5ab9bc49f081,c8db7681-fcca-421a-a31f-b94c4edbb479,37,10,26.82,USD,2025-12-15,2025-12-17,2025-12-31,2025-12-31,livree_a_temps,0
99033d30-0dbe-43cb-a0ad-3f05404bc50c,233431b7-94e1-4972-835b-5ab9bc49f081,e4b497a2-4b2e-4c1c-8bb5-dfdabd33779b,37,100,23.02,USD,2025-12-15,2025-12-21,2025-12-23,2026-01-02,livree_en_retard,10
35fddf44-cf4e-40b4-b187-910ab92a873c,233431b7-94e1-4972-835b-5ab9bc49f081,cf511785-f907-4baa-9600-cc29a8d369e7,47,1,277.82,USD,2025-12-19,2025-12-21,2025-12-25,2026-01-01,livree_en_retard,7
d318fdd1-b871-4d08-92c3-d3fe302be85a,233431b7-94e1-4972-835b-5ab9bc49f081,bfd258a1-15d6-405e-80cd-4cf9ed5b730d,47,50,356.01,USD,2025-12-14,2025-12-19,2025-12-26,2026-01-04,livree_en_retard,9
64e27af8-55e0-45f8-b11a-3a9ddffda0fa,233431b7-94e1-4972-835b-5ab9bc49f081,00ab9818-5274-4d3b-b16c-68b4f0e95292,153,2,38.2,USD,2025-12-25,2026-01-03,2026-01-17,2026-01-17,livree_a_temps,0
2bc09ac5-d6f7-412d-abb7-6ae7d5d80683,233431b7-94e1-4972-835b-5ab9bc49f081,afa25e1d-9614-4325-939a-28c9c516deaa,86,2,2169.56,USD,2026-01-12,2026-01-16,2026-01-20,2026-01-19,livree_a_temps,-1
1790ee40-78b9-4963-8f74-65e7ed6939a7,233431b7-94e1-4972-835b-5ab9bc49f081,b851354a-28e7-49f5-a104-ad902f5bda28,82,5,1974.66,USD,2026-01-20,2026-01-22,2026-01-25,,annulee,
f53778f6-8236-4fe6-b3c8-0725e10d70a6,233431b7-94e1-4972-835b-5ab9bc49f081,e62c2c04-1277-440a-8b88-e465e31f7939,84,1,1969.98,USD,2026-01-17,2026-01-25,2026-01-31,2026-02-21,livree_en_retard,21
3e3a0d15-c91f-421d-b971-70b4528ff4b1,233431b7-94e1-4972-835b-5ab9bc49f081,9906fb3f-de24-4d7f-a907-2d31c10147ec,81,10,3851.9,USD,2026-01-05,2026-01-07,2026-01-10,2026-01-10,livree_a_temps,0
8760c2b7-93cc-4141-8574-b8c21c6dc399,233431b7-94e1-4972-835b-5ab9bc49f081,00ab9818-5274-4d3b-b16c-68b4f0e95292,81,100,4394.84,USD,2026-01-21,2026-01-31,2026-02-05,2026-02-05,livree_a_temps,0
05b66ad4-6aa1-499f-91ce-98f0617bcfbf,233431b7-94e1-4972-835b-5ab9bc49f081,98ac7ba3-6167-4556-81bd-92b16919c9ca,57,10,85.07,USD,2026-01-08,2026-01-17,2026-01-20,2026-01-20,livree_a_temps,0
66352792-9c81-491a-9a05-9619b631ce16,233431b7-94e1-4972-835b-5ab9bc49f081,98ac7ba3-6167-4556-81bd-92b16919c9ca,57,20,100.77,USD,2026-01-22,2026-01-31,2026-02-04,2026-02-03,livree_a_temps,-1
d519a60a-32b6-4b07-9549-32ce3f3ce70c,233431b7-94e1-4972-835b-5ab9bc49f081,65c02af0-837c-45f5-91bd-6ad4308cb818,30,5,67.92,USD,2026-01-19,2026-01-23,2026-01-29,2026-01-29,livree_a_temps,0
a23c34dd-0134-42c8-80a4-01ff9155b377,233431b7-94e1-4972-835b-5ab9bc49f081,82c6ba60-8224-461a-951d-8a4e71090f87,28,1,33.73,USD,2026-01-18,2026-01-21,2026-02-03,2026-02-03,livree_a_temps,0
724cfede-4c2d-46a0-8ae0-138b950043ee,233431b7-94e1-4972-835b-5ab9bc49f081,bbad2cc4-4ca4-49de-a7ad-9aedb833182e,45,10,94.67,USD,2026-01-03,2026-01-10,2026-01-19,2026-01-19,livree_a_temps,0
42617c64-cd12-43c3-9ddf-57959372a086,233431b7-94e1-4972-835b-5ab9bc49f081,ddb507c6-7c41-4027-bf46-dee06e458cb7,45,1,80.12,USD,2026-01-07,2026-01-15,2026-01-22,2026-01-28,livree_en_retard,6
aaf99120-0cb3-4838-b6af-10bbbf52fc11,233431b7-94e1-4972-835b-5ab9bc49f081,38d5069e-3dbd-485e-86b7-ecbb8bbd2207,149,1,7.75,USD,2025-12-29,2026-01-03,2026-01-28,2026-02-01,livree_en_retard,4
e76616d5-fe0a-4cb9-8a6b-f7bfef99adc3,233431b7-94e1-4972-835b-5ab9bc49f081,9f9edf6f-deea-4916-baa9-bd33204ad5ab,150,5,41.86,USD,2026-01-13,2026-01-16,2026-01-20,2026-01-20,livree_a_temps,0
d558a46a-d072-491b-944b-6a7c0a423e81,233431b7-94e1-4972-835b-5ab9bc49f081,e46c25a1-05f4-493c-a89e-938d1791b3d2,58,5,392.21,USD,2026-01-30,2026-02-03,2026-02-25,2026-02-25,livree_a_temps,0
299a7ba4-9ec5-45d1-977a-6dcaa19c2852,233431b7-94e1-4972-835b-5ab9bc49f081,d2e0a39b-31b3-4c7e-98cc-450466fb6a32,82,5,1812.14,USD,2026-02-15,2026-02-20,2026-02-27,2026-02-25,livree_a_temps,-2
515bf585-6b53-4a1b-8bd8-845ccf568f9b,233431b7-94e1-4972-835b-5ab9bc49f081,bfd258a1-15d6-405e-80cd-4cf9ed5b730d,82,50,1937.8,USD,2026-02-01,2026-02-11,2026-02-24,2026-02-21,livree_a_temps,-3
4e3e0a51-c68c-4005-a7eb-94623753db64,233431b7-94e1-4972-835b-5ab9bc49f081,93dcbfe8-ed77-4ec4-935f-f1a2240ba7c4,85,1,3862.35,USD,2026-02-12,2026-02-17,2026-02-25,2026-03-16,livree_en_retard,19
58372007-f520-4ff8-aa9a-348a323f70e6,233431b7-94e1-4972-835b-5ab9bc49f081,2e046788-aa07-4595-8d13-bda912cb3837,84,2,1826.4,USD,2026-02-14,2026-02-20,2026-02-21,2026-03-01,livree_en_retard,8
d333573b-fd78-44a2-b3f2-f4421bc29425,233431b7-94e1-4972-835b-5ab9bc49f081,4b0da602-5f61-4d55-be93-470463212538,54,50,158.74,USD,2026-02-04,2026-02-12,2026-02-14,2026-02-14,livree_a_temps,0
cc15ef93-8d8e-4505-ad84-6d8ed4dcbcbf,233431b7-94e1-4972-835b-5ab9bc49f081,83dde059-513e-4073-ac2a-fa13a3a1e575,51,10,115.58,USD,2026-02-24,2026-03-04,2026-03-08,,annulee,
be193e41-b46d-47e5-8e97-f1d7bbee4e79,233431b7-94e1-4972-835b-5ab9bc49f081,77ad32c8-2e7a-4441-ba6f-5539ebe4560b,28,5,36.64,USD,2026-01-31,2026-02-03,2026-02-12,2026-02-13,livree_en_retard,1
e470f120-1db4-4516-a9f1-d0ee4748fc57,233431b7-94e1-4972-835b-5ab9bc49f081,ddb507c6-7c41-4027-bf46-dee06e458cb7,36,10,14.9,USD,2026-01-29,2026-02-07,2026-02-09,2026-02-09,livree_a_temps,0
cc6db5f1-737a-4fe9-8988-ca7631da6d1e,233431b7-94e1-4972-835b-5ab9bc49f081,5b5cb032-bcb4-4e20-9df6-1e0e66b4f0d6,36,100,22.96,USD,2026-01-27,2026-02-06,2026-03-05,2026-03-05,livree_a_temps,0
4cbe57cb-b6ea-4a6a-968c-40830f791530,233431b7-94e1-4972-835b-5ab9bc49f081,309121c4-a374-43b3-92e5-a2a321816170,43,5,250.52,USD,2026-02-05,2026-02-14,2026-02-16,2026-02-16,livree_a_temps,0
825876a2-f7d5-4ad3-8f25-598c2db4b8d6,233431b7-94e1-4972-835b-5ab9bc49f081,a60a399f-6dc2-43b0-86af-0b691911039a,40,100,334,USD,2026-01-29,2026-02-08,2026-02-21,2026-02-21,livree_a_temps,0
0fde14b3-347f-4437-b46b-2db8541eab35,233431b7-94e1-4972-835b-5ab9bc49f081,cf511785-f907-4baa-9600-cc29a8d369e7,44,20,18.41,USD,2026-02-18,2026-02-25,2026-03-04,2026-03-04,livree_a_temps,0
fcb56685-3628-4ad2-8d49-b2c63e50ca2d,233431b7-94e1-4972-835b-5ab9bc49f081,9f9edf6f-deea-4916-baa9-bd33204ad5ab,147,10,32.56,USD,2026-02-05,2026-02-12,2026-02-21,2026-02-21,livree_a_temps,0
ee9adc68-7dec-469a-b4ce-a0f58a9637a3,233431b7-94e1-4972-835b-5ab9bc49f081,94a69aa3-865f-4c60-b54b-595ed610efe7,145,5,22.75,USD,2026-02-11,2026-02-19,2026-03-01,2026-02-28,livree_a_temps,-1
2b7217d4-f1a3-4d6c-bce4-4aad0f34d058,233431b7-94e1-4972-835b-5ab9bc49f081,1a873014-f873-4054-894e-8bf644612067,146,5,3.58,USD,2026-02-14,2026-02-15,2026-03-01,,annulee,
76bdc447-09d1-4207-a013-cb8f016fdce0,233431b7-94e1-4972-835b-5ab9bc49f081,bd3e241f-f501-4299-ba40-37a61386691f,62,20,249.84,USD,2026-02-26,2026-03-05,2026-03-12,2026-03-12,livree_a_temps,0
0f8fc070-0a79-41d1-b8b9-6b9cbae35f73,233431b7-94e1-4972-835b-5ab9bc49f081,7a95f5a9-dbad-4e44-b6b2-a2dd3f6c31f1,87,1,3128.79,USD,2026-03-23,2026-04-02,2026-04-17,2026-04-18,livree_en_retard,1
3267731c-1c05-46e4-8e03-10c73b16d72a,233431b7-94e1-4972-835b-5ab9bc49f081,9906fb3f-de24-4d7f-a907-2d31c10147ec,81,100,3890.38,USD,2026-03-25,2026-03-28,2026-04-04,2026-04-04,livree_a_temps,0
c0d70c6a-974c-425f-9444-72884c6096f4,233431b7-94e1-4972-835b-5ab9bc49f081,f277c2c1-bc3c-47b9-a164-dba979311684,84,5,2158.52,USD,2026-03-05,2026-03-15,2026-03-25,2026-03-25,livree_a_temps,0
34deb5b0-0995-4e38-8ebc-99e961db0c11,233431b7-94e1-4972-835b-5ab9bc49f081,387413d8-2f51-4f7e-9c4d-d483caa3d19d,79,1,103.81,USD,2026-03-10,2026-03-12,2026-03-22,2026-03-22,livree_a_temps,0
2e1fafaf-7558-4f4a-b9c8-4d9928d5bf6e,233431b7-94e1-4972-835b-5ab9bc49f081,5b91061a-7430-4127-a4d5-a578817c0d7c,78,50,1860.37,USD,2026-03-03,2026-03-07,2026-03-10,,annulee,
e38f4d6d-0f1a-4036-92d6-0d2ab27920ba,233431b7-94e1-4972-835b-5ab9bc49f081,98390bdc-1e93-4618-8e29-ce8ed6a4aed8,55,20,197.25,USD,2026-03-24,2026-03-28,2026-04-05,2026-04-05,livree_a_temps,0
1473702f-37b2-4d54-b535-11dcb7acbbc0,233431b7-94e1-4972-835b-5ab9bc49f081,98ac7ba3-6167-4556-81bd-92b16919c9ca,56,20,133.6,USD,2026-03-11,2026-03-20,2026-03-27,2026-03-28,livree_en_retard,1
6572c755-f337-4c35-873e-dfb2638e3b1d,233431b7-94e1-4972-835b-5ab9bc49f081,833d445f-a8a6-41ba-9fde-63c65c37bdd3,33,1,115.99,USD,2026-03-25,2026-03-31,2026-04-23,2026-04-23,livree_a_temps,0
f622c95e-082a-4017-be60-578fea4af049,233431b7-94e1-4972-835b-5ab9bc49f081,5de62164-c59b-4907-ae96-7a63b4cddbb2,32,10,17.65,USD,2026-03-08,2026-03-12,2026-03-14,2026-03-22,livree_en_retard,8
137873c3-4eea-4e22-b670-ec29394d5217,233431b7-94e1-4972-835b-5ab9bc49f081,ddb507c6-7c41-4027-bf46-dee06e458cb7,30,100,50.52,USD,2026-03-12,2026-03-15,2026-03-18,2026-03-18,livree_a_temps,0
034164ab-1737-4003-9cfc-b8d171eead2c,233431b7-94e1-4972-835b-5ab9bc49f081,309121c4-a374-43b3-92e5-a2a321816170,40,5,209.35,USD,2026-03-05,2026-03-08,2026-03-14,2026-03-22,livree_en_retard,8
e335226a-1e78-4abc-a01b-ad9f890ba84a,233431b7-94e1-4972-835b-5ab9bc49f081,50c1784a-9dd7-49d3-a367-b49e81d4fcc9,145,10,17.38,USD,2026-03-17,2026-03-21,2026-03-24,2026-03-24,livree_a_temps,0
7be0c6a9-a12a-4a19-bef1-b960fea89c3e,233431b7-94e1-4972-835b-5ab9bc49f081,38d5069e-3dbd-485e-86b7-ecbb8bbd2207,154,100,18.87,USD,2026-03-19,2026-03-29,2026-04-21,2026-04-24,livree_en_retard,3
617714a4-fb21-4484-b5c9-b8f028547ae4,233431b7-94e1-4972-835b-5ab9bc49f081,2b00fc0c-0608-4168-b9e2-82ed521d1c75,59,5,600.31,USD,2026-04-08,2026-04-14,2026-04-20,2026-04-21,livree_en_retard,1
728dd07d-ecdc-48da-8fcb-2e20f111e0d8,233431b7-94e1-4972-835b-5ab9bc49f081,5b91061a-7430-4127-a4d5-a578817c0d7c,81,10,3602.93,USD,2026-04-01,2026-04-09,2026-04-13,2026-04-13,livree_a_temps,0
eb66c802-c454-4778-b313-d38dc8602c43,233431b7-94e1-4972-835b-5ab9bc49f081,b851354a-28e7-49f5-a104-ad902f5bda28,80,1,524.25,USD,2026-04-03,2026-04-05,2026-04-10,2026-04-21,livree_en_retard,11
e5c7128e-857b-4474-920d-eded391a5e8b,233431b7-94e1-4972-835b-5ab9bc49f081,c8db7681-fcca-421a-a31f-b94c4edbb479,29,10,36.47,USD,2026-04-01,2026-04-03,2026-04-17,,annulee,
3cf0c952-ba2e-4ff1-8547-85dd40c369fc,233431b7-94e1-4972-835b-5ab9bc49f081,ce8c11a2-7764-4c69-9d3d-6efc6283c1a9,32,2,16.28,USD,2026-04-11,2026-04-16,2026-04-20,2026-04-20,livree_a_temps,0
989fb1f8-0cbe-4c7c-982a-45767e876817,233431b7-94e1-4972-835b-5ab9bc49f081,1b9d31e8-58e9-410c-97a5-1dba9298c645,33,5,78.04,USD,2026-04-10,2026-04-12,2026-04-17,2026-04-18,livree_en_retard,1
c85b08b8-8759-4b77-9111-2e713924fa34,233431b7-94e1-4972-835b-5ab9bc49f081,98ac7ba3-6167-4556-81bd-92b16919c9ca,30,20,49.64,USD,2026-04-26,2026-05-02,2026-05-09,2026-05-09,livree_a_temps,0
fcad7e5f-d2cc-43e7-8d58-b2d5417f00ac,233431b7-94e1-4972-835b-5ab9bc49f081,0cce90f0-eef2-49a4-8655-7cf84beedd5a,39,5,1.66,USD,2026-03-28,2026-04-02,2026-04-04,2026-04-04,livree_a_temps,0
510d15e7-07ef-4978-900c-fcc8f854f968,233431b7-94e1-4972-835b-5ab9bc49f081,bfd258a1-15d6-405e-80cd-4cf9ed5b730d,42,100,141.48,USD,2026-03-29,2026-04-02,2026-04-11,2026-04-11,livree_a_temps,0
466198f0-40c6-494a-91cf-13e3c9329a00,233431b7-94e1-4972-835b-5ab9bc49f081,bfd258a1-15d6-405e-80cd-4cf9ed5b730d,45,10,82.56,USD,2026-03-30,2026-04-05,2026-04-13,2026-04-13,livree_a_temps,0
d3ec3581-921f-4f25-beae-f9a8fb0ed0e4,233431b7-94e1-4972-835b-5ab9bc49f081,309121c4-a374-43b3-92e5-a2a321816170,151,10,24.9,USD,2026-04-01,2026-04-04,2026-04-10,2026-04-10,livree_a_temps,0
012f1286-9036-4629-8340-be888ae8670b,233431b7-94e1-4972-835b-5ab9bc49f081,309121c4-a374-43b3-92e5-a2a321816170,153,5,31.99,USD,2026-04-24,2026-05-04,2026-05-05,2026-05-05,livree_a_temps,0
1c1a4366-dbc6-4596-8b2a-65bea02f9b2b,233431b7-94e1-4972-835b-5ab9bc49f081,5b91061a-7430-4127-a4d5-a578817c0d7c,85,10,3193.89,USD,2026-05-14,2026-05-18,2026-05-19,2026-05-26,livree_en_retard,7
b48ae4ab-e8a8-4ead-933d-e1bdbd9400e7,233431b7-94e1-4972-835b-5ab9bc49f081,e62c2c04-1277-440a-8b88-e465e31f7939,87,2,2905.23,USD,2026-05-06,2026-05-07,2026-05-12,2026-05-09,livree_a_temps,-3
d7d69a9a-eb3e-4fd8-86da-bff69268632e,233431b7-94e1-4972-835b-5ab9bc49f081,b851354a-28e7-49f5-a104-ad902f5bda28,79,1,80.3,USD,2026-05-20,2026-05-30,2026-06-05,2026-06-27,livree_en_retard,22
6a8c3540-e88d-4967-95a1-4acf129293fd,233431b7-94e1-4972-835b-5ab9bc49f081,cf511785-f907-4baa-9600-cc29a8d369e7,84,20,2003.11,USD,2026-05-14,2026-05-17,2026-05-19,2026-06-02,livree_en_retard,14
ecf31a75-c77a-461f-a492-e5ce137c5619,233431b7-94e1-4972-835b-5ab9bc49f081,98ac7ba3-6167-4556-81bd-92b16919c9ca,55,1,194.06,USD,2026-05-01,2026-05-02,2026-05-06,2026-05-06,livree_a_temps,0
37c0907b-8916-4de9-a880-aa20bed316c4,233431b7-94e1-4972-835b-5ab9bc49f081,bfd258a1-15d6-405e-80cd-4cf9ed5b730d,54,20,191.57,USD,2026-05-08,2026-05-15,2026-05-20,2026-05-20,livree_a_temps,0
882e542f-af05-424e-8785-19ec95bcdd1b,233431b7-94e1-4972-835b-5ab9bc49f081,94a69aa3-865f-4c60-b54b-595ed610efe7,36,1,18.39,USD,2026-04-29,2026-05-04,2026-05-18,2026-05-20,livree_en_retard,2
01be7ca6-72d2-45bd-9609-46d31939955d,233431b7-94e1-4972-835b-5ab9bc49f081,87d82af0-297c-48d8-b9bb-0d0df1927534,29,20,51.27,USD,2026-04-29,2026-05-07,2026-05-27,2026-05-27,livree_a_temps,0
1bcb1099-6ee4-44b8-a16d-399db38e3373,233431b7-94e1-4972-835b-5ab9bc49f081,c8db7681-fcca-421a-a31f-b94c4edbb479,29,20,38.83,USD,2026-04-30,2026-05-06,2026-05-11,2026-05-14,livree_en_retard,3
6bb26cbb-0a1a-46b0-bb02-32270340d336,233431b7-94e1-4972-835b-5ab9bc49f081,ddb507c6-7c41-4027-bf46-dee06e458cb7,42,5,114.62,USD,2026-05-20,2026-05-27,2026-06-01,2026-06-01,livree_a_temps,0
6f19649f-d590-4dc2-9940-d2f71b6efa22,233431b7-94e1-4972-835b-5ab9bc49f081,ea9c09fd-b9a0-475d-bc81-a35547b24556,40,2,231.95,USD,2026-05-12,2026-05-21,2026-05-23,2026-05-28,livree_en_retard,5
cb9b1eaf-305c-46b0-84fb-55901e2e6c73,233431b7-94e1-4972-835b-5ab9bc49f081,312ae8a1-1e93-47d8-84fe-7dd909b0e00d,150,5,42.48,USD,2026-05-22,2026-05-23,2026-06-05,2026-06-05,livree_a_temps,0
e4fbbcd5-dd83-4e8d-aa39-086ff9c7eccb,233431b7-94e1-4972-835b-5ab9bc49f081,407d77ef-d535-4c56-964d-914caca299ef,146,5,4.15,USD,2026-05-17,2026-05-19,2026-06-17,2026-06-17,livree_a_temps,0
41ea2c42-1e35-4fb0-be8b-843499988ab3,233431b7-94e1-4972-835b-5ab9bc49f081,14e13be0-90c7-4e0e-b6f8-9792e15ebc20,67,5,510.24,USD,2026-05-31,2026-06-07,2026-06-10,2026-06-10,livree_a_temps,0
d251ce34-4807-4f42-a29a-a1550b545b12,233431b7-94e1-4972-835b-5ab9bc49f081,afa25e1d-9614-4325-939a-28c9c516deaa,78,1,2313.02,USD,2026-06-17,2026-06-23,2026-06-27,2026-06-27,livree_a_temps,0
c8ed71fc-47f9-4dc4-b2fe-14ab1c882c23,233431b7-94e1-4972-835b-5ab9bc49f081,afa25e1d-9614-4325-939a-28c9c516deaa,82,2,2158.97,USD,2026-06-23,2026-06-30,2026-07-15,2026-07-23,livree_en_retard,8
ee1634fe-08dd-4abb-a1fb-5ff317f76d9c,233431b7-94e1-4972-835b-5ab9bc49f081,4b0da602-5f61-4d55-be93-470463212538,52,5,61.93,USD,2026-06-05,2026-06-13,2026-06-16,2026-06-18,livree_en_retard,2
ec5c9756-7d1b-4efb-a8f7-f9afe24ee707,233431b7-94e1-4972-835b-5ab9bc49f081,98ac7ba3-6167-4556-81bd-92b16919c9ca,29,1,37.56,USD,2026-06-17,2026-06-18,2026-06-19,2026-06-19,livree_a_temps,0
171d17ea-4c55-4af0-ba1d-7a9b502468cb,233431b7-94e1-4972-835b-5ab9bc49f081,5de62164-c59b-4907-ae96-7a63b4cddbb2,34,1,41.96,USD,2026-06-21,2026-07-01,2026-07-08,2026-07-08,livree_a_temps,0
7e7b2e88-c1a7-4a29-8b1a-c9ba7a7a5f4e,233431b7-94e1-4972-835b-5ab9bc49f081,14e13be0-90c7-4e0e-b6f8-9792e15ebc20,30,20,55.45,USD,2026-06-18,2026-06-26,2026-07-03,2026-07-03,livree_a_temps,0
4c1f0e4a-b539-49e2-9785-7d255f20ff7f,233431b7-94e1-4972-835b-5ab9bc49f081,0cce90f0-eef2-49a4-8655-7cf84beedd5a,45,5,78.6,USD,2026-06-05,2026-06-10,2026-06-13,2026-06-30,livree_en_retard,17
9692a473-41d5-496f-bb50-f4cceb77c6eb,233431b7-94e1-4972-835b-5ab9bc49f081,c4e0701e-3e92-47c1-8df5-3b6a15b8f13d,47,5,338.17,USD,2026-06-20,2026-06-29,2026-07-11,2026-07-15,livree_en_retard,4
2ae1cac0-c329-4919-aeab-4c2a2e98028c,233431b7-94e1-4972-835b-5ab9bc49f081,312ae8a1-1e93-47d8-84fe-7dd909b0e00d,151,10,28.44,USD,2026-06-16,2026-06-24,2026-06-30,2026-07-07,livree_en_retard,7
7dd23429-a284-4e10-8fc0-14f5a39b4d3c,233431b7-94e1-4972-835b-5ab9bc49f081,38d5069e-3dbd-485e-86b7-ecbb8bbd2207,154,5,23.86,USD,2026-06-11,2026-06-12,2026-06-26,2026-06-26,livree_a_temps,0
14f47a68-91e8-4648-a1ee-4e15a229d7d9,233431b7-94e1-4972-835b-5ab9bc49f081,0e0a982e-e2d6-401b-b86c-9af6ccb63233,67,2,560.75,USD,2026-07-02,2026-07-04,2026-07-10,,annulee,
19cb4b53-3990-4e89-882d-b76b5d7ace68,233431b7-94e1-4972-835b-5ab9bc49f081,2b00fc0c-0608-4168-b9e2-82ed521d1c75,61,100,549.34,USD,2026-07-11,2026-07-14,2026-07-21,2026-08-04,livree_en_retard,14
e6ade183-51de-46d7-a86e-25bb010fb013,233431b7-94e1-4972-835b-5ab9bc49f081,2e046788-aa07-4595-8d13-bda912cb3837,82,1,1816.83,USD,2026-06-27,2026-07-05,2026-07-06,2026-07-25,livree_en_retard,19
ea0eb972-66f6-4ec5-9693-5dfa4060a71f,233431b7-94e1-4972-835b-5ab9bc49f081,cf511785-f907-4baa-9600-cc29a8d369e7,78,2,2218.61,USD,2026-07-08,2026-07-11,2026-07-13,2026-07-13,livree_a_temps,0
0b08df2b-b9be-4ec7-aa08-9571fd57338a,233431b7-94e1-4972-835b-5ab9bc49f081,afa25e1d-9614-4325-939a-28c9c516deaa,80,100,686.93,USD,2026-07-15,2026-07-18,2026-07-22,,annulee,
859bb4c9-4963-46ee-a646-7d852d38888b,233431b7-94e1-4972-835b-5ab9bc49f081,2e046788-aa07-4595-8d13-bda912cb3837,79,1,81.57,USD,2026-07-11,2026-07-14,2026-07-17,2026-08-05,livree_en_retard,19
a7bc0f8e-093a-4169-93de-182633494a64,233431b7-94e1-4972-835b-5ab9bc49f081,d12c1c4b-c6e6-42fa-8a67-917383e19cdb,49,50,185.48,USD,2026-07-16,2026-07-24,2026-08-06,2026-08-16,livree_en_retard,10
58656fb9-ca58-4ae6-9958-42883dfd06b7,233431b7-94e1-4972-835b-5ab9bc49f081,87d82af0-297c-48d8-b9bb-0d0df1927534,50,20,380.15,USD,2026-07-02,2026-07-05,2026-08-04,2026-08-04,livree_a_temps,0
63de1594-6afa-45e4-8bbd-7fe7e5c31b17,233431b7-94e1-4972-835b-5ab9bc49f081,5b5cb032-bcb4-4e20-9df6-1e0e66b4f0d6,36,10,20.85,USD,2026-07-15,2026-07-19,2026-08-04,2026-08-04,livree_a_temps,0
11c0b67e-6f4c-4fa1-abe6-243adf1605d3,233431b7-94e1-4972-835b-5ab9bc49f081,5b5cb032-bcb4-4e20-9df6-1e0e66b4f0d6,35,5,74.87,USD,2026-07-03,2026-07-07,2026-08-01,2026-08-01,livree_a_temps,0
1645b5fd-506c-4de2-b1c9-eeffc37d9005,233431b7-94e1-4972-835b-5ab9bc49f081,65c02af0-837c-45f5-91bd-6ad4308cb818,32,2,21.46,USD,2026-07-20,2026-07-24,2026-07-31,2026-07-31,livree_a_temps,0
17808f08-b1ed-4117-8716-e669393321de,233431b7-94e1-4972-835b-5ab9bc49f081,bd78e129-6007-46b3-89c4-44bf91d38bc2,34,50,54.91,USD,2026-07-02,2026-07-08,2026-07-19,,annulee,
b173818d-2741-409e-97a2-8d384f02a16f,233431b7-94e1-4972-835b-5ab9bc49f081,c8db7681-fcca-421a-a31f-b94c4edbb479,32,20,21.17,USD,2026-07-12,2026-07-20,2026-07-24,2026-07-28,livree_en_retard,4
40eb35ee-714d-4f6f-ae73-edc989cb52b1,233431b7-94e1-4972-835b-5ab9bc49f081,ddb507c6-7c41-4027-bf46-dee06e458cb7,42,20,122.29,USD,2026-07-16,2026-07-22,2026-07-24,2026-07-27,livree_en_retard,3
acc78ad0-4259-4be2-9b9b-0c0191d89774,233431b7-94e1-4972-835b-5ab9bc49f081,a60a399f-6dc2-43b0-86af-0b691911039a,47,5,428.11,USD,2026-07-21,2026-07-31,2026-08-15,2026-08-15,livree_a_temps,0
8c4274ad-442c-4345-b6a4-c0c2a78533af,233431b7-94e1-4972-835b-5ab9bc49f081,50c1784a-9dd7-49d3-a367-b49e81d4fcc9,152,2,19.32,USD,2026-07-23,2026-07-24,2026-07-30,2026-08-09,livree_en_retard,10
a370ef83-e6c6-4c6a-97f6-f0e9e764a3a7,233431b7-94e1-4972-835b-5ab9bc49f081,c594d23a-fd74-4e3b-877c-79b8f4c6139d,78,5,2754.25,USD,2026-08-12,2026-08-22,2026-09-01,,en_cours,
27b05102-e276-4e6c-9e29-804c5e0a6c58,233431b7-94e1-4972-835b-5ab9bc49f081,7a95f5a9-dbad-4e44-b6b2-a2dd3f6c31f1,78,2,2283.68,USD,2026-07-30,2026-08-08,2026-08-19,2026-08-19,livree_a_temps,0
be72b8f0-cf17-4439-ba81-bc1268e1884b,233431b7-94e1-4972-835b-5ab9bc49f081,5b91061a-7430-4127-a4d5-a578817c0d7c,83,50,171.21,USD,2026-08-08,2026-08-16,2026-08-21,2026-08-21,livree_a_temps,0
38decb77-6e1b-49e3-b591-d469fa024fba,233431b7-94e1-4972-835b-5ab9bc49f081,98ac7ba3-6167-4556-81bd-92b16919c9ca,49,100,141.4,USD,2026-08-24,2026-08-26,2026-09-02,,en_cours,
02908e63-d581-4e72-9f5a-e94bedbee1da,233431b7-94e1-4972-835b-5ab9bc49f081,bd78e129-6007-46b3-89c4-44bf91d38bc2,35,10,57.61,USD,2026-08-17,2026-08-27,2026-09-09,,en_cours,
764bf459-625f-4956-aec9-c509f78ea8a4,233431b7-94e1-4972-835b-5ab9bc49f081,38c992e5-31f4-482c-8b98-64f368b058d2,30,50,57.49,USD,2026-08-14,2026-08-22,2026-08-26,2026-08-26,livree_a_temps,0
80948e5e-3d44-46ed-a62a-4ab5ca5f0d6e,233431b7-94e1-4972-835b-5ab9bc49f081,14e13be0-90c7-4e0e-b6f8-9792e15ebc20,35,2,49.48,USD,2026-08-20,2026-08-28,2026-09-02,,en_cours,
9cf35fa7-e3d1-425d-9b8c-481f99b42542,233431b7-94e1-4972-835b-5ab9bc49f081,ddb507c6-7c41-4027-bf46-dee06e458cb7,41,5,267.83,USD,2026-08-15,2026-08-18,2026-08-25,2026-08-25,livree_a_temps,0
54695961-9826-4982-a04b-ae20a7a3ab4a,233431b7-94e1-4972-835b-5ab9bc49f081,0cce90f0-eef2-49a4-8655-7cf84beedd5a,42,5,113.55,USD,2026-08-24,2026-09-02,2026-09-04,,en_cours,
e7410083-bc5d-4419-bec7-eb728899d5f1,233431b7-94e1-4972-835b-5ab9bc49f081,309121c4-a374-43b3-92e5-a2a321816170,40,2,213.17,USD,2026-08-12,2026-08-18,2026-08-24,,annulee,
8e676ef8-2222-4cd4-9fa8-b21ac9daa74d,233431b7-94e1-4972-835b-5ab9bc49f081,312ae8a1-1e93-47d8-84fe-7dd909b0e00d,146,10,4.2,USD,2026-08-18,2026-08-26,2026-09-04,,en_cours,
fcf65420-4372-40ed-bc82-63e8f4b2de54,233431b7-94e1-4972-835b-5ab9bc49f081,1a873014-f873-4054-894e-8bf644612067,147,100,29.64,USD,2026-07-31,2026-08-06,2026-08-20,2026-08-29,livree_en_retard,9
effcd0b6-b6b8-475f-b08b-62ddd9794e0d,233431b7-94e1-4972-835b-5ab9bc49f081,9a6f40c5-41c3-4f2b-a7ab-e42a48773101,150,5,37.71,USD,2026-08-16,2026-08-19,2026-08-22,2026-08-22,livree_a_temps,0
3e8314f7-8a4f-4774-820c-9786739e9e3a,ae000a4f-dbc2-4247-b4b4-3635d5f0ab1c,1613efa3-4f0b-4713-a9d9-eca2162168d0,74,20,49.67,USD,2025-09-07,2025-09-14,2025-10-02,2025-10-02,livree_a_temps,0
617e49a8-5154-4120-acbf-002502c1c45e,ae000a4f-dbc2-4247-b4b4-3635d5f0ab1c,d12c1c4b-c6e6-42fa-8a67-917383e19cdb,73,100,43.26,USD,2025-09-20,2025-09-26,2025-10-07,2025-10-07,livree_a_temps,0
c6e22df7-a91d-4fd4-99f7-400aaa83a458,ae000a4f-dbc2-4247-b4b4-3635d5f0ab1c,5a131d9a-320b-4460-b554-997bcd47bfd0,69,1,46.63,USD,2025-09-01,2025-09-04,2025-09-11,2025-09-11,livree_a_temps,0
32fdd3b9-ae4b-4b05-836f-438ec6903e39,ae000a4f-dbc2-4247-b4b4-3635d5f0ab1c,822a4728-f57f-4877-a54b-af8a3b060c70,129,5,25.33,USD,2025-09-18,2025-09-25,2025-10-05,2025-10-05,livree_a_temps,0
c54e1f24-7adc-4c6f-aa44-93c214219f33,ae000a4f-dbc2-4247-b4b4-3635d5f0ab1c,9f9edf6f-deea-4916-baa9-bd33204ad5ab,128,10,28.43,USD,2025-09-07,2025-09-17,2025-09-26,2025-09-26,livree_a_temps,0
4c27dc3b-5f54-4f42-9f15-ca22512ca328,ae000a4f-dbc2-4247-b4b4-3635d5f0ab1c,312ae8a1-1e93-47d8-84fe-7dd909b0e00d,134,20,25.35,USD,2025-09-18,2025-09-23,2025-10-05,2025-10-05,livree_a_temps,0
57e11d4e-435d-4033-8986-c0302bc47303,ae000a4f-dbc2-4247-b4b4-3635d5f0ab1c,7a95f5a9-dbad-4e44-b6b2-a2dd3f6c31f1,120,20,677.48,USD,2025-09-25,2025-10-05,2025-10-16,2025-10-16,livree_a_temps,0
16f6fb35-d13d-4009-a343-333e93001394,ae000a4f-dbc2-4247-b4b4-3635d5f0ab1c,38d5069e-3dbd-485e-86b7-ecbb8bbd2207,115,1,1154.82,USD,2025-09-03,2025-09-09,2025-10-04,2025-10-07,livree_en_retard,3
96af3fd8-0aea-4e06-b487-ad6f44510008,ae000a4f-dbc2-4247-b4b4-3635d5f0ab1c,4b0da602-5f61-4d55-be93-470463212538,8,50,55.6,USD,2025-09-22,2025-10-01,2025-10-08,2025-10-08,livree_a_temps,0
6a890835-c466-4cf1-a704-74f06d5a5958,ae000a4f-dbc2-4247-b4b4-3635d5f0ab1c,4b0da602-5f61-4d55-be93-470463212538,14,100,45.94,USD,2025-09-16,2025-09-22,2025-09-29,2025-10-01,livree_en_retard,2
d0b0b79b-5de5-491c-a710-57c0cc4abc20,ae000a4f-dbc2-4247-b4b4-3635d5f0ab1c,eb0bd6d1-4f0a-4fa7-b419-2410f4535aa7,9,100,45.76,USD,2025-09-28,2025-09-30,2025-10-10,2025-10-10,livree_a_temps,0
0a7984cd-1ac3-440a-8693-2f211f421c60,ae000a4f-dbc2-4247-b4b4-3635d5f0ab1c,a8752895-2aeb-4978-9f7b-cef9caecf1e6,19,20,107.25,USD,2025-09-13,2025-09-23,2025-10-08,2025-10-08,livree_a_temps,0
e12ae531-0246-4a4b-acf3-c229d49b87e1,ae000a4f-dbc2-4247-b4b4-3635d5f0ab1c,0cce90f0-eef2-49a4-8655-7cf84beedd5a,17,1,17.92,USD,2025-08-30,2025-09-01,2025-09-04,2025-09-04,livree_a_temps,0
1e2e0d48-75d8-4617-966c-113f77e7ce8d,ae000a4f-dbc2-4247-b4b4-3635d5f0ab1c,afa25e1d-9614-4325-939a-28c9c516deaa,17,20,18.54,USD,2025-09-13,2025-09-22,2025-10-03,2025-10-12,livree_en_retard,9
d6d5893d-40d8-4d84-899d-b67c525338ba,ae000a4f-dbc2-4247-b4b4-3635d5f0ab1c,5494dc42-ee22-4ee1-a74c-b4fc97439873,98,50,17.48,USD,2025-09-09,2025-09-15,2025-09-23,2025-09-28,livree_en_retard,5
30d4022c-6cde-43ed-8896-8d3fda17d71f,ae000a4f-dbc2-4247-b4b4-3635d5f0ab1c,f6959aba-abe6-4414-a493-f533fcc9b0ab,99,50,25.07,USD,2025-09-09,2025-09-10,2025-09-29,2025-10-08,livree_en_retard,9
133ec770-a3b0-4651-83a8-5451ad3c5c52,ae000a4f-dbc2-4247-b4b4-3635d5f0ab1c,5be21ce5-62b1-4728-8aa7-c1137266ce68,75,20,37.82,USD,2025-10-19,2025-10-21,2025-11-14,2025-11-21,livree_en_retard,7
e0684000-2c55-4b2e-ad23-0d7d48a73cb2,ae000a4f-dbc2-4247-b4b4-3635d5f0ab1c,a8752895-2aeb-4978-9f7b-cef9caecf1e6,70,2,34.8,USD,2025-10-28,2025-11-06,2025-12-06,2025-12-16,livree_en_retard,10
65fc71fa-6680-4c69-be20-a887f071d464,ae000a4f-dbc2-4247-b4b4-3635d5f0ab1c,407d77ef-d535-4c56-964d-914caca299ef,74,20,55.61,USD,2025-10-15,2025-10-21,2025-11-10,2025-11-10,livree_a_temps,0
8e32956c-c067-49f4-b030-64d4f333d7bf,ae000a4f-dbc2-4247-b4b4-3635d5f0ab1c,a7f6214b-f04a-4da5-8ca0-520e1ea9e472,129,10,22.47,USD,2025-10-03,2025-10-10,2025-10-24,2025-10-24,livree_a_temps,0
d75b0ced-4223-4951-b363-6b899b7825ad,ae000a4f-dbc2-4247-b4b4-3635d5f0ab1c,5b91061a-7430-4127-a4d5-a578817c0d7c,133,2,11.56,USD,2025-10-16,2025-10-19,2025-10-25,2025-10-25,livree_a_temps,0
6bafecc0-c8a5-4ce2-aaaf-44e3d0e88e16,ae000a4f-dbc2-4247-b4b4-3635d5f0ab1c,53ed2c7c-db6b-44bc-97dc-41f2e27a58af,132,2,23.03,USD,2025-10-27,2025-11-01,2025-11-13,2025-11-13,livree_a_temps,0
b924edbd-2778-49c5-81a5-a66c37b7e021,ae000a4f-dbc2-4247-b4b4-3635d5f0ab1c,a7f6214b-f04a-4da5-8ca0-520e1ea9e472,117,10,938.67,USD,2025-10-18,2025-10-24,2025-11-07,2025-11-13,livree_en_retard,6
859bb002-eae9-411d-8609-f01a27e8bfdb,ae000a4f-dbc2-4247-b4b4-3635d5f0ab1c,d6e548ef-bc03-4a1f-b3b5-8e0c168b19ca,124,100,255.64,USD,2025-10-03,2025-10-08,2025-10-14,2025-10-27,livree_en_retard,13
5a4b8bdb-8fd1-4d9f-a014-3352f9de9dfe,ae000a4f-dbc2-4247-b4b4-3635d5f0ab1c,b333e8aa-ad18-4abf-9c53-9ace926a283b,124,50,324.17,USD,2025-09-30,2025-10-07,2025-10-12,2025-10-12,livree_a_temps,0
c4c66ab3-f367-4631-a91c-27f0f6bb5582,ae000a4f-dbc2-4247-b4b4-3635d5f0ab1c,ce8c11a2-7764-4c69-9d3d-6efc6283c1a9,124,5,278.57,USD,2025-10-10,2025-10-13,2025-10-15,2025-10-13,livree_a_temps,-2
0af91f9b-2b0d-4748-b2ec-894e775b0a22,ae000a4f-dbc2-4247-b4b4-3635d5f0ab1c,f60eac5c-0c9f-4c5f-9b76-c268e04d77ba,1,20,34.05,USD,2025-10-28,2025-11-01,2025-11-04,2025-11-04,livree_a_temps,0
ee963bc7-06a3-4ba3-a22f-d96d4d020d3a,ae000a4f-dbc2-4247-b4b4-3635d5f0ab1c,5de62164-c59b-4907-ae96-7a63b4cddbb2,8,1,46.81,USD,2025-10-19,2025-10-28,2025-11-03,2025-11-25,livree_en_retard,22
8d5074fe-2446-41b9-aad8-333083050b43,ae000a4f-dbc2-4247-b4b4-3635d5f0ab1c,bd3e241f-f501-4299-ba40-37a61386691f,4,2,26.84,USD,2025-10-11,2025-10-20,2025-10-22,2025-10-22,livree_a_temps,0
d5bb03fb-663f-4b2c-b68d-c3e13bd1a434,ae000a4f-dbc2-4247-b4b4-3635d5f0ab1c,c594d23a-fd74-4e3b-877c-79b8f4c6139d,18,2,73.07,USD,2025-09-29,2025-10-01,2025-10-13,2025-10-13,livree_a_temps,0
bd83ed66-d88c-47ac-b617-c972ee217b7c,ae000a4f-dbc2-4247-b4b4-3635d5f0ab1c,387413d8-2f51-4f7e-9c4d-d483caa3d19d,27,5,80.17,USD,2025-10-01,2025-10-04,2025-10-14,2025-10-14,livree_a_temps,0
86f5889f-8b56-4dea-964a-65dd77321095,ae000a4f-dbc2-4247-b4b4-3635d5f0ab1c,c594d23a-fd74-4e3b-877c-79b8f4c6139d,18,20,68.62,USD,2025-10-18,2025-10-22,2025-10-27,2025-10-27,livree_a_temps,0
f398e7ea-e834-4fdb-bf06-d423815c033e,ae000a4f-dbc2-4247-b4b4-3635d5f0ab1c,7a95f5a9-dbad-4e44-b6b2-a2dd3f6c31f1,100,20,13.88,USD,2025-10-22,2025-10-27,2025-11-05,2025-11-12,livree_en_retard,7
aa9457de-339a-4572-8a55-c0fe47fd0f23,ae000a4f-dbc2-4247-b4b4-3635d5f0ab1c,eb0bd6d1-4f0a-4fa7-b419-2410f4535aa7,104,5,36.33,USD,2025-09-30,2025-10-09,2025-10-15,2025-10-15,livree_a_temps,0
05afef8f-1adf-48f1-82d0-78314aa9e037,ae000a4f-dbc2-4247-b4b4-3635d5f0ab1c,5a131d9a-320b-4460-b554-997bcd47bfd0,73,20,39.36,USD,2025-10-29,2025-11-05,2025-11-11,2025-11-11,livree_a_temps,0
bcbf75f9-033e-4d90-bd97-9bdf4931dbd1,ae000a4f-dbc2-4247-b4b4-3635d5f0ab1c,36ddc887-6df4-4129-b6b2-5106f5e0328b,76,20,14.44,USD,2025-11-04,2025-11-06,2025-11-08,,annulee,
e406707e-5f8d-44a7-8605-88bc5b1eaa36,ae000a4f-dbc2-4247-b4b4-3635d5f0ab1c,ab8fb3bc-bd18-4f72-8155-d44cabad14e2,76,10,18.58,USD,2025-11-05,2025-11-09,2025-11-23,2025-11-24,livree_en_retard,1
dbb64ea0-a2a2-4792-bc64-580a0b260994,ae000a4f-dbc2-4247-b4b4-3635d5f0ab1c,ca1e6af0-ea5c-4952-a3d7-0e31919758b1,75,50,38.75,USD,2025-11-27,2025-12-03,2025-12-24,2025-12-24,livree_a_temps,0
dff0e0e2-6f6e-4019-90d4-b688725f264b,ae000a4f-dbc2-4247-b4b4-3635d5f0ab1c,9f9edf6f-deea-4916-baa9-bd33204ad5ab,134,20,26.57,USD,2025-11-16,2025-11-21,2025-11-28,2025-12-10,livree_en_retard,12
94d8ccd0-9079-4142-a7f6-461963f1348c,ae000a4f-dbc2-4247-b4b4-3635d5f0ab1c,c594d23a-fd74-4e3b-877c-79b8f4c6139d,122,20,1150.52,USD,2025-11-25,2025-11-28,2025-12-10,2025-12-18,livree_en_retard,8
2ab623c2-c21e-49ee-9d6c-72b84063e1a9,ae000a4f-dbc2-4247-b4b4-3635d5f0ab1c,1ddae68a-860d-4f23-9aca-415d47393a0f,124,2,345.48,USD,2025-11-27,2025-12-06,2025-12-10,2025-12-11,livree_en_retard,1
d9d712bf-207b-4adb-a7ba-dab5d29c7854,ae000a4f-dbc2-4247-b4b4-3635d5f0ab1c,4d5bf674-1703-4bc1-8286-b8b139630aa8,14,2,56.78,USD,2025-11-23,2025-11-30,2025-12-15,2025-12-15,livree_a_temps,0
c7c080a5-589a-4005-8b2c-dfb1bac25f51,ae000a4f-dbc2-4247-b4b4-3635d5f0ab1c,387413d8-2f51-4f7e-9c4d-d483caa3d19d,17,100,21.06,USD,2025-11-20,2025-11-27,2025-12-09,2025-12-09,livree_a_temps,0
12f04c0b-9ff2-4535-ae75-33e9cdda72a4,ae000a4f-dbc2-4247-b4b4-3635d5f0ab1c,e5bbc3e5-aaf9-4785-8411-495e76439a19,22,100,84.24,USD,2025-11-11,2025-11-13,2025-11-20,2025-11-20,livree_a_temps,0
af2e6539-1d5c-46d0-ba42-052811f565e4,ae000a4f-dbc2-4247-b4b4-3635d5f0ab1c,387413d8-2f51-4f7e-9c4d-d483caa3d19d,26,5,6.7,USD,2025-11-20,2025-11-23,2025-12-07,2025-12-07,livree_a_temps,0
28f9e820-de8e-4a95-aaf8-c5e7d291995a,ae000a4f-dbc2-4247-b4b4-3635d5f0ab1c,5a131d9a-320b-4460-b554-997bcd47bfd0,73,1,44.04,USD,2025-11-29,2025-12-04,2025-12-17,2025-12-19,livree_en_retard,2
23356fac-3f5e-41c6-bb46-e6ab9efa207c,ae000a4f-dbc2-4247-b4b4-3635d5f0ab1c,36ddc887-6df4-4129-b6b2-5106f5e0328b,76,5,16.23,USD,2025-12-17,2025-12-18,2025-12-24,2025-12-22,livree_a_temps,-2
91c8be66-0370-433a-b3fc-1dc6ad35f5c6,ae000a4f-dbc2-4247-b4b4-3635d5f0ab1c,f70162d2-4a8d-4d4d-9446-bb766f3e1c37,74,1,42.22,USD,2025-12-02,2025-12-09,2025-12-14,2025-12-20,livree_en_retard,6
168805fc-258b-407a-a772-146ef0d5dd07,ae000a4f-dbc2-4247-b4b4-3635d5f0ab1c,a17e5271-820e-4c6e-92b4-4bd109c60d27,75,1,26.19,USD,2025-11-28,2025-12-06,2025-12-17,2025-12-18,livree_en_retard,1
e2f5bd9c-741f-44ba-ae47-1e69044e6e43,ae000a4f-dbc2-4247-b4b4-3635d5f0ab1c,822a4728-f57f-4877-a54b-af8a3b060c70,129,2,24.84,USD,2025-11-28,2025-11-30,2025-12-06,2025-12-06,livree_a_temps,0
a25d2b72-f1c4-4a2e-8324-564851cfb52a,ae000a4f-dbc2-4247-b4b4-3635d5f0ab1c,65c02af0-837c-45f5-91bd-6ad4308cb818,116,50,231.36,USD,2025-12-14,2025-12-18,2025-12-23,2025-12-23,livree_a_temps,0
c008c458-5403-4ac4-9b44-39b4cc7d5b4a,ae000a4f-dbc2-4247-b4b4-3635d5f0ab1c,14e13be0-90c7-4e0e-b6f8-9792e15ebc20,117,10,817.79,USD,2025-12-02,2025-12-05,2025-12-08,2025-12-05,livree_a_temps,-3
1584407e-0d5e-4eea-b244-1e33b1d68a7b,ae000a4f-dbc2-4247-b4b4-3635d5f0ab1c,7a95f5a9-dbad-4e44-b6b2-a2dd3f6c31f1,117,50,1017.12,USD,2025-12-12,2025-12-16,2025-12-26,2025-12-26,livree_a_temps,0
d3902b11-93d0-44fe-85ad-5afae0f740d7,ae000a4f-dbc2-4247-b4b4-3635d5f0ab1c,bd3e241f-f501-4299-ba40-37a61386691f,8,2,44.39,USD,2025-12-27,2026-01-06,2026-01-11,2026-01-11,livree_a_temps,0
89afdcf3-4e22-4934-b01e-2b151cc59433,ae000a4f-dbc2-4247-b4b4-3635d5f0ab1c,6ddb19c1-837f-43af-91b7-6335e905a1a2,13,5,43.02,USD,2025-12-09,2025-12-18,2026-01-04,2026-01-12,livree_en_retard,8
196886d5-4d9d-4fcf-b8d2-7113f0969d16,ae000a4f-dbc2-4247-b4b4-3635d5f0ab1c,c4e0701e-3e92-47c1-8df5-3b6a15b8f13d,1,100,40.26,USD,2025-12-07,2025-12-11,2025-12-18,2025-12-18,livree_a_temps,0
3ccf3e5b-9256-45ed-b92d-e2eecae0aa85,ae000a4f-dbc2-4247-b4b4-3635d5f0ab1c,f303955c-611e-4ac0-8927-9872c330f511,20,20,85.34,USD,2025-12-20,2025-12-25,2026-01-07,2026-01-08,livree_en_retard,1
412357b7-94d9-4b10-89fb-a8851ff05a15,ae000a4f-dbc2-4247-b4b4-3635d5f0ab1c,d0f9719d-ce72-492d-9f7d-f9616ebc9227,21,50,39.28,USD,2025-12-07,2025-12-13,2025-12-20,2025-12-20,livree_a_temps,0
7facd2de-90e6-4b62-8dc5-d1ff1f9d4cc2,ae000a4f-dbc2-4247-b4b4-3635d5f0ab1c,1a873014-f873-4054-894e-8bf644612067,23,100,81.83,USD,2025-12-04,2025-12-12,2025-12-24,2025-12-24,livree_a_temps,0
582872ed-fcea-43e2-bed1-f983294f3ec8,ae000a4f-dbc2-4247-b4b4-3635d5f0ab1c,d0f9719d-ce72-492d-9f7d-f9616ebc9227,21,2,40.61,USD,2025-12-09,2025-12-16,2025-12-19,2025-12-19,livree_a_temps,0
e7ee1461-fac0-4b01-b6dd-2d7a4964e321,ae000a4f-dbc2-4247-b4b4-3635d5f0ab1c,1a873014-f873-4054-894e-8bf644612067,100,10,14.16,USD,2025-12-24,2025-12-31,2026-01-11,2026-01-11,livree_a_temps,0
9f230db2-9888-4b7d-abc8-317659d46b76,ae000a4f-dbc2-4247-b4b4-3635d5f0ab1c,6ddb19c1-837f-43af-91b7-6335e905a1a2,98,1,21.19,USD,2025-12-19,2025-12-25,2026-01-09,2026-01-07,livree_a_temps,-2
cbba2015-e3de-48a4-be80-5d3868e901ad,ae000a4f-dbc2-4247-b4b4-3635d5f0ab1c,ab8fb3bc-bd18-4f72-8155-d44cabad14e2,74,10,43.64,USD,2026-01-16,2026-01-21,2026-01-27,2026-01-29,livree_en_retard,2
7393a897-6140-40d1-aeb6-286373752085,ae000a4f-dbc2-4247-b4b4-3635d5f0ab1c,bdb1f396-3e57-46de-8d83-9e76208091cc,77,1,53.8,USD,2026-01-12,2026-01-13,2026-01-19,2026-01-16,livree_a_temps,-3
363ae945-524d-4c40-b2bd-cfbdafee5c09,ae000a4f-dbc2-4247-b4b4-3635d5f0ab1c,53ed2c7c-db6b-44bc-97dc-41f2e27a58af,134,50,27.32,USD,2026-01-18,2026-01-23,2026-02-04,2026-02-04,livree_a_temps,0
a73ce605-b9a5-4884-b5a8-c3693c11fc6a,ae000a4f-dbc2-4247-b4b4-3635d5f0ab1c,4c414f3e-f0f0-432a-8c5f-74b77ecb5828,131,5,83.18,USD,2026-01-19,2026-01-28,2026-02-08,2026-02-08,livree_a_temps,0
d866bb1e-07eb-48bf-8bef-b445ae66c4f8,ae000a4f-dbc2-4247-b4b4-3635d5f0ab1c,1ddae68a-860d-4f23-9aca-415d47393a0f,115,10,1086.22,USD,2026-01-26,2026-01-30,2026-02-08,2026-02-11,livree_en_retard,3
ec09cf5d-a6dc-4fe5-857f-bcc5830a8c60,ae000a4f-dbc2-4247-b4b4-3635d5f0ab1c,1ddae68a-860d-4f23-9aca-415d47393a0f,116,5,229.32,USD,2026-01-10,2026-01-16,2026-01-22,2026-01-24,livree_en_retard,2
9ea73817-ca32-4380-928b-d391b0665301,ae000a4f-dbc2-4247-b4b4-3635d5f0ab1c,c594d23a-fd74-4e3b-877c-79b8f4c6139d,124,2,287.03,USD,2026-01-19,2026-01-23,2026-02-07,2026-02-07,livree_a_temps,0
d16b0fb3-79cf-431f-ae1c-b37fd1a3cf9b,ae000a4f-dbc2-4247-b4b4-3635d5f0ab1c,9a6f40c5-41c3-4f2b-a7ab-e42a48773101,119,1,65.6,USD,2026-01-15,2026-01-24,2026-01-31,,annulee,
1a597712-6e8b-4ff3-b08f-098b65b637d7,ae000a4f-dbc2-4247-b4b4-3635d5f0ab1c,312001eb-b07b-4489-a048-16c8b02784fe,2,1,29.2,USD,2025-12-31,2026-01-06,2026-01-12,2026-01-12,livree_a_temps,0
a4cf8175-4277-45a0-b35e-cd20ec8b746a,ae000a4f-dbc2-4247-b4b4-3635d5f0ab1c,53ed2c7c-db6b-44bc-97dc-41f2e27a58af,6,10,23.51,USD,2026-01-18,2026-01-24,2026-02-03,2026-02-03,livree_a_temps,0
5658c2d8-1fa3-4060-a3ca-5c9ebddaebac,ae000a4f-dbc2-4247-b4b4-3635d5f0ab1c,53ed2c7c-db6b-44bc-97dc-41f2e27a58af,7,1,58.81,USD,2026-01-19,2026-01-27,2026-02-10,2026-02-10,livree_a_temps,0
9c2c22c5-5662-45fe-bd1c-9fe6e242f5da,ae000a4f-dbc2-4247-b4b4-3635d5f0ab1c,ddb507c6-7c41-4027-bf46-dee06e458cb7,26,20,5.18,USD,2025-12-30,2026-01-08,2026-01-12,2026-01-26,livree_en_retard,14
811c5cb6-fa4f-4756-96b3-17d4c229c4ac,ae000a4f-dbc2-4247-b4b4-3635d5f0ab1c,e5bbc3e5-aaf9-4785-8411-495e76439a19,24,2,45.27,USD,2026-01-20,2026-01-25,2026-02-07,2026-02-07,livree_a_temps,0
2eda9596-c99f-433e-8f86-1b470efc9a3a,ae000a4f-dbc2-4247-b4b4-3635d5f0ab1c,d0f9719d-ce72-492d-9f7d-f9616ebc9227,22,5,82.03,USD,2026-01-04,2026-01-14,2026-01-15,2026-01-14,livree_a_temps,-1
e2595f9f-1799-49a3-bde6-2fe474774ede,ae000a4f-dbc2-4247-b4b4-3635d5f0ab1c,4d5bf674-1703-4bc1-8286-b8b139630aa8,19,50,96.89,USD,2026-01-11,2026-01-20,2026-01-28,2026-02-02,livree_en_retard,5
8f39626f-a651-4db1-8802-da1b20432984,ae000a4f-dbc2-4247-b4b4-3635d5f0ab1c,6ddb19c1-837f-43af-91b7-6335e905a1a2,102,10,5.91,USD,2026-01-23,2026-01-27,2026-02-15,2026-02-15,livree_a_temps,0
3e6eee0f-acc4-4c09-ac8c-da1f6da7564a,ae000a4f-dbc2-4247-b4b4-3635d5f0ab1c,c594d23a-fd74-4e3b-877c-79b8f4c6139d,97,20,21.78,USD,2026-01-06,2026-01-07,2026-01-12,2026-01-12,livree_a_temps,0
9164dd03-5477-450d-8d41-4455eacff8ad,ae000a4f-dbc2-4247-b4b4-3635d5f0ab1c,a17e5271-820e-4c6e-92b4-4bd109c60d27,68,2,17.89,USD,2026-02-05,2026-02-13,2026-02-27,2026-03-03,livree_en_retard,4
62df024c-bf33-4fda-8448-a24ec8d14329,ae000a4f-dbc2-4247-b4b4-3635d5f0ab1c,407d77ef-d535-4c56-964d-914caca299ef,69,2,53.98,USD,2026-01-28,2026-01-31,2026-02-16,2026-02-14,livree_a_temps,-2
a55c5035-d0f7-4dd8-8a38-6039b10f83a2,ae000a4f-dbc2-4247-b4b4-3635d5f0ab1c,5b91061a-7430-4127-a4d5-a578817c0d7c,71,100,7.44,USD,2026-02-17,2026-02-27,2026-03-02,2026-03-02,livree_a_temps,0
6a4a25bb-883d-436e-91cf-7593eecb315b,ae000a4f-dbc2-4247-b4b4-3635d5f0ab1c,a60a399f-6dc2-43b0-86af-0b691911039a,72,50,3.95,USD,2026-02-01,2026-02-06,2026-03-03,2026-03-03,livree_a_temps,0
22df590b-9856-4e92-b1ae-2e764ed96708,ae000a4f-dbc2-4247-b4b4-3635d5f0ab1c,cf511785-f907-4baa-9600-cc29a8d369e7,77,50,43.29,USD,2026-02-09,2026-02-11,2026-02-15,2026-02-15,livree_a_temps,0
011b22c4-707c-4533-b708-b257bb6f585c,ae000a4f-dbc2-4247-b4b4-3635d5f0ab1c,50c1784a-9dd7-49d3-a367-b49e81d4fcc9,132,5,15.91,USD,2026-01-31,2026-02-04,2026-02-07,2026-02-09,livree_en_retard,2
99fd3c99-20fb-48f3-8cc5-08c77fb84578,ae000a4f-dbc2-4247-b4b4-3635d5f0ab1c,a7f6214b-f04a-4da5-8ca0-520e1ea9e472,129,5,21.08,USD,2026-02-08,2026-02-18,2026-03-01,2026-03-01,livree_a_temps,0
9eccd49b-e7ad-4eaf-b014-0032b3a329d0,ae000a4f-dbc2-4247-b4b4-3635d5f0ab1c,9a6f40c5-41c3-4f2b-a7ab-e42a48773101,123,10,356.18,USD,2026-02-07,2026-02-13,2026-02-15,2026-02-15,livree_a_temps,0
0bc80765-9014-4f3c-b7c0-9e9c02b6859d,ae000a4f-dbc2-4247-b4b4-3635d5f0ab1c,7a95f5a9-dbad-4e44-b6b2-a2dd3f6c31f1,115,20,908.48,USD,2026-02-15,2026-02-21,2026-02-25,2026-02-25,livree_a_temps,0
b6fa08f1-a6b9-450b-bb46-f08ea29caa26,ae000a4f-dbc2-4247-b4b4-3635d5f0ab1c,d6e548ef-bc03-4a1f-b3b5-8e0c168b19ca,123,50,405.2,USD,2026-01-30,2026-02-06,2026-02-12,2026-02-12,livree_a_temps,0
fc3f562d-0c64-4f1f-9ab3-951ce939ebce,ae000a4f-dbc2-4247-b4b4-3635d5f0ab1c,38d5069e-3dbd-485e-86b7-ecbb8bbd2207,121,100,906.79,USD,2026-02-13,2026-02-15,2026-03-09,2026-03-09,livree_a_temps,0
f34f3652-0340-49b7-8e54-c30fec26cbf5,ae000a4f-dbc2-4247-b4b4-3635d5f0ab1c,c596e75e-f0a2-42e1-801f-bc9859582dc2,13,50,25.67,USD,2026-01-28,2026-02-07,2026-02-12,2026-02-17,livree_en_retard,5
36ea0f70-e4a7-476d-88db-8fcdd2ff1a74,ae000a4f-dbc2-4247-b4b4-3635d5f0ab1c,94a69aa3-865f-4c60-b54b-595ed610efe7,12,2,56.41,USD,2026-02-12,2026-02-15,2026-02-19,2026-02-19,livree_a_temps,0
fc1c25a3-7ba9-4080-abc4-2e9dd4e46f40,ae000a4f-dbc2-4247-b4b4-3635d5f0ab1c,ddb507c6-7c41-4027-bf46-dee06e458cb7,20,20,75.15,USD,2026-02-04,2026-02-11,2026-02-13,2026-02-13,livree_a_temps,0
ee5e6e47-97ef-400e-bb5d-94310f3ef469,ae000a4f-dbc2-4247-b4b4-3635d5f0ab1c,82c6ba60-8224-461a-951d-8a4e71090f87,22,5,99.48,USD,2026-02-11,2026-02-13,2026-02-26,2026-02-26,livree_a_temps,0
491639a8-de2e-49b0-bd3b-ea315239bb9f,ae000a4f-dbc2-4247-b4b4-3635d5f0ab1c,c594d23a-fd74-4e3b-877c-79b8f4c6139d,100,20,13.51,USD,2026-02-10,2026-02-19,2026-03-05,2026-03-05,livree_a_temps,0
5558425f-b1d0-4b17-a7b9-ed9c1bda9ed8,ae000a4f-dbc2-4247-b4b4-3635d5f0ab1c,c594d23a-fd74-4e3b-877c-79b8f4c6139d,101,1,22.03,USD,2026-02-12,2026-02-18,2026-03-05,2026-03-12,livree_en_retard,7
f0cf47d4-e4e4-410e-9585-d16963b44dad,ae000a4f-dbc2-4247-b4b4-3635d5f0ab1c,a8752895-2aeb-4978-9f7b-cef9caecf1e6,76,10,26.16,USD,2026-03-24,2026-03-25,2026-04-11,2026-04-11,livree_a_temps,0
9a674827-c42a-4f16-84aa-fb2b29ba70a0,ae000a4f-dbc2-4247-b4b4-3635d5f0ab1c,36ddc887-6df4-4129-b6b2-5106f5e0328b,72,50,2.12,USD,2026-02-28,2026-03-08,2026-03-10,2026-03-14,livree_en_retard,4
2906e658-c6c6-4361-892a-a9fd8de9ce86,ae000a4f-dbc2-4247-b4b4-3635d5f0ab1c,9f9edf6f-deea-4916-baa9-bd33204ad5ab,128,50,31.07,USD,2026-03-22,2026-03-31,2026-04-11,2026-04-11,livree_a_temps,0
08037f1e-9d7e-4973-b438-82cfca45785c,ae000a4f-dbc2-4247-b4b4-3635d5f0ab1c,38d5069e-3dbd-485e-86b7-ecbb8bbd2207,121,20,808.22,USD,2026-03-13,2026-03-17,2026-04-14,2026-04-23,livree_en_retard,9
ac0bae72-95ba-4e86-9638-b8782d1c8e78,ae000a4f-dbc2-4247-b4b4-3635d5f0ab1c,9a24fb50-00fd-415d-9cf4-263b606218e0,122,1,1066.42,USD,2026-03-17,2026-03-26,2026-03-31,2026-03-31,livree_a_temps,0
19a6a083-6f10-45d3-82f4-bbd9e451cbe3,ae000a4f-dbc2-4247-b4b4-3635d5f0ab1c,65c02af0-837c-45f5-91bd-6ad4308cb818,122,10,1048.02,USD,2026-03-09,2026-03-13,2026-03-19,2026-03-19,livree_a_temps,0
155287be-a001-4d3d-b757-13a7c5dfcc8a,ae000a4f-dbc2-4247-b4b4-3635d5f0ab1c,b333e8aa-ad18-4abf-9c53-9ace926a283b,117,100,1126.53,USD,2026-03-10,2026-03-17,2026-03-22,2026-03-22,livree_a_temps,0
56255f15-f042-4d58-a88c-8473fb44b07c,ae000a4f-dbc2-4247-b4b4-3635d5f0ab1c,1b9d31e8-58e9-410c-97a5-1dba9298c645,2,50,29.85,USD,2026-03-01,2026-03-04,2026-03-07,2026-03-07,livree_a_temps,0
7aef503d-fd12-4c1b-8024-b3ff79dd987e,ae000a4f-dbc2-4247-b4b4-3635d5f0ab1c,4b0da602-5f61-4d55-be93-470463212538,26,100,5.28,USD,2026-02-27,2026-03-08,2026-03-13,2026-03-17,livree_en_retard,4
4d053d9d-79ea-4c4b-b24c-0b56a6694091,ae000a4f-dbc2-4247-b4b4-3635d5f0ab1c,d0f9719d-ce72-492d-9f7d-f9616ebc9227,21,50,42.42,USD,2026-03-11,2026-03-17,2026-03-21,2026-03-21,livree_a_temps,0
de2bb37d-37d5-43a3-9bdd-2beead6cae3a,ae000a4f-dbc2-4247-b4b4-3635d5f0ab1c,bdb1f396-3e57-46de-8d83-9e76208091cc,71,1,9.11,USD,2026-04-17,2026-04-26,2026-05-06,2026-05-06,livree_a_temps,0
f35b5a24-f324-46d3-ad35-4c9170ed7173,ae000a4f-dbc2-4247-b4b4-3635d5f0ab1c,a17e5271-820e-4c6e-92b4-4bd109c60d27,77,50,53.23,USD,2026-04-22,2026-04-29,2026-05-03,2026-05-02,livree_a_temps,-1
90c7f5c9-6a59-411e-9959-bea77ad903ac,ae000a4f-dbc2-4247-b4b4-3635d5f0ab1c,5b5cb032-bcb4-4e20-9df6-1e0e66b4f0d6,128,1,36.62,USD,2026-03-28,2026-04-01,2026-04-23,2026-04-23,livree_a_temps,0
68738fb0-56ab-47c1-9196-a33068e60db5,ae000a4f-dbc2-4247-b4b4-3635d5f0ab1c,a7f6214b-f04a-4da5-8ca0-520e1ea9e472,117,5,1040.83,USD,2026-04-25,2026-05-04,2026-05-14,2026-05-14,livree_a_temps,0
0098624d-3f15-4ac7-b0b2-23369818e4fc,ae000a4f-dbc2-4247-b4b4-3635d5f0ab1c,7a95f5a9-dbad-4e44-b6b2-a2dd3f6c31f1,124,100,275.78,USD,2026-04-15,2026-04-16,2026-04-26,2026-04-26,livree_a_temps,0
061a39bb-8564-4807-a3b2-c253bef8433a,ae000a4f-dbc2-4247-b4b4-3635d5f0ab1c,e62c2c04-1277-440a-8b88-e465e31f7939,116,1,218.48,USD,2026-04-05,2026-04-14,2026-04-18,2026-04-18,livree_a_temps,0
9af38688-23eb-48b5-914d-340439d80eb9,ae000a4f-dbc2-4247-b4b4-3635d5f0ab1c,f9d0244f-b0de-4cb4-9ae4-55a44b4abb74,2,100,50.43,USD,2026-04-16,2026-04-20,2026-05-06,2026-05-06,livree_a_temps,0
98bde6d3-2bcf-448a-b6b1-a748b8559aec,ae000a4f-dbc2-4247-b4b4-3635d5f0ab1c,0cce90f0-eef2-49a4-8655-7cf84beedd5a,27,2,55.9,USD,2026-03-30,2026-04-03,2026-04-06,2026-04-06,livree_a_temps,0
7356e819-69aa-451d-8e4b-5dc515559e71,ae000a4f-dbc2-4247-b4b4-3635d5f0ab1c,f303955c-611e-4ac0-8927-9872c330f511,21,5,49.26,USD,2026-04-12,2026-04-19,2026-05-01,2026-05-01,livree_a_temps,0
142b2965-c7a4-487c-9b75-de25a0399144,ae000a4f-dbc2-4247-b4b4-3635d5f0ab1c,4b0da602-5f61-4d55-be93-470463212538,18,5,50.35,USD,2026-04-01,2026-04-10,2026-04-14,2026-04-14,livree_a_temps,0
aae57a3e-06e4-4f7f-8920-9f79daf146f8,ae000a4f-dbc2-4247-b4b4-3635d5f0ab1c,f6959aba-abe6-4414-a493-f533fcc9b0ab,103,10,50.68,USD,2026-03-28,2026-04-03,2026-05-03,2026-05-03,livree_a_temps,0
8aa76f1e-7963-4f57-9aeb-e36ab5fefff2,ae000a4f-dbc2-4247-b4b4-3635d5f0ab1c,5be21ce5-62b1-4728-8aa7-c1137266ce68,68,50,20.64,USD,2026-05-10,2026-05-18,2026-05-30,2026-05-30,livree_a_temps,0
a80249ac-d0eb-4dea-87bb-54e728438abc,ae000a4f-dbc2-4247-b4b4-3635d5f0ab1c,e9e5c7af-5072-48f7-a4fc-11c95b71994c,74,50,39.11,USD,2026-05-04,2026-05-10,2026-05-18,2026-05-27,livree_en_retard,9
f52599d5-6ef4-48fc-b145-1958b15ace68,ae000a4f-dbc2-4247-b4b4-3635d5f0ab1c,5b91061a-7430-4127-a4d5-a578817c0d7c,74,100,35.42,USD,2026-04-28,2026-05-05,2026-05-07,2026-05-08,livree_en_retard,1
2d839994-14dc-4dbd-929a-a8bb42925955,ae000a4f-dbc2-4247-b4b4-3635d5f0ab1c,e62c2c04-1277-440a-8b88-e465e31f7939,68,100,14.24,USD,2026-05-16,2026-05-18,2026-05-21,2026-06-12,livree_en_retard,22
9437139e-fc65-4dbb-b972-6f112c3a3b20,ae000a4f-dbc2-4247-b4b4-3635d5f0ab1c,0e0a982e-e2d6-401b-b86c-9af6ccb63233,127,100,40.69,USD,2026-05-05,2026-05-08,2026-05-11,2026-05-10,livree_a_temps,-1
755e0fb7-ea07-4c41-a6a0-db72e75124c8,ae000a4f-dbc2-4247-b4b4-3635d5f0ab1c,b333e8aa-ad18-4abf-9c53-9ace926a283b,116,1,279.08,USD,2026-05-23,2026-05-28,2026-06-09,2026-06-09,livree_a_temps,0
bbc6b0b3-9627-4387-83e0-9554ae311152,ae000a4f-dbc2-4247-b4b4-3635d5f0ab1c,53ed2c7c-db6b-44bc-97dc-41f2e27a58af,124,5,323.45,USD,2026-05-18,2026-05-19,2026-05-24,2026-05-24,livree_a_temps,0
f694e5e1-8c8a-419e-8c4e-4f1f3a1caef1,ae000a4f-dbc2-4247-b4b4-3635d5f0ab1c,14e13be0-90c7-4e0e-b6f8-9792e15ebc20,115,5,767.42,USD,2026-05-08,2026-05-15,2026-05-16,2026-05-16,livree_a_temps,0
5d31ae35-dc6a-4a67-b343-4389b15fd6e7,ae000a4f-dbc2-4247-b4b4-3635d5f0ab1c,9a6f40c5-41c3-4f2b-a7ab-e42a48773101,120,5,625.61,USD,2026-05-23,2026-05-27,2026-05-28,2026-05-28,livree_a_temps,0
9cf9b160-6173-4eef-957f-acbc65ecfedf,ae000a4f-dbc2-4247-b4b4-3635d5f0ab1c,309121c4-a374-43b3-92e5-a2a321816170,7,20,48.02,USD,2026-05-14,2026-05-21,2026-05-22,2026-05-22,livree_a_temps,0
dd89915c-3bca-4a5d-8c25-4c6a4c9ec329,ae000a4f-dbc2-4247-b4b4-3635d5f0ab1c,4b0da602-5f61-4d55-be93-470463212538,7,2,56.67,USD,2026-04-28,2026-04-29,2026-05-05,2026-05-04,livree_a_temps,-1
091b185f-6930-40d0-9a47-4c10d7789e87,ae000a4f-dbc2-4247-b4b4-3635d5f0ab1c,d0f9719d-ce72-492d-9f7d-f9616ebc9227,20,100,75.14,USD,2026-05-04,2026-05-05,2026-05-09,2026-05-07,livree_a_temps,-2
a6e8dab5-95eb-4ebc-b2ac-25db50e401d3,ae000a4f-dbc2-4247-b4b4-3635d5f0ab1c,00ab9818-5274-4d3b-b16c-68b4f0e95292,21,5,44.47,USD,2026-04-29,2026-05-06,2026-05-19,2026-05-19,livree_a_temps,0
b1db43ba-d1dc-451a-9e21-bf06375deefb,ae000a4f-dbc2-4247-b4b4-3635d5f0ab1c,d2e0a39b-31b3-4c7e-98cc-450466fb6a32,99,10,17.09,USD,2026-05-11,2026-05-20,2026-05-21,2026-05-28,livree_en_retard,7
bf9436f6-99ac-4da1-86ae-c2ba3a834abb,ae000a4f-dbc2-4247-b4b4-3635d5f0ab1c,ca1e6af0-ea5c-4952-a3d7-0e31919758b1,75,50,37.43,USD,2026-06-09,2026-06-14,2026-06-28,2026-06-26,livree_a_temps,-2
eb9e45a5-1eee-4446-92f3-5115030b5aa6,ae000a4f-dbc2-4247-b4b4-3635d5f0ab1c,cf511785-f907-4baa-9600-cc29a8d369e7,70,10,23.04,USD,2026-05-31,2026-06-09,2026-06-12,2026-06-22,livree_en_retard,10
789d8502-d566-41a4-ab72-a2bed03163fa,ae000a4f-dbc2-4247-b4b4-3635d5f0ab1c,e62c2c04-1277-440a-8b88-e465e31f7939,71,1,7.96,USD,2026-06-25,2026-07-04,2026-07-11,2026-07-27,livree_en_retard,16
382d6019-edf0-466e-8b6a-2322ab81023b,ae000a4f-dbc2-4247-b4b4-3635d5f0ab1c,a17e5271-820e-4c6e-92b4-4bd109c60d27,69,1,45.57,USD,2026-06-21,2026-06-22,2026-06-29,2026-06-29,livree_a_temps,0
aa30b4ee-2421-4ecd-8655-15ea92a45e71,ae000a4f-dbc2-4247-b4b4-3635d5f0ab1c,f6959aba-abe6-4414-a493-f533fcc9b0ab,75,1,36.23,USD,2026-06-07,2026-06-12,2026-06-25,2026-06-27,livree_en_retard,2
821381c1-9427-429d-801a-b451d1de57e9,ae000a4f-dbc2-4247-b4b4-3635d5f0ab1c,50c1784a-9dd7-49d3-a367-b49e81d4fcc9,126,2,4.66,USD,2026-06-23,2026-07-01,2026-07-08,2026-07-08,livree_a_temps,0
5a481b89-350f-4a57-9c69-8b41a0b63e25,ae000a4f-dbc2-4247-b4b4-3635d5f0ab1c,387413d8-2f51-4f7e-9c4d-d483caa3d19d,125,1,31.97,USD,2026-06-10,2026-06-12,2026-06-24,2026-06-24,livree_a_temps,0
e7dff389-3a11-4126-9838-55681c5485af,ae000a4f-dbc2-4247-b4b4-3635d5f0ab1c,14e13be0-90c7-4e0e-b6f8-9792e15ebc20,118,20,128.45,USD,2026-06-11,2026-06-18,2026-06-19,2026-06-19,livree_a_temps,0
8ca53fbc-f8d0-4b14-a474-d14f86997d30,ae000a4f-dbc2-4247-b4b4-3635d5f0ab1c,9a6f40c5-41c3-4f2b-a7ab-e42a48773101,116,100,190.08,USD,2026-06-01,2026-06-02,2026-06-09,2026-06-09,livree_a_temps,0
638f001e-c8e4-4816-8feb-4ceffa68e11e,ae000a4f-dbc2-4247-b4b4-3635d5f0ab1c,14e13be0-90c7-4e0e-b6f8-9792e15ebc20,124,100,275.51,USD,2026-06-06,2026-06-12,2026-06-18,2026-06-18,livree_a_temps,0
40f4034d-4fb5-4de3-8157-0c38c73152ac,ae000a4f-dbc2-4247-b4b4-3635d5f0ab1c,9bb3c213-0e9d-45eb-8a53-e57212022972,115,1,821.07,USD,2026-06-23,2026-06-30,2026-07-04,2026-07-23,livree_en_retard,19
e5454f97-9bd9-4ddd-b941-94485b540bb2,ae000a4f-dbc2-4247-b4b4-3635d5f0ab1c,7a95f5a9-dbad-4e44-b6b2-a2dd3f6c31f1,116,2,222.68,USD,2026-05-27,2026-06-05,2026-06-11,2026-06-11,livree_a_temps,0
d64e81e4-63ab-414b-a570-7f9c0a687192,ae000a4f-dbc2-4247-b4b4-3635d5f0ab1c,50c1784a-9dd7-49d3-a367-b49e81d4fcc9,8,100,54.36,USD,2026-05-29,2026-06-01,2026-06-07,2026-06-07,livree_a_temps,0
090c0f67-b4e7-4a65-be7a-044ffe4ebca5,ae000a4f-dbc2-4247-b4b4-3635d5f0ab1c,2e046788-aa07-4595-8d13-bda912cb3837,21,5,39.31,USD,2026-05-27,2026-06-03,2026-06-09,2026-06-21,livree_en_retard,12
90ae9a78-ebf0-488b-a914-3e0a9931398d,ae000a4f-dbc2-4247-b4b4-3635d5f0ab1c,d0f9719d-ce72-492d-9f7d-f9616ebc9227,18,1,48.63,USD,2026-05-30,2026-06-09,2026-06-13,2026-06-13,livree_a_temps,0
b9d0fe7f-0abe-44f2-89fc-36ca9a2afdb7,ae000a4f-dbc2-4247-b4b4-3635d5f0ab1c,92c68032-42cf-4d97-b0b3-1586b5b4e6b1,19,2,119.83,USD,2026-06-22,2026-06-25,2026-07-06,2026-07-06,livree_a_temps,0
34762fa2-8bc9-4d25-b774-6f222026069d,ae000a4f-dbc2-4247-b4b4-3635d5f0ab1c,4d5bf674-1703-4bc1-8286-b8b139630aa8,22,20,85.76,USD,2026-06-01,2026-06-10,2026-06-17,,annulee,
eba64c2e-31ab-464e-89dc-c8a6ced43beb,ae000a4f-dbc2-4247-b4b4-3635d5f0ab1c,92c68032-42cf-4d97-b0b3-1586b5b4e6b1,25,50,11.19,USD,2026-06-02,2026-06-03,2026-06-19,2026-06-29,livree_en_retard,10
beecdbef-7f9d-40c6-98fb-1c39c23bc61f,ae000a4f-dbc2-4247-b4b4-3635d5f0ab1c,bdb1f396-3e57-46de-8d83-9e76208091cc,104,20,33.68,USD,2026-06-11,2026-06-15,2026-06-19,2026-06-19,livree_a_temps,0
c8d8b621-4100-4c35-a378-14737fc60237,ae000a4f-dbc2-4247-b4b4-3635d5f0ab1c,ea9c09fd-b9a0-475d-bc81-a35547b24556,97,5,21.79,USD,2026-06-10,2026-06-13,2026-06-15,2026-06-15,livree_a_temps,0
649f99c8-f975-4c14-bc1d-ed32704a2a1e,ae000a4f-dbc2-4247-b4b4-3635d5f0ab1c,f70162d2-4a8d-4d4d-9446-bb766f3e1c37,74,50,39.82,USD,2026-07-20,2026-07-26,2026-08-04,2026-08-04,livree_a_temps,0
f474258d-cdc6-442c-a5c6-9959c58710fd,ae000a4f-dbc2-4247-b4b4-3635d5f0ab1c,f60eac5c-0c9f-4c5f-9b76-c268e04d77ba,77,10,48.43,USD,2026-07-06,2026-07-07,2026-07-14,2026-07-26,livree_en_retard,12
c11baf7f-68e2-47c7-9cb5-ed5bbda7e7e6,ae000a4f-dbc2-4247-b4b4-3635d5f0ab1c,ab8fb3bc-bd18-4f72-8155-d44cabad14e2,77,50,53.18,USD,2026-06-28,2026-07-03,2026-07-08,2026-07-14,livree_en_retard,6
36af3ea2-d9f4-45f7-97a4-df0c4b0ca1c1,ae000a4f-dbc2-4247-b4b4-3635d5f0ab1c,5b91061a-7430-4127-a4d5-a578817c0d7c,127,1,38.26,USD,2026-07-04,2026-07-08,2026-07-10,2026-07-10,livree_a_temps,0
3a1068fe-aff9-406e-8fc0-0403011045ab,ae000a4f-dbc2-4247-b4b4-3635d5f0ab1c,5b91061a-7430-4127-a4d5-a578817c0d7c,127,2,43.16,USD,2026-07-20,2026-07-24,2026-07-31,2026-07-31,livree_a_temps,0
de4b6811-a160-4420-b09e-ab0c992600e8,ae000a4f-dbc2-4247-b4b4-3635d5f0ab1c,5b91061a-7430-4127-a4d5-a578817c0d7c,133,50,13.65,USD,2026-07-16,2026-07-26,2026-07-27,2026-07-27,livree_a_temps,0
304005a7-48cd-4e5b-a5ae-c54e20b43212,ae000a4f-dbc2-4247-b4b4-3635d5f0ab1c,1ddae68a-860d-4f23-9aca-415d47393a0f,118,5,173.78,USD,2026-07-17,2026-07-21,2026-08-02,2026-07-30,livree_a_temps,-3
3f83d91b-3415-4ae5-be61-c074f8c65cbb,ae000a4f-dbc2-4247-b4b4-3635d5f0ab1c,d6e548ef-bc03-4a1f-b3b5-8e0c168b19ca,115,20,806.3,USD,2026-06-26,2026-06-29,2026-07-05,2026-07-19,livree_en_retard,14
91da10af-3ebb-497c-bada-6c08349bb7d1,ae000a4f-dbc2-4247-b4b4-3635d5f0ab1c,9bb3c213-0e9d-45eb-8a53-e57212022972,115,1,808.42,USD,2026-06-26,2026-07-03,2026-07-09,2026-07-09,livree_a_temps,0
c1431c4e-e575-4fbb-956a-b6f356d5a8dc,ae000a4f-dbc2-4247-b4b4-3635d5f0ab1c,a7f6214b-f04a-4da5-8ca0-520e1ea9e472,124,1,300.15,USD,2026-07-11,2026-07-20,2026-08-01,2026-08-01,livree_a_temps,0
d0e8e805-777b-4159-9726-488c2da56452,ae000a4f-dbc2-4247-b4b4-3635d5f0ab1c,d6e548ef-bc03-4a1f-b3b5-8e0c168b19ca,116,50,197.5,USD,2026-07-06,2026-07-14,2026-07-17,2026-07-18,livree_en_retard,1
dacf80fa-faea-449c-bef6-4a3a17c1bad8,ae000a4f-dbc2-4247-b4b4-3635d5f0ab1c,bd3e241f-f501-4299-ba40-37a61386691f,6,2,18.9,USD,2026-07-09,2026-07-10,2026-07-13,2026-07-13,livree_a_temps,0
6b1adc8f-b172-4005-bb74-284ff705b53d,ae000a4f-dbc2-4247-b4b4-3635d5f0ab1c,00ab9818-5274-4d3b-b16c-68b4f0e95292,20,50,80.6,USD,2026-07-15,2026-07-23,2026-08-07,2026-08-10,livree_en_retard,3
89ae7a4d-15a3-48b6-b759-6305ee91d232,ae000a4f-dbc2-4247-b4b4-3635d5f0ab1c,4d5bf674-1703-4bc1-8286-b8b139630aa8,16,5,114.62,USD,2026-06-27,2026-06-28,2026-07-13,2026-07-13,livree_a_temps,0
3520362e-b54f-41b8-8d58-9c51ce56cc7b,ae000a4f-dbc2-4247-b4b4-3635d5f0ab1c,4d5bf674-1703-4bc1-8286-b8b139630aa8,23,5,82.96,USD,2026-07-06,2026-07-10,2026-07-23,2026-07-23,livree_a_temps,0
010aa7f6-4041-4bf8-ad70-f589531eb542,ae000a4f-dbc2-4247-b4b4-3635d5f0ab1c,4b0da602-5f61-4d55-be93-470463212538,25,50,8.47,USD,2026-07-11,2026-07-16,2026-07-20,2026-08-04,livree_en_retard,15
bd83c573-64da-43a7-9127-ad70580519e5,ae000a4f-dbc2-4247-b4b4-3635d5f0ab1c,00ab9818-5274-4d3b-b16c-68b4f0e95292,16,10,110.72,USD,2026-06-30,2026-07-07,2026-07-15,2026-07-15,livree_a_temps,0
bc0ded61-86d2-43d0-b1bc-e5e05ebfa075,ae000a4f-dbc2-4247-b4b4-3635d5f0ab1c,87d82af0-297c-48d8-b9bb-0d0df1927534,103,20,51.88,USD,2026-07-22,2026-07-25,2026-08-10,2026-08-10,livree_a_temps,0
2efcd832-0293-4c33-a238-b6391b7416de,ae000a4f-dbc2-4247-b4b4-3635d5f0ab1c,5494dc42-ee22-4ee1-a74c-b4fc97439873,102,5,4.17,USD,2026-07-11,2026-07-13,2026-07-27,2026-08-02,livree_en_retard,6
84362fc7-f3a3-4e46-a498-03266b0a56c3,ae000a4f-dbc2-4247-b4b4-3635d5f0ab1c,a8752895-2aeb-4978-9f7b-cef9caecf1e6,74,50,58.54,USD,2026-07-27,2026-08-05,2026-08-25,2026-08-25,livree_a_temps,0
f5cf85cd-ab49-4142-9999-706fdc9933af,ae000a4f-dbc2-4247-b4b4-3635d5f0ab1c,2697403b-cac8-4ddf-9326-a087358c5122,69,50,63.86,USD,2026-08-24,2026-09-02,2026-09-26,,en_cours,
f0129e7a-bb2b-4243-a547-c82fd9b1e661,ae000a4f-dbc2-4247-b4b4-3635d5f0ab1c,bc5b55fa-f576-4627-a4df-94b9c031ffc3,70,5,25.66,USD,2026-08-02,2026-08-11,2026-08-13,2026-09-04,livree_en_retard,22
7a60eea8-317c-4783-9736-2a961dbecbd7,ae000a4f-dbc2-4247-b4b4-3635d5f0ab1c,822a4728-f57f-4877-a54b-af8a3b060c70,134,100,29.39,USD,2026-08-12,2026-08-13,2026-08-17,2026-08-17,livree_a_temps,0
411472c9-c5a5-4173-92a5-f86d175a041e,ae000a4f-dbc2-4247-b4b4-3635d5f0ab1c,9a6f40c5-41c3-4f2b-a7ab-e42a48773101,120,2,576.08,USD,2026-08-09,2026-08-10,2026-08-11,2026-08-11,livree_a_temps,0
96adefe6-4e79-435a-adfc-03f527b94a89,ae000a4f-dbc2-4247-b4b4-3635d5f0ab1c,c594d23a-fd74-4e3b-877c-79b8f4c6139d,118,20,157.96,USD,2026-08-02,2026-08-06,2026-08-17,2026-08-17,livree_a_temps,0
1eb75236-147e-40ff-a4fb-0e0a46abb860,ae000a4f-dbc2-4247-b4b4-3635d5f0ab1c,9a24fb50-00fd-415d-9cf4-263b606218e0,123,5,469.93,USD,2026-08-22,2026-08-31,2026-09-13,,en_cours,
f7de6148-0daf-4e5c-80cc-8dcf571ff12f,ae000a4f-dbc2-4247-b4b4-3635d5f0ab1c,5de62164-c59b-4907-ae96-7a63b4cddbb2,15,10,40.58,USD,2026-08-04,2026-08-13,2026-08-20,2026-08-27,livree_en_retard,7
e4874fe0-b4e6-4b49-9446-50f512af5979,ae000a4f-dbc2-4247-b4b4-3635d5f0ab1c,387413d8-2f51-4f7e-9c4d-d483caa3d19d,21,10,52.85,USD,2026-08-03,2026-08-06,2026-08-21,2026-08-21,livree_a_temps,0
75bdcce1-d79f-4ce3-a9db-c78ee1f510b3,ae000a4f-dbc2-4247-b4b4-3635d5f0ab1c,a8752895-2aeb-4978-9f7b-cef9caecf1e6,16,50,129.8,USD,2026-07-28,2026-08-07,2026-08-22,2026-08-22,livree_a_temps,0
2d2bd738-d930-4df2-8c39-f7f2cbed888c,ae000a4f-dbc2-4247-b4b4-3635d5f0ab1c,92c68032-42cf-4d97-b0b3-1586b5b4e6b1,23,50,104.11,USD,2026-07-29,2026-08-07,2026-09-04,,en_cours,
486ae2f4-b21f-4a6c-90d9-42d97bf3ba1c,ae000a4f-dbc2-4247-b4b4-3635d5f0ab1c,afa25e1d-9614-4325-939a-28c9c516deaa,20,100,77.07,USD,2026-08-14,2026-08-20,2026-09-02,,en_cours,
f562c344-8159-41e2-8600-4958c4000323,ae000a4f-dbc2-4247-b4b4-3635d5f0ab1c,2e046788-aa07-4595-8d13-bda912cb3837,20,1,75.63,USD,2026-07-26,2026-08-01,2026-08-06,2026-08-18,livree_en_retard,12
18caeea7-49f1-4da1-8d1d-6a78383ba2b9,47412352-fa9b-4881-bdd6-aa37fbcc2ce3,f277c2c1-bc3c-47b9-a164-dba979311684,125,10,35.71,USD,2025-09-01,2025-09-05,2025-09-13,,annulee,
96530479-958d-4e75-a1a5-077d645b3fb3,47412352-fa9b-4881-bdd6-aa37fbcc2ce3,387413d8-2f51-4f7e-9c4d-d483caa3d19d,131,100,55.06,USD,2025-09-19,2025-09-24,2025-10-05,2025-10-03,livree_a_temps,-2
293b09d2-d204-4d0d-bd2d-96d7096fc1b8,47412352-fa9b-4881-bdd6-aa37fbcc2ce3,87d82af0-297c-48d8-b9bb-0d0df1927534,48,1,332.45,USD,2025-09-05,2025-09-11,2025-09-29,2025-09-29,livree_a_temps,0
31aba01b-4cfe-49ea-a88e-35da3db28bbc,47412352-fa9b-4881-bdd6-aa37fbcc2ce3,a42c50e1-e7d1-4a84-95a4-095680d78ab4,56,20,179.7,USD,2025-09-07,2025-09-12,2025-09-21,2025-09-18,livree_a_temps,-3
d3b5e51f-8f08-44f2-a836-8df77491e8ba,47412352-fa9b-4881-bdd6-aa37fbcc2ce3,a8752895-2aeb-4978-9f7b-cef9caecf1e6,24,1,58.74,USD,2025-09-16,2025-09-18,2025-10-15,2025-10-15,livree_a_temps,0
14adc716-3557-4b5e-943d-b198c7536201,47412352-fa9b-4881-bdd6-aa37fbcc2ce3,82c6ba60-8224-461a-951d-8a4e71090f87,27,2,71.09,USD,2025-09-16,2025-09-24,2025-10-05,2025-10-05,livree_a_temps,0
8cd23b36-6450-4ba5-94e4-143c780d570a,47412352-fa9b-4881-bdd6-aa37fbcc2ce3,e5bbc3e5-aaf9-4785-8411-495e76439a19,26,50,5.74,USD,2025-08-31,2025-09-04,2025-09-16,2025-09-16,livree_a_temps,0
cd69ef5e-c324-4281-aef8-68dc53a8dc87,47412352-fa9b-4881-bdd6-aa37fbcc2ce3,ce8c11a2-7764-4c69-9d3d-6efc6283c1a9,41,10,298.29,USD,2025-09-12,2025-09-17,2025-09-23,2025-09-23,livree_a_temps,0
d49d4a35-46df-4408-8b35-59ab733623e7,47412352-fa9b-4881-bdd6-aa37fbcc2ce3,bfd258a1-15d6-405e-80cd-4cf9ed5b730d,39,5,1.98,USD,2025-09-08,2025-09-10,2025-09-14,2025-09-20,livree_en_retard,6
b357904d-7816-4f26-a975-317d6fba4ee3,47412352-fa9b-4881-bdd6-aa37fbcc2ce3,afa25e1d-9614-4325-939a-28c9c516deaa,138,100,234.4,USD,2025-09-06,2025-09-07,2025-09-18,2025-09-19,livree_en_retard,1
cc96b4ed-d359-4ecd-97ca-fcc283977108,47412352-fa9b-4881-bdd6-aa37fbcc2ce3,94a69aa3-865f-4c60-b54b-595ed610efe7,144,1,537.29,USD,2025-09-17,2025-09-25,2025-10-01,2025-09-30,livree_a_temps,-1
00ca213b-0a83-459d-a9c1-d6df22867f54,47412352-fa9b-4881-bdd6-aa37fbcc2ce3,0e0a982e-e2d6-401b-b86c-9af6ccb63233,128,20,23.12,USD,2025-10-13,2025-10-16,2025-10-22,2025-10-23,livree_en_retard,1
994b4e47-028a-4443-abe7-5283b4f3ac66,47412352-fa9b-4881-bdd6-aa37fbcc2ce3,ddb507c6-7c41-4027-bf46-dee06e458cb7,125,20,28.21,USD,2025-10-07,2025-10-11,2025-10-15,2025-11-09,livree_en_retard,25
937461df-a81c-4451-b5b5-2096deaf276a,47412352-fa9b-4881-bdd6-aa37fbcc2ce3,4c414f3e-f0f0-432a-8c5f-74b77ecb5828,130,50,27.28,USD,2025-10-08,2025-10-15,2025-11-07,2025-11-07,livree_a_temps,0
34d5d2b8-d0c4-4a0a-b76f-11a824317b2c,47412352-fa9b-4881-bdd6-aa37fbcc2ce3,30b648e7-ced0-442b-bcd3-dda7eba08e81,50,1,235.22,USD,2025-10-24,2025-11-03,2025-11-05,,annulee,
a8007d8a-6647-4068-b11d-34933d8a16ff,47412352-fa9b-4881-bdd6-aa37fbcc2ce3,08bbc964-d812-43ef-88bc-1b75de877890,52,50,68.37,USD,2025-10-23,2025-11-01,2025-11-02,2025-11-17,livree_en_retard,15
e86851ac-6b6f-4c1e-aac3-a461aaf8a8bb,47412352-fa9b-4881-bdd6-aa37fbcc2ce3,387413d8-2f51-4f7e-9c4d-d483caa3d19d,19,2,99.72,USD,2025-10-26,2025-10-28,2025-11-07,2025-11-07,livree_a_temps,0
4b9bd718-85e0-4295-bd9a-a229f8822fb1,47412352-fa9b-4881-bdd6-aa37fbcc2ce3,afa25e1d-9614-4325-939a-28c9c516deaa,27,10,71,USD,2025-10-24,2025-10-30,2025-11-08,2025-11-05,livree_a_temps,-3
7d0656d0-2e96-4e6f-8b44-33bd989b1534,47412352-fa9b-4881-bdd6-aa37fbcc2ce3,4d5bf674-1703-4bc1-8286-b8b139630aa8,25,1,9.93,USD,2025-10-18,2025-10-22,2025-10-30,2025-10-30,livree_a_temps,0
d43e6ce4-3fd4-4400-9bb7-b2f0ae2f5bef,47412352-fa9b-4881-bdd6-aa37fbcc2ce3,2a06c39f-15ac-4e41-95b7-204e4854f829,41,2,305.05,USD,2025-10-03,2025-10-06,2025-10-19,2025-10-20,livree_en_retard,1
888ecacb-eb23-48e9-83f6-d182a61e754c,47412352-fa9b-4881-bdd6-aa37fbcc2ce3,c4e0701e-3e92-47c1-8df5-3b6a15b8f13d,46,50,339.94,USD,2025-10-07,2025-10-17,2025-10-28,2025-10-28,livree_a_temps,0
f608998c-361a-491e-ad4c-555a73cd646d,47412352-fa9b-4881-bdd6-aa37fbcc2ce3,afa25e1d-9614-4325-939a-28c9c516deaa,139,5,35.09,USD,2025-10-09,2025-10-14,2025-10-20,2025-10-25,livree_en_retard,5
507b61d8-f372-4a8f-b619-f219ed2b1c13,47412352-fa9b-4881-bdd6-aa37fbcc2ce3,312001eb-b07b-4489-a048-16c8b02784fe,138,100,187.76,USD,2025-10-09,2025-10-10,2025-10-12,2025-10-15,livree_en_retard,3
ed356d78-5e81-45b4-ae5b-399ad015aefa,47412352-fa9b-4881-bdd6-aa37fbcc2ce3,9f9edf6f-deea-4916-baa9-bd33204ad5ab,134,100,25.78,USD,2025-11-24,2025-12-02,2025-12-15,2025-12-27,livree_en_retard,12
4df6eb3f-bf83-4f7a-9e55-8523cb1ae1ce,47412352-fa9b-4881-bdd6-aa37fbcc2ce3,ddb507c6-7c41-4027-bf46-dee06e458cb7,19,50,74.05,USD,2025-11-02,2025-11-05,2025-11-11,2025-11-11,livree_a_temps,0
40465211-ea35-4dc5-af46-9246efcd0c73,47412352-fa9b-4881-bdd6-aa37fbcc2ce3,92c68032-42cf-4d97-b0b3-1586b5b4e6b1,19,5,141.64,USD,2025-11-26,2025-11-30,2025-12-28,2025-12-28,livree_a_temps,0
b58771e6-603e-43e2-8e24-460d3fd7ca00,47412352-fa9b-4881-bdd6-aa37fbcc2ce3,0cce90f0-eef2-49a4-8655-7cf84beedd5a,25,100,8.89,USD,2025-11-03,2025-11-04,2025-11-08,2025-11-10,livree_en_retard,2
a1e69aca-e3da-4251-910a-8c197c0b5e22,47412352-fa9b-4881-bdd6-aa37fbcc2ce3,92c68032-42cf-4d97-b0b3-1586b5b4e6b1,25,2,15.1,USD,2025-10-30,2025-11-05,2025-11-25,2025-11-25,livree_a_temps,0
7e9cee96-46e6-4bb1-8e7f-1e454a214fda,47412352-fa9b-4881-bdd6-aa37fbcc2ce3,a42c50e1-e7d1-4a84-95a4-095680d78ab4,21,10,50.06,USD,2025-11-26,2025-11-28,2025-12-06,2025-12-06,livree_a_temps,0
8c222bc5-b7dd-4537-8e7e-c4d41e8872bf,47412352-fa9b-4881-bdd6-aa37fbcc2ce3,407d77ef-d535-4c56-964d-914caca299ef,47,100,410.09,USD,2025-11-13,2025-11-21,2025-12-04,2025-12-04,livree_a_temps,0
a332c8e0-11c5-498c-8688-b21af4051e15,47412352-fa9b-4881-bdd6-aa37fbcc2ce3,afa25e1d-9614-4325-939a-28c9c516deaa,138,1,235.43,USD,2025-11-16,2025-11-21,2025-11-30,2025-11-30,livree_a_temps,0
82dfe82c-fa72-4102-8efa-2ac0fe4dbcde,47412352-fa9b-4881-bdd6-aa37fbcc2ce3,556076a7-4eaa-4ff0-aee1-103e2fb43bb9,136,2,236.69,USD,2025-11-23,2025-11-28,2025-12-05,2025-12-22,livree_en_retard,17
a054bfc4-8cff-4fd2-8190-37722a7e2329,47412352-fa9b-4881-bdd6-aa37fbcc2ce3,cf511785-f907-4baa-9600-cc29a8d369e7,140,10,159.48,USD,2025-11-24,2025-11-29,2025-11-30,2025-12-15,livree_en_retard,15
b6b26855-fcd6-4f89-b488-27c64af5032e,47412352-fa9b-4881-bdd6-aa37fbcc2ce3,d2e0a39b-31b3-4c7e-98cc-450466fb6a32,126,2,5.56,USD,2025-12-02,2025-12-12,2025-12-15,2025-12-15,livree_a_temps,0
164cc08b-b036-4adb-81e6-0472541c5e38,47412352-fa9b-4881-bdd6-aa37fbcc2ce3,312ae8a1-1e93-47d8-84fe-7dd909b0e00d,133,10,16.04,USD,2025-12-08,2025-12-13,2025-12-26,2025-12-25,livree_a_temps,-1
cdee3b59-9e51-44d4-84ca-9b2d1bd47591,47412352-fa9b-4881-bdd6-aa37fbcc2ce3,a7f6214b-f04a-4da5-8ca0-520e1ea9e472,134,10,28.96,USD,2025-12-16,2025-12-20,2025-12-25,2025-12-25,livree_a_temps,0
baf44017-a2ee-470a-bcd9-76a3453645bc,47412352-fa9b-4881-bdd6-aa37fbcc2ce3,387413d8-2f51-4f7e-9c4d-d483caa3d19d,24,100,34.88,USD,2025-12-02,2025-12-12,2025-12-19,2025-12-19,livree_a_temps,0
c298278e-acb1-4eb0-89be-0bb962b0f64d,47412352-fa9b-4881-bdd6-aa37fbcc2ce3,a8752895-2aeb-4978-9f7b-cef9caecf1e6,23,50,87.09,USD,2025-12-11,2025-12-20,2026-01-10,2026-01-10,livree_a_temps,0
8f849ac8-00b7-4b90-9bde-1074ca42d5b1,47412352-fa9b-4881-bdd6-aa37fbcc2ce3,afa25e1d-9614-4325-939a-28c9c516deaa,26,20,6.65,USD,2025-12-10,2025-12-18,2025-12-31,2026-01-07,livree_en_retard,7
a0370f05-2f26-46e9-a53b-2973ff71cceb,47412352-fa9b-4881-bdd6-aa37fbcc2ce3,f303955c-611e-4ac0-8927-9872c330f511,21,100,46.45,USD,2025-12-06,2025-12-14,2025-12-29,2025-12-29,livree_a_temps,0
8e35f29c-4596-4bd5-a0f7-3a6742c47c99,47412352-fa9b-4881-bdd6-aa37fbcc2ce3,bd78e129-6007-46b3-89c4-44bf91d38bc2,135,1,327.63,USD,2025-12-13,2025-12-16,2025-12-26,2025-12-26,livree_a_temps,0
3358ca30-b168-443b-a90a-730a5023ca7d,47412352-fa9b-4881-bdd6-aa37fbcc2ce3,f277c2c1-bc3c-47b9-a164-dba979311684,132,20,19.21,USD,2026-01-26,2026-01-29,2026-02-10,2026-02-19,livree_en_retard,9
4fb0568b-d821-4791-8f11-3e9ff98afa5e,47412352-fa9b-4881-bdd6-aa37fbcc2ce3,d2e0a39b-31b3-4c7e-98cc-450466fb6a32,49,1,149.32,USD,2026-01-02,2026-01-03,2026-01-10,2026-01-14,livree_en_retard,4
798f0037-189a-4561-90ca-5109bf9deb49,47412352-fa9b-4881-bdd6-aa37fbcc2ce3,e5bbc3e5-aaf9-4785-8411-495e76439a19,18,1,62.57,USD,2026-01-11,2026-01-17,2026-01-25,2026-01-25,livree_a_temps,0
cfed4d94-ef23-4897-bec6-10985360b1fb,47412352-fa9b-4881-bdd6-aa37fbcc2ce3,2e046788-aa07-4595-8d13-bda912cb3837,18,100,50.79,USD,2026-01-12,2026-01-19,2026-01-25,2026-01-25,livree_a_temps,0
706a8beb-a6c7-4dd6-8eac-13ddbc4905d1,47412352-fa9b-4881-bdd6-aa37fbcc2ce3,4b0da602-5f61-4d55-be93-470463212538,25,50,9.01,USD,2026-01-22,2026-01-27,2026-02-03,,annulee,
873ab51c-db28-4889-8e7a-2130b9b73dde,47412352-fa9b-4881-bdd6-aa37fbcc2ce3,2e046788-aa07-4595-8d13-bda912cb3837,17,5,18.15,USD,2026-01-16,2026-01-26,2026-02-01,2026-02-10,livree_en_retard,9
44344c90-9fae-4899-90dd-521d82739173,47412352-fa9b-4881-bdd6-aa37fbcc2ce3,a42c50e1-e7d1-4a84-95a4-095680d78ab4,24,1,38.63,USD,2026-01-09,2026-01-18,2026-02-01,2026-02-01,livree_a_temps,0
65b9e245-a117-4faf-96c6-50bb04af32cd,47412352-fa9b-4881-bdd6-aa37fbcc2ce3,55213633-bc98-4df4-98fe-250bd5cc76ce,47,50,253.46,USD,2026-01-21,2026-01-24,2026-01-29,2026-01-26,livree_a_temps,-3
dadcf15f-361f-4976-864c-0353af79ae8a,47412352-fa9b-4881-bdd6-aa37fbcc2ce3,a42c50e1-e7d1-4a84-95a4-095680d78ab4,141,100,142.03,USD,2026-01-25,2026-01-27,2026-02-06,2026-02-12,livree_en_retard,6
0e27274e-8d7c-41f7-9d4c-021b4756fbaf,47412352-fa9b-4881-bdd6-aa37fbcc2ce3,bc5b55fa-f576-4627-a4df-94b9c031ffc3,143,2,261.16,USD,2026-01-16,2026-01-23,2026-01-28,2026-02-16,livree_en_retard,19
b7fb2048-713b-476c-9fa6-c4b490870d0e,47412352-fa9b-4881-bdd6-aa37fbcc2ce3,4c414f3e-f0f0-432a-8c5f-74b77ecb5828,134,20,30.44,USD,2026-02-03,2026-02-10,2026-02-28,2026-02-28,livree_a_temps,0
92da1b56-6887-47f4-b865-5ddccdf12392,47412352-fa9b-4881-bdd6-aa37fbcc2ce3,4c414f3e-f0f0-432a-8c5f-74b77ecb5828,128,2,32.89,USD,2026-02-12,2026-02-18,2026-03-06,2026-03-06,livree_a_temps,0
81d68e49-e91a-45d9-a479-7c9a617411fe,47412352-fa9b-4881-bdd6-aa37fbcc2ce3,d2e0a39b-31b3-4c7e-98cc-450466fb6a32,125,50,26.44,USD,2026-02-07,2026-02-12,2026-02-18,2026-02-18,livree_a_temps,0
4338c6fc-0a85-4d95-90e0-d62eae0609b7,47412352-fa9b-4881-bdd6-aa37fbcc2ce3,e5bbc3e5-aaf9-4785-8411-495e76439a19,16,10,109.17,USD,2026-02-06,2026-02-08,2026-02-14,2026-02-11,livree_a_temps,-3
3d53d860-65e2-4ccf-a2d7-7d955109d8dd,47412352-fa9b-4881-bdd6-aa37fbcc2ce3,00ab9818-5274-4d3b-b16c-68b4f0e95292,19,10,94.55,USD,2026-02-21,2026-02-28,2026-03-10,2026-03-10,livree_a_temps,0
e6da872e-69a0-445d-b5e3-da68b0a28ef9,47412352-fa9b-4881-bdd6-aa37fbcc2ce3,92c68032-42cf-4d97-b0b3-1586b5b4e6b1,23,50,93.9,USD,2026-02-07,2026-02-17,2026-03-06,2026-03-06,livree_a_temps,0
ffc9bd06-5742-4c14-8759-e0e674e1e829,47412352-fa9b-4881-bdd6-aa37fbcc2ce3,bbad2cc4-4ca4-49de-a7ad-9aedb833182e,44,2,20.31,USD,2026-02-03,2026-02-12,2026-02-21,2026-02-19,livree_a_temps,-2
c91850ea-3620-430a-9b2b-42658dc3a060,47412352-fa9b-4881-bdd6-aa37fbcc2ce3,0cce90f0-eef2-49a4-8655-7cf84beedd5a,47,50,272.89,USD,2026-01-28,2026-02-01,2026-02-08,2026-02-18,livree_en_retard,10
a68732b1-f082-4992-8a8b-0537be16a452,47412352-fa9b-4881-bdd6-aa37fbcc2ce3,407d77ef-d535-4c56-964d-914caca299ef,140,10,215.59,USD,2026-02-01,2026-02-10,2026-02-24,2026-02-24,livree_a_temps,0
d7006d9d-5c1d-4c0a-9f09-3b6aea748c87,47412352-fa9b-4881-bdd6-aa37fbcc2ce3,ddb507c6-7c41-4027-bf46-dee06e458cb7,126,20,4.44,USD,2026-03-06,2026-03-15,2026-03-16,2026-03-23,livree_en_retard,7
d124471b-7909-4009-b192-509176d790fa,47412352-fa9b-4881-bdd6-aa37fbcc2ce3,5b5cb032-bcb4-4e20-9df6-1e0e66b4f0d6,130,2,25.84,USD,2026-03-01,2026-03-10,2026-03-27,2026-03-27,livree_a_temps,0
c75f2b0d-4451-4f52-90cd-d0c08fdca747,47412352-fa9b-4881-bdd6-aa37fbcc2ce3,4b0da602-5f61-4d55-be93-470463212538,53,100,52.58,USD,2026-03-12,2026-03-19,2026-03-23,2026-03-23,livree_a_temps,0
36f067f4-f652-44ae-af7c-52d40acd31c2,47412352-fa9b-4881-bdd6-aa37fbcc2ce3,98ac7ba3-6167-4556-81bd-92b16919c9ca,51,2,108.71,USD,2026-03-03,2026-03-08,2026-03-13,2026-03-23,livree_en_retard,10
fc5b3999-f5b7-4412-8059-bd77665b2e1d,47412352-fa9b-4881-bdd6-aa37fbcc2ce3,ddb507c6-7c41-4027-bf46-dee06e458cb7,23,2,56.9,USD,2026-02-28,2026-03-08,2026-03-11,2026-03-21,livree_en_retard,10
31846e61-940c-424d-8c79-9dc7ab925ddc,47412352-fa9b-4881-bdd6-aa37fbcc2ce3,1a873014-f873-4054-894e-8bf644612067,27,50,68.82,USD,2026-03-20,2026-03-25,2026-04-05,2026-04-05,livree_a_temps,0
c28f3a96-862b-4fdf-a808-1929e29ad145,47412352-fa9b-4881-bdd6-aa37fbcc2ce3,407d77ef-d535-4c56-964d-914caca299ef,40,5,385.34,USD,2026-03-08,2026-03-17,2026-03-30,2026-03-30,livree_a_temps,0
14d582a7-bb18-488e-95ea-52e61750a56a,47412352-fa9b-4881-bdd6-aa37fbcc2ce3,f9d0244f-b0de-4cb4-9ae4-55a44b4abb74,137,1,465.56,USD,2026-03-27,2026-04-03,2026-04-19,,annulee,
09759dc3-d0d8-44c1-ad24-bd861316beb4,47412352-fa9b-4881-bdd6-aa37fbcc2ce3,0e0a982e-e2d6-401b-b86c-9af6ccb63233,132,20,18.62,USD,2026-04-19,2026-04-24,2026-04-25,2026-05-05,livree_en_retard,10
a39255a7-6e2d-4788-be2c-f20b44cdbc34,47412352-fa9b-4881-bdd6-aa37fbcc2ce3,5b91061a-7430-4127-a4d5-a578817c0d7c,132,2,18.46,USD,2026-04-01,2026-04-11,2026-04-15,2026-04-15,livree_a_temps,0
29c60a9f-6a35-4e81-a26a-e4a221ea1249,47412352-fa9b-4881-bdd6-aa37fbcc2ce3,53ed2c7c-db6b-44bc-97dc-41f2e27a58af,131,1,51.88,USD,2026-04-14,2026-04-23,2026-05-05,2026-05-02,livree_a_temps,-3
05079b9d-6930-4ea8-9d4a-08021617f877,47412352-fa9b-4881-bdd6-aa37fbcc2ce3,d2e0a39b-31b3-4c7e-98cc-450466fb6a32,56,2,136.33,USD,2026-04-01,2026-04-07,2026-04-09,2026-04-06,livree_a_temps,-3
ff13ceb5-40d6-4061-b806-266a24944ac4,47412352-fa9b-4881-bdd6-aa37fbcc2ce3,30b648e7-ced0-442b-bcd3-dda7eba08e81,55,10,184.81,USD,2026-04-03,2026-04-07,2026-04-08,2026-04-12,livree_en_retard,4
f6ee3bde-416c-45ed-bd93-70eb067ab119,47412352-fa9b-4881-bdd6-aa37fbcc2ce3,a8752895-2aeb-4978-9f7b-cef9caecf1e6,16,1,142.98,USD,2026-04-12,2026-04-19,2026-05-18,2026-05-18,livree_a_temps,0
fd17c802-2021-420e-b687-30308e8f452a,47412352-fa9b-4881-bdd6-aa37fbcc2ce3,f303955c-611e-4ac0-8927-9872c330f511,17,50,19.73,USD,2026-03-29,2026-03-31,2026-04-13,2026-04-10,livree_a_temps,-3
31dda05a-d7ae-480f-8439-3398b8fcb06a,47412352-fa9b-4881-bdd6-aa37fbcc2ce3,92c68032-42cf-4d97-b0b3-1586b5b4e6b1,17,100,24.09,USD,2026-04-03,2026-04-12,2026-04-22,2026-04-22,livree_a_temps,0
374a305c-e656-4d41-888a-c2560a871f3f,47412352-fa9b-4881-bdd6-aa37fbcc2ce3,0cce90f0-eef2-49a4-8655-7cf84beedd5a,16,1,95.69,USD,2026-04-16,2026-04-24,2026-04-30,2026-05-10,livree_en_retard,10
d8cbc1ec-dd93-4ca2-9cd7-2ba0425a0208,47412352-fa9b-4881-bdd6-aa37fbcc2ce3,bd78e129-6007-46b3-89c4-44bf91d38bc2,135,1,332.96,USD,2026-03-31,2026-04-05,2026-04-17,2026-04-17,livree_a_temps,0
1ebec6c2-9fea-493c-ba68-0e29da9f050b,47412352-fa9b-4881-bdd6-aa37fbcc2ce3,7ba3e208-0af4-4e72-ad44-8158cc01b6c4,136,2,444.22,USD,2026-04-10,2026-04-16,2026-05-09,2026-05-09,livree_a_temps,0
78022176-4269-4bdf-ba33-97550194c3ea,47412352-fa9b-4881-bdd6-aa37fbcc2ce3,d2e0a39b-31b3-4c7e-98cc-450466fb6a32,133,1,11.98,USD,2026-05-23,2026-05-26,2026-05-31,2026-05-31,livree_a_temps,0
2bce03eb-c9f8-4a60-bd37-8b2f87b54351,47412352-fa9b-4881-bdd6-aa37fbcc2ce3,00ab9818-5274-4d3b-b16c-68b4f0e95292,18,5,75.22,USD,2026-05-01,2026-05-02,2026-05-08,2026-05-12,livree_en_retard,4
92f77aeb-a7c0-456c-8102-4a1260beeebc,47412352-fa9b-4881-bdd6-aa37fbcc2ce3,d0f9719d-ce72-492d-9f7d-f9616ebc9227,26,1,4.42,USD,2026-05-19,2026-05-28,2026-06-01,2026-06-01,livree_a_temps,0
bd144247-703a-4cc8-9512-01a075ad412f,47412352-fa9b-4881-bdd6-aa37fbcc2ce3,00ab9818-5274-4d3b-b16c-68b4f0e95292,26,100,6.42,USD,2026-05-07,2026-05-09,2026-05-16,2026-05-16,livree_a_temps,0
abd6b637-cd84-448a-a3e8-6debc5ca9756,47412352-fa9b-4881-bdd6-aa37fbcc2ce3,f303955c-611e-4ac0-8927-9872c330f511,16,2,115.36,USD,2026-05-09,2026-05-10,2026-05-23,2026-05-23,livree_a_temps,0
07ef3aec-3fc5-464f-b3d3-fc073574b2fa,47412352-fa9b-4881-bdd6-aa37fbcc2ce3,a60a399f-6dc2-43b0-86af-0b691911039a,42,50,181.92,USD,2026-05-06,2026-05-14,2026-06-10,2026-06-10,livree_a_temps,0
e46e3ee6-2994-478b-87d9-e745eea6e96a,47412352-fa9b-4881-bdd6-aa37fbcc2ce3,afa25e1d-9614-4325-939a-28c9c516deaa,140,5,173.74,USD,2026-05-19,2026-05-21,2026-06-05,2026-06-05,livree_a_temps,0
721683f8-166c-45c7-baec-88883b5117a3,47412352-fa9b-4881-bdd6-aa37fbcc2ce3,556076a7-4eaa-4ff0-aee1-103e2fb43bb9,140,100,137.46,USD,2026-05-11,2026-05-18,2026-05-20,,annulee,
2aec319b-0d18-407f-8318-1f4ee1b61a56,47412352-fa9b-4881-bdd6-aa37fbcc2ce3,94a69aa3-865f-4c60-b54b-595ed610efe7,144,1,564.1,USD,2026-05-25,2026-06-04,2026-06-10,2026-06-10,livree_a_temps,0
f6bfe91f-1813-4450-9663-ea2ddb377681,47412352-fa9b-4881-bdd6-aa37fbcc2ce3,f60eac5c-0c9f-4c5f-9b76-c268e04d77ba,134,20,22.57,USD,2026-06-18,2026-06-23,2026-06-28,2026-07-16,livree_en_retard,18
028e2aba-1d11-4b60-a5bd-9cb35cd5990c,47412352-fa9b-4881-bdd6-aa37fbcc2ce3,312ae8a1-1e93-47d8-84fe-7dd909b0e00d,126,1,6.8,USD,2026-06-09,2026-06-15,2026-06-20,2026-06-20,livree_a_temps,0
590a0dde-54f2-432c-9919-b26b0a190bdc,47412352-fa9b-4881-bdd6-aa37fbcc2ce3,98ac7ba3-6167-4556-81bd-92b16919c9ca,49,2,148.39,USD,2026-05-31,2026-06-10,2026-06-13,2026-06-13,livree_a_temps,0
b0962c6a-bab0-4494-95f6-7bdfc8ebaa9b,47412352-fa9b-4881-bdd6-aa37fbcc2ce3,2e046788-aa07-4595-8d13-bda912cb3837,18,1,58.62,USD,2026-06-09,2026-06-16,2026-06-20,2026-06-23,livree_en_retard,3
4e316e68-de2b-4b71-be83-33538f4bfd1c,47412352-fa9b-4881-bdd6-aa37fbcc2ce3,0cce90f0-eef2-49a4-8655-7cf84beedd5a,21,5,34.82,USD,2026-06-22,2026-06-29,2026-07-04,2026-07-07,livree_en_retard,3
184d83ae-95b9-4c8a-9304-e4b12230cba9,47412352-fa9b-4881-bdd6-aa37fbcc2ce3,4d5bf674-1703-4bc1-8286-b8b139630aa8,23,10,79.33,USD,2026-06-19,2026-06-23,2026-07-01,2026-06-28,livree_a_temps,-3
ce25223b-a190-4759-b3f9-66c0f9009795,47412352-fa9b-4881-bdd6-aa37fbcc2ce3,bbad2cc4-4ca4-49de-a7ad-9aedb833182e,44,2,22.25,USD,2026-06-08,2026-06-13,2026-06-21,2026-06-18,livree_a_temps,-3
a8959190-bf48-4c2e-b296-26fba0c3f5c5,47412352-fa9b-4881-bdd6-aa37fbcc2ce3,5be21ce5-62b1-4728-8aa7-c1137266ce68,140,2,231.91,USD,2026-06-20,2026-06-27,2026-07-08,2026-07-06,livree_a_temps,-2
be153ee5-126c-4329-a420-2255873747bb,47412352-fa9b-4881-bdd6-aa37fbcc2ce3,87d82af0-297c-48d8-b9bb-0d0df1927534,144,20,794.13,USD,2026-05-27,2026-05-29,2026-06-22,2026-06-22,livree_a_temps,0
233f3398-0156-441b-927b-815bb3fabf8d,47412352-fa9b-4881-bdd6-aa37fbcc2ce3,87d82af0-297c-48d8-b9bb-0d0df1927534,142,5,82.76,USD,2026-06-12,2026-06-18,2026-06-28,2026-06-28,livree_a_temps,0
08f67fe1-4d8a-4f46-8b03-bec337f02737,47412352-fa9b-4881-bdd6-aa37fbcc2ce3,d2e0a39b-31b3-4c7e-98cc-450466fb6a32,133,2,12.79,USD,2026-07-21,2026-07-23,2026-07-29,2026-07-26,livree_a_temps,-3
b38db4ca-7493-4012-9981-654eea1bfecd,47412352-fa9b-4881-bdd6-aa37fbcc2ce3,4c414f3e-f0f0-432a-8c5f-74b77ecb5828,130,10,27.24,USD,2026-06-27,2026-06-28,2026-07-19,2026-07-19,livree_a_temps,0
26f7ab95-5a6e-4218-bc18-ceb39871b49e,47412352-fa9b-4881-bdd6-aa37fbcc2ce3,312ae8a1-1e93-47d8-84fe-7dd909b0e00d,134,2,31.71,USD,2026-07-17,2026-07-19,2026-08-03,2026-08-08,livree_en_retard,5
1969ff93-271f-4c55-a62e-83fff043756c,47412352-fa9b-4881-bdd6-aa37fbcc2ce3,e5bbc3e5-aaf9-4785-8411-495e76439a19,27,100,82.01,USD,2026-07-25,2026-07-31,2026-08-15,2026-08-20,livree_en_retard,5
e7eaf671-a5e5-4ecd-a245-1c903829c4e4,47412352-fa9b-4881-bdd6-aa37fbcc2ce3,a42c50e1-e7d1-4a84-95a4-095680d78ab4,25,5,10.9,USD,2026-07-16,2026-07-25,2026-08-06,2026-08-11,livree_en_retard,5
71a05a8e-db42-47e6-befd-c02275abc3b6,47412352-fa9b-4881-bdd6-aa37fbcc2ce3,4d5bf674-1703-4bc1-8286-b8b139630aa8,22,10,78.78,USD,2026-07-07,2026-07-15,2026-07-30,2026-07-30,livree_a_temps,0
dc4b181a-82fa-45a5-9c8e-fe6380c2f716,47412352-fa9b-4881-bdd6-aa37fbcc2ce3,0cce90f0-eef2-49a4-8655-7cf84beedd5a,38,20,333.38,USD,2026-06-30,2026-07-08,2026-07-15,,annulee,
e3aac2b8-aee6-40eb-ae78-255956d39b44,47412352-fa9b-4881-bdd6-aa37fbcc2ce3,bc5b55fa-f576-4627-a4df-94b9c031ffc3,144,20,477.89,USD,2026-07-24,2026-07-28,2026-07-31,2026-08-22,livree_en_retard,22
07d81227-4f07-4903-856b-403ae5fcec3a,47412352-fa9b-4881-bdd6-aa37fbcc2ce3,5be21ce5-62b1-4728-8aa7-c1137266ce68,142,20,68.99,USD,2026-07-18,2026-07-28,2026-08-27,2026-08-27,livree_a_temps,0
6e7c851c-f110-4673-9483-0d8a29a2af31,47412352-fa9b-4881-bdd6-aa37fbcc2ce3,387413d8-2f51-4f7e-9c4d-d483caa3d19d,132,1,20.6,USD,2026-08-19,2026-08-29,2026-09-09,,en_cours,
230bb13d-6d30-4da3-ac05-d1d4f129d7a0,47412352-fa9b-4881-bdd6-aa37fbcc2ce3,87d82af0-297c-48d8-b9bb-0d0df1927534,50,100,406.89,USD,2026-07-27,2026-08-04,2026-08-16,2026-08-16,livree_a_temps,0
62ee4963-859e-4f56-b251-c3a81a7477ee,47412352-fa9b-4881-bdd6-aa37fbcc2ce3,82c6ba60-8224-461a-951d-8a4e71090f87,17,5,18.75,USD,2026-08-01,2026-08-05,2026-08-20,2026-08-27,livree_en_retard,7
fb132353-f643-4046-9fbe-ed828fc887e5,47412352-fa9b-4881-bdd6-aa37fbcc2ce3,82c6ba60-8224-461a-951d-8a4e71090f87,27,1,73.8,USD,2026-08-20,2026-08-30,2026-09-07,,en_cours,
e143df38-2b3b-4bb2-8940-087cf239ab22,47412352-fa9b-4881-bdd6-aa37fbcc2ce3,ddb507c6-7c41-4027-bf46-dee06e458cb7,21,20,39.91,USD,2026-08-13,2026-08-17,2026-08-18,2026-09-10,livree_en_retard,23
b1d08bdd-23e7-4337-ac64-1e4a8c30c8a2,47412352-fa9b-4881-bdd6-aa37fbcc2ce3,f303955c-611e-4ac0-8927-9872c330f511,24,10,41.57,USD,2026-07-27,2026-08-01,2026-08-07,2026-08-07,livree_a_temps,0
f681608c-f6a9-42f6-9b9a-1e0fc3a4a582,47412352-fa9b-4881-bdd6-aa37fbcc2ce3,1a873014-f873-4054-894e-8bf644612067,17,10,18.64,USD,2026-08-14,2026-08-16,2026-08-20,2026-08-20,livree_a_temps,0
ed129a4a-1693-4401-a4d2-f5573b95437c,47412352-fa9b-4881-bdd6-aa37fbcc2ce3,084092b1-5493-4cad-b86b-704b24f9a40c,39,50,1.54,USD,2026-08-24,2026-08-29,2026-09-03,,en_cours,
5cf8dcc0-26ba-43b1-8f8b-db5a0340004d,47412352-fa9b-4881-bdd6-aa37fbcc2ce3,f70162d2-4a8d-4d4d-9446-bb766f3e1c37,137,50,445.37,USD,2026-08-24,2026-08-29,2026-09-05,,en_cours,
8c805a0a-146c-41b7-b8e9-55723c3b605d,47412352-fa9b-4881-bdd6-aa37fbcc2ce3,bc5b55fa-f576-4627-a4df-94b9c031ffc3,144,20,493.27,USD,2026-08-02,2026-08-08,2026-08-14,2026-08-28,livree_en_retard,14
f692c65c-83e1-4e21-ad51-4bf259c19de8,82563cbe-1a9f-4aeb-b31a-d18aac64d91f,d12c1c4b-c6e6-42fa-8a67-917383e19cdb,112,1,94.89,USD,2025-09-19,2025-09-21,2025-10-03,2025-10-03,livree_a_temps,0
ca34adcd-9e4f-4396-83fc-794e45d71271,82563cbe-1a9f-4aeb-b31a-d18aac64d91f,4c414f3e-f0f0-432a-8c5f-74b77ecb5828,106,1,218.14,USD,2025-09-21,2025-09-25,2025-10-17,2025-10-17,livree_a_temps,0
017882ff-dd3a-4bc4-ac76-2012c582fbcf,82563cbe-1a9f-4aeb-b31a-d18aac64d91f,afa25e1d-9614-4325-939a-28c9c516deaa,142,100,68.08,USD,2025-09-02,2025-09-04,2025-09-10,2025-09-13,livree_en_retard,3
84617a27-340c-489c-90ad-891d61e7d302,82563cbe-1a9f-4aeb-b31a-d18aac64d91f,94a69aa3-865f-4c60-b54b-595ed610efe7,142,1,55.27,USD,2025-09-20,2025-09-22,2025-10-06,2025-10-06,livree_a_temps,0
3c4e2153-da16-45b6-a8fc-d2a8850c6f93,82563cbe-1a9f-4aeb-b31a-d18aac64d91f,77ad32c8-2e7a-4441-ba6f-5539ebe4560b,135,1,325.78,USD,2025-09-25,2025-10-05,2025-10-16,2025-10-16,livree_a_temps,0
250554cf-87e7-47d2-8ef0-517bee44cc28,82563cbe-1a9f-4aeb-b31a-d18aac64d91f,53ed2c7c-db6b-44bc-97dc-41f2e27a58af,3,2,50.62,USD,2025-09-07,2025-09-08,2025-09-14,2025-09-14,livree_a_temps,0
ef11e9d5-34a7-4c8e-b06f-0503adbf8d03,82563cbe-1a9f-4aeb-b31a-d18aac64d91f,cf511785-f907-4baa-9600-cc29a8d369e7,74,10,34.77,USD,2025-09-12,2025-09-21,2025-09-24,2025-09-24,livree_a_temps,0
e31781d8-0f8e-4f76-b8e1-2515f60505b6,82563cbe-1a9f-4aeb-b31a-d18aac64d91f,105011ac-2ee0-4e9f-9ae8-95f646d37a65,77,10,48.16,USD,2025-09-19,2025-09-29,2025-10-03,2025-10-03,livree_a_temps,0
fc023f3c-12d7-4e29-a786-94268f82d2e2,82563cbe-1a9f-4aeb-b31a-d18aac64d91f,14e13be0-90c7-4e0e-b6f8-9792e15ebc20,60,2,708.41,USD,2025-09-13,2025-09-16,2025-09-20,2025-09-20,livree_a_temps,0
2b24c432-d620-42d3-a79a-7c695d6b9efb,82563cbe-1a9f-4aeb-b31a-d18aac64d91f,30b648e7-ced0-442b-bcd3-dda7eba08e81,52,5,62.65,USD,2025-09-27,2025-10-03,2025-10-10,2025-10-15,livree_en_retard,5
46d967e2-d145-47c4-94eb-619c42b15247,82563cbe-1a9f-4aeb-b31a-d18aac64d91f,d12c1c4b-c6e6-42fa-8a67-917383e19cdb,56,50,184.4,USD,2025-09-14,2025-09-23,2025-09-30,2025-09-29,livree_a_temps,-1
471935b8-1451-4ab7-bb21-733e3ac1547f,82563cbe-1a9f-4aeb-b31a-d18aac64d91f,50c1784a-9dd7-49d3-a367-b49e81d4fcc9,129,20,18.97,USD,2025-09-04,2025-09-12,2025-09-15,2025-09-23,livree_en_retard,8
5cbde1d4-00e2-4a95-9e88-4af1239a6407,82563cbe-1a9f-4aeb-b31a-d18aac64d91f,0e0a982e-e2d6-401b-b86c-9af6ccb63233,133,100,12.77,USD,2025-09-10,2025-09-16,2025-09-21,2025-10-08,livree_en_retard,17
af088606-11d2-45de-b5b5-bc33f2bca5f5,82563cbe-1a9f-4aeb-b31a-d18aac64d91f,0d531816-c82c-4586-bfbc-4ebbe28b7d40,110,2,7.16,USD,2025-10-25,2025-11-02,2025-11-13,2025-11-13,livree_a_temps,0
8d63f418-b19e-4e36-b651-29b8eff61036,82563cbe-1a9f-4aeb-b31a-d18aac64d91f,5be21ce5-62b1-4728-8aa7-c1137266ce68,114,5,18.43,USD,2025-10-27,2025-10-30,2025-11-22,2025-11-22,livree_a_temps,0
def2cb52-366f-4304-af6b-d4180c565ccd,82563cbe-1a9f-4aeb-b31a-d18aac64d91f,5be21ce5-62b1-4728-8aa7-c1137266ce68,108,2,224.48,USD,2025-10-05,2025-10-12,2025-11-09,2025-11-08,livree_a_temps,-1
18d122f0-d9fe-495e-95bf-5e2ea98c9fd7,82563cbe-1a9f-4aeb-b31a-d18aac64d91f,2bfdf093-ad3c-481e-a90b-325afce73553,112,5,80.13,USD,2025-10-07,2025-10-14,2025-10-16,2025-10-26,livree_en_retard,10
38b5bb2d-9a90-4683-9b00-091324efe620,82563cbe-1a9f-4aeb-b31a-d18aac64d91f,afa25e1d-9614-4325-939a-28c9c516deaa,144,20,573.64,USD,2025-10-05,2025-10-10,2025-10-17,2025-10-17,livree_a_temps,0
e888387a-c2a2-4046-9e47-26976035cf24,82563cbe-1a9f-4aeb-b31a-d18aac64d91f,f277c2c1-bc3c-47b9-a164-dba979311684,142,10,60.68,USD,2025-10-03,2025-10-10,2025-10-24,2025-10-24,livree_a_temps,0
601675a8-3df1-472d-9ae1-d1416afff5ab,82563cbe-1a9f-4aeb-b31a-d18aac64d91f,50c1784a-9dd7-49d3-a367-b49e81d4fcc9,3,20,42.23,USD,2025-10-02,2025-10-03,2025-10-04,2025-10-04,livree_a_temps,0
5b8bcf84-b42d-4135-809f-7c50cca4d314,82563cbe-1a9f-4aeb-b31a-d18aac64d91f,e62c2c04-1277-440a-8b88-e465e31f7939,68,1,16.34,USD,2025-10-10,2025-10-11,2025-10-16,2025-10-15,livree_a_temps,-1
f960986e-de0a-414b-a077-983311149bf8,82563cbe-1a9f-4aeb-b31a-d18aac64d91f,1613efa3-4f0b-4713-a9d9-eca2162168d0,70,50,35.56,USD,2025-10-14,2025-10-23,2025-11-14,2025-11-14,livree_a_temps,0
ada0993f-3818-4793-ae5b-a5ea894e64b7,82563cbe-1a9f-4aeb-b31a-d18aac64d91f,bc5b55fa-f576-4627-a4df-94b9c031ffc3,68,10,12.85,USD,2025-10-11,2025-10-20,2025-10-21,2025-10-21,livree_a_temps,0
b91def0b-65cb-4426-a2a6-07b757a03e97,82563cbe-1a9f-4aeb-b31a-d18aac64d91f,87d82af0-297c-48d8-b9bb-0d0df1927534,53,20,91.51,USD,2025-10-06,2025-10-15,2025-11-11,2025-11-11,livree_a_temps,0
951ff75f-972e-45f5-a70b-cb73efb4e50e,82563cbe-1a9f-4aeb-b31a-d18aac64d91f,98390bdc-1e93-4618-8e29-ce8ed6a4aed8,50,20,282.69,USD,2025-10-15,2025-10-16,2025-10-22,2025-10-22,livree_a_temps,0
b0036941-aeee-4b6c-b29c-c10c5d076d68,82563cbe-1a9f-4aeb-b31a-d18aac64d91f,a42c50e1-e7d1-4a84-95a4-095680d78ab4,53,5,63.62,USD,2025-09-30,2025-10-03,2025-10-13,2025-10-13,livree_a_temps,0
d0cdc093-d912-4ff0-90d9-9de00292c2e5,82563cbe-1a9f-4aeb-b31a-d18aac64d91f,387413d8-2f51-4f7e-9c4d-d483caa3d19d,130,5,19.44,USD,2025-10-26,2025-10-28,2025-11-01,2025-11-06,livree_en_retard,5
d7e9576c-7e94-4a14-b722-3a9bde420d30,82563cbe-1a9f-4aeb-b31a-d18aac64d91f,0e0a982e-e2d6-401b-b86c-9af6ccb63233,134,1,24.34,USD,2025-10-12,2025-10-19,2025-10-22,2025-11-05,livree_en_retard,14
60b67cbe-c562-417f-9fe0-41920f41261d,82563cbe-1a9f-4aeb-b31a-d18aac64d91f,9f9edf6f-deea-4916-baa9-bd33204ad5ab,128,100,28.06,USD,2025-10-25,2025-10-30,2025-11-06,2025-11-21,livree_en_retard,15
569281d5-96c3-491e-82df-06e37feaf466,82563cbe-1a9f-4aeb-b31a-d18aac64d91f,833d445f-a8a6-41ba-9fde-63c65c37bdd3,111,10,114.22,USD,2025-11-15,2025-11-22,2025-12-06,2025-12-06,livree_a_temps,0
35d71c8a-5b9b-4c07-8192-f2cbd8b6174e,82563cbe-1a9f-4aeb-b31a-d18aac64d91f,845a7e7a-2509-41fe-80b2-7d1da505955b,107,5,8.55,USD,2025-11-09,2025-11-16,2025-11-22,2025-11-29,livree_en_retard,7
3b9c1bc9-dbbe-4091-8b1a-2424c757f9a7,82563cbe-1a9f-4aeb-b31a-d18aac64d91f,edc06193-34c0-4385-9baa-404ab7a67986,111,20,102,USD,2025-11-25,2025-11-30,2025-12-15,2025-12-15,livree_a_temps,0
43efb6d6-8d6f-49a3-ba61-c52e0ebf1a03,82563cbe-1a9f-4aeb-b31a-d18aac64d91f,ce8c11a2-7764-4c69-9d3d-6efc6283c1a9,111,50,76.67,USD,2025-11-22,2025-12-01,2025-12-08,2025-12-08,livree_a_temps,0
c7d72c0b-ea19-4cc1-b5ec-4b8dc5c170d4,82563cbe-1a9f-4aeb-b31a-d18aac64d91f,d12c1c4b-c6e6-42fa-8a67-917383e19cdb,114,2,16.86,USD,2025-11-15,2025-11-19,2025-11-28,,annulee,
7684982e-46b0-4d46-a202-5caf827124ac,82563cbe-1a9f-4aeb-b31a-d18aac64d91f,e46c25a1-05f4-493c-a89e-938d1791b3d2,144,50,667.06,USD,2025-10-29,2025-11-04,2025-11-22,2025-11-22,livree_a_temps,0
fd886a11-bef0-4de6-a728-31557e522a6c,82563cbe-1a9f-4aeb-b31a-d18aac64d91f,94a69aa3-865f-4c60-b54b-595ed610efe7,142,1,54.37,USD,2025-11-10,2025-11-19,2025-11-26,2025-11-26,livree_a_temps,0
ffc357b1-cca5-4afb-87ec-d4e97e85ade6,82563cbe-1a9f-4aeb-b31a-d18aac64d91f,c4e0701e-3e92-47c1-8df5-3b6a15b8f13d,137,5,390.21,USD,2025-11-05,2025-11-06,2025-11-21,2025-11-21,livree_a_temps,0
80cc0ca2-6872-4a92-af2f-0676087a1702,82563cbe-1a9f-4aeb-b31a-d18aac64d91f,407d77ef-d535-4c56-964d-914caca299ef,140,2,200.74,USD,2025-11-21,2025-11-23,2025-12-07,2025-12-12,livree_en_retard,5
63cd4521-5bb8-49ef-aeab-724ddde7e426,82563cbe-1a9f-4aeb-b31a-d18aac64d91f,a42c50e1-e7d1-4a84-95a4-095680d78ab4,139,2,38.12,USD,2025-11-23,2025-11-30,2025-12-13,2025-12-13,livree_a_temps,0
2618cd7c-1e57-492d-a63b-890e0baa7bb4,82563cbe-1a9f-4aeb-b31a-d18aac64d91f,eb0bd6d1-4f0a-4fa7-b419-2410f4535aa7,2,1,38.09,USD,2025-11-21,2025-12-01,2025-12-10,2025-12-17,livree_en_retard,7
4a898fcd-547b-4a43-b378-7c17a41cf2fa,82563cbe-1a9f-4aeb-b31a-d18aac64d91f,5de62164-c59b-4907-ae96-7a63b4cddbb2,9,1,37.13,USD,2025-11-24,2025-12-02,2025-12-05,2025-12-18,livree_en_retard,13
b830d238-1e66-4b43-8cc5-ea2b40bce168,82563cbe-1a9f-4aeb-b31a-d18aac64d91f,4d5bf674-1703-4bc1-8286-b8b139630aa8,2,2,36,USD,2025-11-07,2025-11-14,2025-11-20,2025-11-22,livree_en_retard,2
55440d49-96d9-4ecc-900a-c914455da58f,82563cbe-1a9f-4aeb-b31a-d18aac64d91f,5a131d9a-320b-4460-b554-997bcd47bfd0,69,50,40.63,USD,2025-11-19,2025-11-24,2025-12-02,2025-12-04,livree_en_retard,2
a5be148d-f5fa-49b7-b48e-f450aa86dd96,82563cbe-1a9f-4aeb-b31a-d18aac64d91f,5b91061a-7430-4127-a4d5-a578817c0d7c,70,20,22.11,USD,2025-11-01,2025-11-10,2025-11-14,2025-11-14,livree_a_temps,0
4cad5588-0eba-447e-b360-af69bfa19eb3,82563cbe-1a9f-4aeb-b31a-d18aac64d91f,98390bdc-1e93-4618-8e29-ce8ed6a4aed8,51,5,128.73,USD,2025-11-16,2025-11-25,2025-12-08,2025-12-13,livree_en_retard,5
fb468a79-bb2a-4c59-91f6-9c27c64e643c,82563cbe-1a9f-4aeb-b31a-d18aac64d91f,312ae8a1-1e93-47d8-84fe-7dd909b0e00d,126,50,6.67,USD,2025-11-03,2025-11-05,2025-11-10,2025-11-10,livree_a_temps,0
983246e3-f780-4ffe-9d37-4ee6214ff876,82563cbe-1a9f-4aeb-b31a-d18aac64d91f,4c414f3e-f0f0-432a-8c5f-74b77ecb5828,134,5,37.4,USD,2025-10-29,2025-11-08,2025-12-03,2025-12-08,livree_en_retard,5
a332e292-7937-472d-9c38-05979f4ef117,82563cbe-1a9f-4aeb-b31a-d18aac64d91f,5b5cb032-bcb4-4e20-9df6-1e0e66b4f0d6,131,20,73.56,USD,2025-11-04,2025-11-14,2025-12-12,2025-12-18,livree_en_retard,6
02e66ac9-fbe3-4643-a7af-f1b96dba96e4,82563cbe-1a9f-4aeb-b31a-d18aac64d91f,d6e548ef-bc03-4a1f-b3b5-8e0c168b19ca,107,1,6.87,USD,2025-12-15,2025-12-18,2025-12-20,2025-12-20,livree_a_temps,0
765c6179-0fe4-438d-a990-ca5a6b596913,82563cbe-1a9f-4aeb-b31a-d18aac64d91f,a8752895-2aeb-4978-9f7b-cef9caecf1e6,110,2,10.75,USD,2025-12-10,2025-12-18,2026-01-04,2026-01-04,livree_a_temps,0
778f9ee3-df4b-4088-8a9f-6bd0f926a1a9,82563cbe-1a9f-4aeb-b31a-d18aac64d91f,833d445f-a8a6-41ba-9fde-63c65c37bdd3,111,1,121.85,USD,2025-12-12,2025-12-17,2026-01-07,2026-01-07,livree_a_temps,0
fdd13ff2-60b2-421b-ac42-6fa3f4c21cd8,82563cbe-1a9f-4aeb-b31a-d18aac64d91f,232eb202-5f79-4535-a0c6-04314b19685c,138,100,209.97,USD,2025-12-23,2025-12-29,2026-01-08,2026-01-06,livree_a_temps,-2
6f6009e4-976a-40d2-bdf5-b1707375f6b9,82563cbe-1a9f-4aeb-b31a-d18aac64d91f,98ac7ba3-6167-4556-81bd-92b16919c9ca,141,50,93.48,USD,2025-12-18,2025-12-25,2025-12-28,2025-12-28,livree_a_temps,0
99a2d20f-689e-4cda-9051-ddd87b26429b,82563cbe-1a9f-4aeb-b31a-d18aac64d91f,eb0bd6d1-4f0a-4fa7-b419-2410f4535aa7,9,1,53.48,USD,2025-12-23,2025-12-25,2026-01-04,2026-01-12,livree_en_retard,8
9b7160d6-50f5-4e30-9299-b63ca757aa75,82563cbe-1a9f-4aeb-b31a-d18aac64d91f,36ddc887-6df4-4129-b6b2-5106f5e0328b,70,20,24.69,USD,2025-12-05,2025-12-11,2025-12-12,2025-12-20,livree_en_retard,8
2ff7f3a4-2a7b-45bc-939f-7737c80dd657,82563cbe-1a9f-4aeb-b31a-d18aac64d91f,0e0a982e-e2d6-401b-b86c-9af6ccb63233,61,1,449.13,USD,2025-12-11,2025-12-20,2025-12-24,2026-01-01,livree_en_retard,8
df34dcea-8e09-439d-b63c-ba4420b4890a,82563cbe-1a9f-4aeb-b31a-d18aac64d91f,4b0da602-5f61-4d55-be93-470463212538,53,20,48.88,USD,2025-12-06,2025-12-07,2025-12-08,2025-12-08,livree_a_temps,0
1995b792-7fa2-4bd7-9bcf-94de62d530b6,82563cbe-1a9f-4aeb-b31a-d18aac64d91f,83dde059-513e-4073-ac2a-fa13a3a1e575,51,1,110.25,USD,2025-12-01,2025-12-11,2025-12-15,2025-12-25,livree_en_retard,10
412c1f17-05d2-48fe-9894-9f25ce9eaa95,82563cbe-1a9f-4aeb-b31a-d18aac64d91f,30b648e7-ced0-442b-bcd3-dda7eba08e81,53,50,61.11,USD,2025-12-20,2025-12-28,2025-12-31,2025-12-31,livree_a_temps,0
c6cb71aa-b0b0-4930-8667-067fcc858415,82563cbe-1a9f-4aeb-b31a-d18aac64d91f,d2e0a39b-31b3-4c7e-98cc-450466fb6a32,132,5,17.15,USD,2025-12-02,2025-12-05,2025-12-11,2025-12-14,livree_en_retard,3
6357f174-2d90-4b29-8453-fb798605484b,82563cbe-1a9f-4aeb-b31a-d18aac64d91f,f277c2c1-bc3c-47b9-a164-dba979311684,130,100,19.85,USD,2025-12-08,2025-12-16,2025-12-27,2025-12-27,livree_a_temps,0
192ceddf-97d3-4464-8766-75aca08f6cfe,82563cbe-1a9f-4aeb-b31a-d18aac64d91f,ddb507c6-7c41-4027-bf46-dee06e458cb7,126,5,5.15,USD,2025-12-06,2025-12-11,2025-12-15,2025-12-16,livree_en_retard,1
5f8a11e8-a773-4969-aeaa-cc580c6d5dc1,82563cbe-1a9f-4aeb-b31a-d18aac64d91f,14e13be0-90c7-4e0e-b6f8-9792e15ebc20,108,20,154.12,USD,2026-01-11,2026-01-17,2026-01-19,2026-01-19,livree_a_temps,0
0ffbf622-8c3a-416d-9a60-5c1d8ad84068,82563cbe-1a9f-4aeb-b31a-d18aac64d91f,65c02af0-837c-45f5-91bd-6ad4308cb818,109,10,59.13,USD,2026-01-20,2026-01-27,2026-02-01,2026-02-01,livree_a_temps,0
7fc37cde-a25c-4fda-9635-c6643c519b54,82563cbe-1a9f-4aeb-b31a-d18aac64d91f,5de62164-c59b-4907-ae96-7a63b4cddbb2,106,100,162.61,USD,2025-12-31,2026-01-03,2026-01-07,2026-01-19,livree_en_retard,12
2ceeda99-7792-4417-b44b-b6c8492d4ccc,82563cbe-1a9f-4aeb-b31a-d18aac64d91f,bc5b55fa-f576-4627-a4df-94b9c031ffc3,143,1,302.48,USD,2026-01-13,2026-01-19,2026-01-24,2026-01-24,livree_a_temps,0
70ad732d-52fb-4d8d-ae3c-6e2f2c00bc98,82563cbe-1a9f-4aeb-b31a-d18aac64d91f,bfd258a1-15d6-405e-80cd-4cf9ed5b730d,137,20,428.22,USD,2026-01-20,2026-01-28,2026-02-10,2026-02-10,livree_a_temps,0
4426ddb9-6b2f-4368-ad24-75a7b893eb9f,82563cbe-1a9f-4aeb-b31a-d18aac64d91f,98ac7ba3-6167-4556-81bd-92b16919c9ca,140,10,130.62,USD,2026-01-04,2026-01-12,2026-01-15,2026-01-17,livree_en_retard,2
20bd183a-f53b-44a8-8299-fc24f7dc3850,82563cbe-1a9f-4aeb-b31a-d18aac64d91f,f9d0244f-b0de-4cb4-9ae4-55a44b4abb74,139,20,42.84,USD,2026-01-17,2026-01-24,2026-02-08,2026-02-18,livree_en_retard,10
4ed62fb8-941c-41ff-90a2-35060964e296,82563cbe-1a9f-4aeb-b31a-d18aac64d91f,30b648e7-ced0-442b-bcd3-dda7eba08e81,144,2,426.3,USD,2026-01-24,2026-01-30,2026-02-05,2026-02-23,livree_en_retard,18
81945551-5626-4948-9407-e2f917d092db,82563cbe-1a9f-4aeb-b31a-d18aac64d91f,94a69aa3-865f-4c60-b54b-595ed610efe7,11,20,50.17,USD,2025-12-29,2026-01-04,2026-01-14,2026-01-14,livree_a_temps,0
9cc464ec-1a0c-4609-a146-b61c0c28f41a,82563cbe-1a9f-4aeb-b31a-d18aac64d91f,e5bbc3e5-aaf9-4785-8411-495e76439a19,2,2,35.69,USD,2026-01-26,2026-01-31,2026-02-12,2026-02-12,livree_a_temps,0
b2952c66-7417-4229-90f3-49479b1c347e,82563cbe-1a9f-4aeb-b31a-d18aac64d91f,6ddb19c1-837f-43af-91b7-6335e905a1a2,4,10,38.27,USD,2026-01-25,2026-01-31,2026-02-28,2026-02-28,livree_a_temps,0
a9e21d74-28df-47ac-bd89-23f3ec17ba7e,82563cbe-1a9f-4aeb-b31a-d18aac64d91f,f60eac5c-0c9f-4c5f-9b76-c268e04d77ba,68,1,16.35,USD,2026-01-25,2026-01-27,2026-02-02,2026-02-17,livree_en_retard,15
8a3670ef-9db2-4260-af95-22ebec49aab3,82563cbe-1a9f-4aeb-b31a-d18aac64d91f,bc5b55fa-f576-4627-a4df-94b9c031ffc3,77,5,40.38,USD,2026-01-04,2026-01-07,2026-01-10,2026-01-10,livree_a_temps,0
06312168-4638-42b8-ad9e-e08749e6c961,82563cbe-1a9f-4aeb-b31a-d18aac64d91f,556076a7-4eaa-4ff0-aee1-103e2fb43bb9,63,10,444.63,USD,2026-01-18,2026-01-27,2026-01-29,2026-02-01,livree_en_retard,3
5b878c3c-19d3-43b2-ab56-5328836b9b43,82563cbe-1a9f-4aeb-b31a-d18aac64d91f,a42c50e1-e7d1-4a84-95a4-095680d78ab4,50,100,266.9,USD,2026-01-26,2026-02-02,2026-02-10,2026-02-10,livree_a_temps,0
5fe128db-1a5a-48dc-bd49-2bc62bb3814c,82563cbe-1a9f-4aeb-b31a-d18aac64d91f,a42c50e1-e7d1-4a84-95a4-095680d78ab4,53,2,62.81,USD,2026-01-25,2026-02-02,2026-02-15,2026-02-15,livree_a_temps,0
67b86bbd-5a44-4f01-981e-ea481cf9a8ac,82563cbe-1a9f-4aeb-b31a-d18aac64d91f,4b0da602-5f61-4d55-be93-470463212538,51,100,112.34,USD,2026-01-04,2026-01-09,2026-01-15,,annulee,
8bbb56ed-9178-4fb7-b231-d972c1e9d479,82563cbe-1a9f-4aeb-b31a-d18aac64d91f,5b5cb032-bcb4-4e20-9df6-1e0e66b4f0d6,132,2,23.44,USD,2026-01-13,2026-01-22,2026-02-12,2026-02-12,livree_a_temps,0
25e3e5c6-b5ea-4893-b80a-6e98a3b75c6f,82563cbe-1a9f-4aeb-b31a-d18aac64d91f,822a4728-f57f-4877-a54b-af8a3b060c70,134,1,27.05,USD,2026-01-01,2026-01-02,2026-01-07,2026-01-05,livree_a_temps,-2
157d15eb-b5ec-4bb1-bc46-dd4081727433,82563cbe-1a9f-4aeb-b31a-d18aac64d91f,33fc75f5-fb71-4328-834e-165d37140647,113,1,22.04,USD,2026-01-30,2026-01-31,2026-02-14,2026-02-14,livree_a_temps,0
56df79ec-af32-4487-8cee-123e33f9a4bd,82563cbe-1a9f-4aeb-b31a-d18aac64d91f,edc06193-34c0-4385-9baa-404ab7a67986,112,10,99.61,USD,2026-02-08,2026-02-10,2026-02-25,2026-02-25,livree_a_temps,0
49e0b2e3-3f35-453b-be73-63df4b62500a,82563cbe-1a9f-4aeb-b31a-d18aac64d91f,c63d80ac-cb95-4bcc-a75a-1812b8f14a40,111,10,71.77,USD,2026-02-23,2026-02-27,2026-03-05,2026-03-07,livree_en_retard,2
0c015f2d-aaf1-4aa0-b854-7bb83a8f03db,82563cbe-1a9f-4aeb-b31a-d18aac64d91f,5de62164-c59b-4907-ae96-7a63b4cddbb2,108,5,161.54,USD,2026-02-11,2026-02-13,2026-02-20,2026-02-27,livree_en_retard,7
604f4127-6c13-4c4e-9f8a-c7f69aba180b,82563cbe-1a9f-4aeb-b31a-d18aac64d91f,d12c1c4b-c6e6-42fa-8a67-917383e19cdb,108,5,204.72,USD,2026-02-08,2026-02-12,2026-02-17,2026-02-15,livree_a_temps,-2
de027481-3d11-4198-8bb5-5e9446f94660,82563cbe-1a9f-4aeb-b31a-d18aac64d91f,a42c50e1-e7d1-4a84-95a4-095680d78ab4,144,100,623.15,USD,2026-02-09,2026-02-15,2026-02-22,2026-03-02,livree_en_retard,8
1004e0ed-939e-4e4a-9a47-1d2df2dcc3fa,82563cbe-1a9f-4aeb-b31a-d18aac64d91f,77ad32c8-2e7a-4441-ba6f-5539ebe4560b,137,10,371.01,USD,2026-02-22,2026-02-25,2026-03-04,2026-03-04,livree_a_temps,0
d7ca5c57-c6bf-4626-83b6-c72cd374109d,82563cbe-1a9f-4aeb-b31a-d18aac64d91f,cf511785-f907-4baa-9600-cc29a8d369e7,142,10,46.42,USD,2026-02-10,2026-02-17,2026-02-22,2026-03-17,livree_en_retard,23
5195fc44-9ef1-4f48-9d53-c39bcc8f08b6,82563cbe-1a9f-4aeb-b31a-d18aac64d91f,f9d0244f-b0de-4cb4-9ae4-55a44b4abb74,143,1,494.59,USD,2026-01-31,2026-02-06,2026-02-24,,annulee,
88ff3705-369b-46cc-aed1-13bf88a00020,82563cbe-1a9f-4aeb-b31a-d18aac64d91f,556076a7-4eaa-4ff0-aee1-103e2fb43bb9,142,20,47.87,USD,2026-02-16,2026-02-20,2026-02-25,2026-02-28,livree_en_retard,3
efc86944-4ad8-4716-90aa-21005dae95b6,82563cbe-1a9f-4aeb-b31a-d18aac64d91f,6ddb19c1-837f-43af-91b7-6335e905a1a2,1,2,49.5,USD,2026-02-23,2026-02-25,2026-03-15,2026-03-21,livree_en_retard,6
b8d8f7c8-9c5f-495c-889d-44bc6785d388,82563cbe-1a9f-4aeb-b31a-d18aac64d91f,5a131d9a-320b-4460-b554-997bcd47bfd0,75,5,32.54,USD,2026-02-23,2026-02-26,2026-03-09,2026-03-07,livree_a_temps,-2
fc008416-786f-4ce0-9c32-5f0b2fe36631,82563cbe-1a9f-4aeb-b31a-d18aac64d91f,105011ac-2ee0-4e9f-9ae8-95f646d37a65,71,1,7.13,USD,2026-02-21,2026-03-03,2026-03-08,2026-03-27,livree_en_retard,19
efa3bd91-4432-4a2f-a463-cc6ea7368365,82563cbe-1a9f-4aeb-b31a-d18aac64d91f,d12c1c4b-c6e6-42fa-8a67-917383e19cdb,69,1,43.88,USD,2026-02-03,2026-02-04,2026-02-08,2026-03-01,livree_en_retard,21
172a9094-bcd5-47bd-b426-31f75fefb7b3,82563cbe-1a9f-4aeb-b31a-d18aac64d91f,0e0a982e-e2d6-401b-b86c-9af6ccb63233,58,5,289.72,USD,2026-02-23,2026-02-25,2026-02-28,2026-02-28,livree_a_temps,0
55e65ba5-d109-4072-9ba6-4f42a58bfb0a,82563cbe-1a9f-4aeb-b31a-d18aac64d91f,2b00fc0c-0608-4168-b9e2-82ed521d1c75,59,100,529.14,USD,2026-02-09,2026-02-14,2026-02-20,2026-02-20,livree_a_temps,0
eba614f9-0e40-49c3-a044-5eb34cdf00f1,82563cbe-1a9f-4aeb-b31a-d18aac64d91f,98390bdc-1e93-4618-8e29-ce8ed6a4aed8,56,50,199.46,USD,2026-02-17,2026-02-19,2026-03-05,2026-03-05,livree_a_temps,0
f98d9c07-c840-48d2-81b0-f3cee0bcf455,82563cbe-1a9f-4aeb-b31a-d18aac64d91f,0e0a982e-e2d6-401b-b86c-9af6ccb63233,126,1,5.05,USD,2026-02-04,2026-02-06,2026-02-07,,annulee,
4aedc902-6570-4b65-a3c9-46b037961310,82563cbe-1a9f-4aeb-b31a-d18aac64d91f,a7f6214b-f04a-4da5-8ca0-520e1ea9e472,126,100,6.24,USD,2026-02-14,2026-02-22,2026-03-05,2026-03-05,livree_a_temps,0
429e7108-9b6a-4fa7-a072-b36b85198ad9,82563cbe-1a9f-4aeb-b31a-d18aac64d91f,f277c2c1-bc3c-47b9-a164-dba979311684,134,2,23.65,USD,2026-02-20,2026-02-27,2026-03-03,2026-03-05,livree_en_retard,2
f2a96049-9964-48b7-a4df-5005b3f909f9,82563cbe-1a9f-4aeb-b31a-d18aac64d91f,a7f6214b-f04a-4da5-8ca0-520e1ea9e472,111,50,110.77,USD,2026-03-27,2026-04-03,2026-04-09,2026-04-09,livree_a_temps,0
67fe1eb6-bee1-42ab-aea7-f0343d09b47a,82563cbe-1a9f-4aeb-b31a-d18aac64d91f,5a131d9a-320b-4460-b554-997bcd47bfd0,110,100,7.83,USD,2026-03-26,2026-03-27,2026-04-08,2026-04-11,livree_en_retard,3
632f4dec-9600-4fc3-ba0c-d9b5423d6686,82563cbe-1a9f-4aeb-b31a-d18aac64d91f,7b92bc34-7a3f-41ee-8916-2ec40d301890,142,1,63.83,USD,2026-03-20,2026-03-24,2026-04-01,2026-03-30,livree_a_temps,-2
dda8db38-aa5f-4545-87b4-8efc857caca3,82563cbe-1a9f-4aeb-b31a-d18aac64d91f,f277c2c1-bc3c-47b9-a164-dba979311684,144,50,525.26,USD,2026-03-09,2026-03-17,2026-03-28,2026-04-06,livree_en_retard,9
30d3b9cb-a96c-4016-9ab7-e3e8b032dfde,82563cbe-1a9f-4aeb-b31a-d18aac64d91f,1b9d31e8-58e9-410c-97a5-1dba9298c645,14,50,36.61,USD,2026-03-04,2026-03-11,2026-03-16,2026-03-18,livree_en_retard,2
47b59d0e-60ca-434c-9d67-4e60ce8de178,82563cbe-1a9f-4aeb-b31a-d18aac64d91f,e9e5c7af-5072-48f7-a4fc-11c95b71994c,75,50,28.11,USD,2026-03-19,2026-03-27,2026-04-01,2026-03-31,livree_a_temps,-1
2dfcf669-ad60-49ba-b49a-2bec6ac3d3ee,82563cbe-1a9f-4aeb-b31a-d18aac64d91f,98ac7ba3-6167-4556-81bd-92b16919c9ca,51,1,107.61,USD,2026-03-15,2026-03-17,2026-03-20,2026-03-20,livree_a_temps,0
c5b69eb5-f161-49ee-8c9f-9446a2f1b395,82563cbe-1a9f-4aeb-b31a-d18aac64d91f,bfd258a1-15d6-405e-80cd-4cf9ed5b730d,48,20,286.61,USD,2026-03-01,2026-03-04,2026-03-14,2026-03-14,livree_a_temps,0
a62f59ba-6eb7-4f6d-93c4-33f1d27d431e,82563cbe-1a9f-4aeb-b31a-d18aac64d91f,30b648e7-ced0-442b-bcd3-dda7eba08e81,48,10,225.02,USD,2026-02-26,2026-02-28,2026-03-07,2026-03-09,livree_en_retard,2
9e0f2dbd-e99b-421c-85d1-9cc0bc1794b9,82563cbe-1a9f-4aeb-b31a-d18aac64d91f,a7f6214b-f04a-4da5-8ca0-520e1ea9e472,125,10,31.45,USD,2026-03-11,2026-03-16,2026-03-20,2026-03-25,livree_en_retard,5
ec0ee35a-dcab-4124-a4f7-1542d2278431,82563cbe-1a9f-4aeb-b31a-d18aac64d91f,9f9edf6f-deea-4916-baa9-bd33204ad5ab,132,10,19.6,USD,2026-03-02,2026-03-10,2026-03-19,2026-04-13,livree_en_retard,25
aeb94bea-5dab-4c78-ac8b-ecfa61a9932e,82563cbe-1a9f-4aeb-b31a-d18aac64d91f,4c414f3e-f0f0-432a-8c5f-74b77ecb5828,111,5,114.15,USD,2026-04-22,2026-04-26,2026-05-17,2026-05-23,livree_en_retard,6
da294738-7092-4784-a4f7-127866e170ee,82563cbe-1a9f-4aeb-b31a-d18aac64d91f,0d531816-c82c-4586-bfbc-4ebbe28b7d40,107,100,7.64,USD,2026-04-02,2026-04-11,2026-04-23,2026-04-27,livree_en_retard,4
572318db-a008-4f93-baba-84076e744658,82563cbe-1a9f-4aeb-b31a-d18aac64d91f,d12c1c4b-c6e6-42fa-8a67-917383e19cdb,106,2,165.13,USD,2026-04-05,2026-04-08,2026-04-18,2026-04-15,livree_a_temps,-3
44ff03e3-c24b-49cf-8275-95f9ca653bb7,82563cbe-1a9f-4aeb-b31a-d18aac64d91f,a8752895-2aeb-4978-9f7b-cef9caecf1e6,111,50,112.52,USD,2026-04-18,2026-04-20,2026-05-09,2026-05-06,livree_a_temps,-3
4125fb6d-cfca-48ea-b2a0-dc5ce1337ca1,82563cbe-1a9f-4aeb-b31a-d18aac64d91f,87d82af0-297c-48d8-b9bb-0d0df1927534,144,5,654.34,USD,2026-04-09,2026-04-12,2026-04-26,2026-04-26,livree_a_temps,0
9f3e8d2f-b4d9-4d8e-b6d5-831596dbe7df,82563cbe-1a9f-4aeb-b31a-d18aac64d91f,bc5b55fa-f576-4627-a4df-94b9c031ffc3,135,10,254.52,USD,2026-04-20,2026-04-22,2026-04-29,2026-04-26,livree_a_temps,-3
99d6fbd2-127f-4924-a35a-9d023ba88fce,82563cbe-1a9f-4aeb-b31a-d18aac64d91f,556076a7-4eaa-4ff0-aee1-103e2fb43bb9,139,10,29.76,USD,2026-04-12,2026-04-15,2026-04-20,2026-04-20,livree_a_temps,0
199e4b15-ac23-49dd-90fe-3b3181b7d3a8,82563cbe-1a9f-4aeb-b31a-d18aac64d91f,77ad32c8-2e7a-4441-ba6f-5539ebe4560b,137,1,383.79,USD,2026-04-03,2026-04-09,2026-04-20,2026-04-19,livree_a_temps,-1
64492a03-d1ae-4898-a659-78c4bebfc199,82563cbe-1a9f-4aeb-b31a-d18aac64d91f,bd3e241f-f501-4299-ba40-37a61386691f,14,100,37.76,USD,2026-04-11,2026-04-20,2026-04-27,,annulee,
304d7605-8e47-492f-9918-7c45abfbd8d5,82563cbe-1a9f-4aeb-b31a-d18aac64d91f,94a69aa3-865f-4c60-b54b-595ed610efe7,6,20,22.95,USD,2026-04-16,2026-04-23,2026-05-07,2026-05-04,livree_a_temps,-3
4222f92a-efc0-4658-8b78-b424f91867c4,82563cbe-1a9f-4aeb-b31a-d18aac64d91f,c596e75e-f0a2-42e1-801f-bc9859582dc2,15,1,50.04,USD,2026-04-19,2026-04-20,2026-04-23,2026-04-23,livree_a_temps,0
c7791abf-3af4-42ec-b8e4-33f1a9a20b44,82563cbe-1a9f-4aeb-b31a-d18aac64d91f,a60a399f-6dc2-43b0-86af-0b691911039a,77,5,67.84,USD,2026-04-16,2026-04-24,2026-05-15,2026-05-15,livree_a_temps,0
1ac4aad9-8d6c-421a-9235-ae1a7033f4ad,82563cbe-1a9f-4aeb-b31a-d18aac64d91f,d12c1c4b-c6e6-42fa-8a67-917383e19cdb,76,10,17.23,USD,2026-03-31,2026-04-04,2026-04-18,2026-04-28,livree_en_retard,10
21f08474-4cda-49a8-9167-26caf2c26889,82563cbe-1a9f-4aeb-b31a-d18aac64d91f,cf511785-f907-4baa-9600-cc29a8d369e7,71,5,7.25,USD,2026-04-14,2026-04-20,2026-04-26,2026-04-29,livree_en_retard,3
d72c5e32-348b-49fa-96ee-3876f284bc20,82563cbe-1a9f-4aeb-b31a-d18aac64d91f,f277c2c1-bc3c-47b9-a164-dba979311684,59,50,639.97,USD,2026-04-08,2026-04-14,2026-04-20,2026-04-23,livree_en_retard,3
cf6d53b8-0672-4df9-ae51-0861be248efe,82563cbe-1a9f-4aeb-b31a-d18aac64d91f,87d82af0-297c-48d8-b9bb-0d0df1927534,53,20,88.34,USD,2026-04-08,2026-04-15,2026-05-07,2026-05-07,livree_a_temps,0
e14ffa46-bff9-424a-a1dc-101455208813,82563cbe-1a9f-4aeb-b31a-d18aac64d91f,d12c1c4b-c6e6-42fa-8a67-917383e19cdb,51,5,132.06,USD,2026-04-15,2026-04-16,2026-04-27,2026-04-27,livree_a_temps,0
afa0d341-6971-4b28-9e77-27e86864013c,82563cbe-1a9f-4aeb-b31a-d18aac64d91f,98390bdc-1e93-4618-8e29-ce8ed6a4aed8,57,10,113.98,USD,2026-04-19,2026-04-27,2026-05-06,2026-05-10,livree_en_retard,4
0afbc789-b5ed-49e1-ba45-179231db3065,82563cbe-1a9f-4aeb-b31a-d18aac64d91f,a7f6214b-f04a-4da5-8ca0-520e1ea9e472,129,5,24.22,USD,2026-04-21,2026-04-26,2026-05-03,2026-05-03,livree_a_temps,0
c44411f7-5edb-4816-a773-fd524a2c63a7,82563cbe-1a9f-4aeb-b31a-d18aac64d91f,a7f6214b-f04a-4da5-8ca0-520e1ea9e472,129,2,26.03,USD,2026-04-16,2026-04-20,2026-04-28,2026-04-28,livree_a_temps,0
2f802cee-e9b3-4024-87c7-bee428d54e8c,82563cbe-1a9f-4aeb-b31a-d18aac64d91f,9f9edf6f-deea-4916-baa9-bd33204ad5ab,130,50,17.75,USD,2026-04-15,2026-04-18,2026-05-01,2026-05-26,livree_en_retard,25
2a968fef-f9bc-456c-a1ae-b59e392509f7,82563cbe-1a9f-4aeb-b31a-d18aac64d91f,5be21ce5-62b1-4728-8aa7-c1137266ce68,109,2,63.31,USD,2026-05-10,2026-05-17,2026-06-15,2026-06-15,livree_a_temps,0
247d4e4c-7858-4b97-bba0-f9aded3d5f71,82563cbe-1a9f-4aeb-b31a-d18aac64d91f,845a7e7a-2509-41fe-80b2-7d1da505955b,110,10,6.95,USD,2026-05-26,2026-06-02,2026-06-16,2026-06-23,livree_en_retard,7
a1d17531-37e4-4d67-8c7f-4636695d707a,82563cbe-1a9f-4aeb-b31a-d18aac64d91f,d6e548ef-bc03-4a1f-b3b5-8e0c168b19ca,108,2,159.39,USD,2026-05-13,2026-05-23,2026-05-28,2026-05-29,livree_en_retard,1
ad231274-2637-414f-a960-4bb1114f456f,82563cbe-1a9f-4aeb-b31a-d18aac64d91f,ce8c11a2-7764-4c69-9d3d-6efc6283c1a9,110,20,6.29,USD,2026-05-22,2026-05-23,2026-05-27,2026-05-27,livree_a_temps,0
7239c406-0666-43a1-a5e3-659dffb9c1f9,82563cbe-1a9f-4aeb-b31a-d18aac64d91f,14e13be0-90c7-4e0e-b6f8-9792e15ebc20,109,20,46.23,USD,2026-05-03,2026-05-12,2026-05-13,2026-05-13,livree_a_temps,0
9ee81260-dc6f-4bcd-9248-08f37eab2e14,82563cbe-1a9f-4aeb-b31a-d18aac64d91f,f70162d2-4a8d-4d4d-9446-bb766f3e1c37,135,10,344.86,USD,2026-05-20,2026-05-23,2026-06-04,2026-06-04,livree_a_temps,0
ed3fbc66-e317-4115-a6b5-840aee3a1c3b,82563cbe-1a9f-4aeb-b31a-d18aac64d91f,a42c50e1-e7d1-4a84-95a4-095680d78ab4,138,50,206.49,USD,2026-05-12,2026-05-21,2026-06-05,2026-06-05,livree_a_temps,0
0fbb01ff-796b-4e61-b41f-0fa079bda864,82563cbe-1a9f-4aeb-b31a-d18aac64d91f,bfd258a1-15d6-405e-80cd-4cf9ed5b730d,136,5,298.95,USD,2026-05-18,2026-05-26,2026-06-02,2026-06-12,livree_en_retard,10
5ce126c4-ffd8-4cef-a9c9-26498ff0fb6d,82563cbe-1a9f-4aeb-b31a-d18aac64d91f,f60eac5c-0c9f-4c5f-9b76-c268e04d77ba,15,50,38.88,USD,2026-05-01,2026-05-07,2026-05-10,2026-05-10,livree_a_temps,0
25801137-0743-4d3d-a531-7bf14c54abf2,82563cbe-1a9f-4aeb-b31a-d18aac64d91f,53ed2c7c-db6b-44bc-97dc-41f2e27a58af,7,100,59.27,USD,2026-05-11,2026-05-12,2026-05-26,2026-05-26,livree_a_temps,0
42d4d0e8-85d7-407d-9a9a-edafd3e3d344,82563cbe-1a9f-4aeb-b31a-d18aac64d91f,ab8fb3bc-bd18-4f72-8155-d44cabad14e2,70,20,30.42,USD,2026-05-14,2026-05-23,2026-06-06,2026-06-06,livree_a_temps,0
13a48f42-e484-4c05-94ef-cfcaede3f2ea,82563cbe-1a9f-4aeb-b31a-d18aac64d91f,36ddc887-6df4-4129-b6b2-5106f5e0328b,70,20,23.96,USD,2026-05-12,2026-05-14,2026-05-16,2026-05-24,livree_en_retard,8
51c925e7-d264-4ebf-9bcd-f302e423f103,82563cbe-1a9f-4aeb-b31a-d18aac64d91f,a42c50e1-e7d1-4a84-95a4-095680d78ab4,49,20,173.34,USD,2026-05-05,2026-05-09,2026-05-16,2026-05-16,livree_a_temps,0
36781830-bd73-43ae-843b-afbca034ee0e,82563cbe-1a9f-4aeb-b31a-d18aac64d91f,08bbc964-d812-43ef-88bc-1b75de877890,54,100,156.86,USD,2026-05-21,2026-05-29,2026-06-04,2026-06-04,livree_a_temps,0
b07ef846-32b3-445c-b69d-7df55975357e,82563cbe-1a9f-4aeb-b31a-d18aac64d91f,d2e0a39b-31b3-4c7e-98cc-450466fb6a32,54,5,145.2,USD,2026-05-09,2026-05-17,2026-05-24,2026-05-23,livree_a_temps,-1
0634229a-6a43-42d8-83e5-cfefed48ce0c,82563cbe-1a9f-4aeb-b31a-d18aac64d91f,822a4728-f57f-4877-a54b-af8a3b060c70,134,5,25.33,USD,2026-05-04,2026-05-12,2026-05-16,2026-05-16,livree_a_temps,0
6a81c353-64d6-4c94-9f00-9c9def0ee2c2,82563cbe-1a9f-4aeb-b31a-d18aac64d91f,5b5cb032-bcb4-4e20-9df6-1e0e66b4f0d6,128,100,44.64,USD,2026-05-04,2026-05-11,2026-05-25,2026-05-25,livree_a_temps,0
47e59585-3b73-4c0a-b629-c1460fb581bc,82563cbe-1a9f-4aeb-b31a-d18aac64d91f,5494dc42-ee22-4ee1-a74c-b4fc97439873,113,2,19.14,USD,2026-05-30,2026-06-05,2026-06-15,2026-06-15,livree_a_temps,0
c49e7c5f-a53b-4748-a5f5-734bdc955a83,82563cbe-1a9f-4aeb-b31a-d18aac64d91f,d6e548ef-bc03-4a1f-b3b5-8e0c168b19ca,114,50,15.06,USD,2026-06-24,2026-07-01,2026-07-07,2026-07-09,livree_en_retard,2
5f725810-c477-4a02-a37b-55027375bd86,82563cbe-1a9f-4aeb-b31a-d18aac64d91f,5be21ce5-62b1-4728-8aa7-c1137266ce68,136,20,437.06,USD,2026-06-11,2026-06-12,2026-07-05,2026-07-03,livree_a_temps,-2
5b79870f-63fe-4e33-9727-b9a2d49cceb6,82563cbe-1a9f-4aeb-b31a-d18aac64d91f,5be21ce5-62b1-4728-8aa7-c1137266ce68,138,1,273.11,USD,2026-06-22,2026-07-02,2026-07-28,2026-07-28,livree_a_temps,0
9035ebef-ac02-462d-abb6-bf69221dfe1d,82563cbe-1a9f-4aeb-b31a-d18aac64d91f,c4e0701e-3e92-47c1-8df5-3b6a15b8f13d,144,100,589.73,USD,2026-06-18,2026-06-20,2026-07-05,2026-07-05,livree_a_temps,0
97dc84ef-b705-498b-a990-5bde302fd754,82563cbe-1a9f-4aeb-b31a-d18aac64d91f,ab8fb3bc-bd18-4f72-8155-d44cabad14e2,142,1,51.16,USD,2026-06-24,2026-06-28,2026-07-02,2026-07-02,livree_a_temps,0
faf034b1-8f47-4bae-819d-3bc5c29a9a8f,82563cbe-1a9f-4aeb-b31a-d18aac64d91f,bd78e129-6007-46b3-89c4-44bf91d38bc2,142,10,53.21,USD,2026-06-12,2026-06-13,2026-06-27,2026-07-03,livree_en_retard,6
a425cd1b-97cd-4393-b26c-4a1c9f660ca2,82563cbe-1a9f-4aeb-b31a-d18aac64d91f,312001eb-b07b-4489-a048-16c8b02784fe,10,100,15.86,USD,2026-06-21,2026-07-01,2026-07-02,2026-07-14,livree_en_retard,12
f03d18a8-b1c1-4761-8b7d-8f3c9c49c3db,82563cbe-1a9f-4aeb-b31a-d18aac64d91f,94a69aa3-865f-4c60-b54b-595ed610efe7,15,5,56.63,USD,2026-06-13,2026-06-22,2026-06-28,2026-06-29,livree_en_retard,1
3e0df142-b7c9-44a5-841d-dbe6ad59ba2c,82563cbe-1a9f-4aeb-b31a-d18aac64d91f,a8752895-2aeb-4978-9f7b-cef9caecf1e6,72,100,3.35,USD,2026-06-16,2026-06-21,2026-07-19,2026-07-19,livree_a_temps,0
7bbc2f18-ccb3-47d0-9dea-a69f74176407,82563cbe-1a9f-4aeb-b31a-d18aac64d91f,36ddc887-6df4-4129-b6b2-5106f5e0328b,76,100,15.75,USD,2026-06-17,2026-06-24,2026-06-28,2026-07-04,livree_en_retard,6
b4bcef62-738e-491e-a2fa-b225e7206c79,82563cbe-1a9f-4aeb-b31a-d18aac64d91f,e62c2c04-1277-440a-8b88-e465e31f7939,74,100,36.4,USD,2026-06-19,2026-06-20,2026-06-27,2026-07-09,livree_en_retard,12
5d8e16d4-b4da-413a-905b-578d2523052a,82563cbe-1a9f-4aeb-b31a-d18aac64d91f,98390bdc-1e93-4618-8e29-ce8ed6a4aed8,57,100,111.57,USD,2026-06-13,2026-06-23,2026-06-29,2026-06-29,livree_a_temps,0
64b8a057-e699-43ae-a834-ba6a4e283f46,82563cbe-1a9f-4aeb-b31a-d18aac64d91f,50c1784a-9dd7-49d3-a367-b49e81d4fcc9,125,20,29.43,USD,2026-06-12,2026-06-13,2026-06-15,2026-06-15,livree_a_temps,0
2e767d93-11af-456a-9663-4271e0075bd6,82563cbe-1a9f-4aeb-b31a-d18aac64d91f,833d445f-a8a6-41ba-9fde-63c65c37bdd3,110,100,9.58,USD,2026-07-18,2026-07-22,2026-08-17,2026-08-17,livree_a_temps,0
7721cc74-bcd6-47ee-b86c-1640bd1e5829,82563cbe-1a9f-4aeb-b31a-d18aac64d91f,a8752895-2aeb-4978-9f7b-cef9caecf1e6,110,10,8.81,USD,2026-07-19,2026-07-28,2026-08-20,2026-08-17,livree_a_temps,-3
12878c10-17f2-4f0f-b770-eafa4addca5f,82563cbe-1a9f-4aeb-b31a-d18aac64d91f,556076a7-4eaa-4ff0-aee1-103e2fb43bb9,144,2,456.31,USD,2026-07-22,2026-07-31,2026-08-04,2026-08-04,livree_a_temps,0
0f7b2426-31b4-4917-8fce-56ff484c90a1,82563cbe-1a9f-4aeb-b31a-d18aac64d91f,a42c50e1-e7d1-4a84-95a4-095680d78ab4,144,2,522.81,USD,2026-07-03,2026-07-12,2026-07-24,2026-07-27,livree_en_retard,3
dfe24727-ed96-42e6-9afe-c3fa0331b4b9,82563cbe-1a9f-4aeb-b31a-d18aac64d91f,4b0da602-5f61-4d55-be93-470463212538,13,20,26.98,USD,2026-06-30,2026-07-01,2026-07-07,2026-07-07,livree_a_temps,0
d29720ca-c9bf-479f-a2b3-12ece975da37,82563cbe-1a9f-4aeb-b31a-d18aac64d91f,94a69aa3-865f-4c60-b54b-595ed610efe7,8,100,64.18,USD,2026-07-13,2026-07-15,2026-07-20,2026-07-23,livree_en_retard,3
a53ea123-6a3a-49bd-96aa-5d038824790e,82563cbe-1a9f-4aeb-b31a-d18aac64d91f,bd3e241f-f501-4299-ba40-37a61386691f,7,10,44.84,USD,2026-07-13,2026-07-23,2026-07-26,2026-07-26,livree_a_temps,0
61f020c4-938f-4801-bde5-77efed1349f0,82563cbe-1a9f-4aeb-b31a-d18aac64d91f,bdb1f396-3e57-46de-8d83-9e76208091cc,75,2,30.64,USD,2026-07-21,2026-07-22,2026-07-26,2026-07-26,livree_a_temps,0
67c28fdc-8b58-49aa-b581-22a5d980bede,82563cbe-1a9f-4aeb-b31a-d18aac64d91f,971f4ee5-01c3-407e-ba39-7f1c5467a3fa,66,1,655.97,USD,2026-07-07,2026-07-16,2026-07-31,2026-08-23,livree_en_retard,23
cf343830-482b-4d43-b43b-74b9d1094c2f,82563cbe-1a9f-4aeb-b31a-d18aac64d91f,a7f6214b-f04a-4da5-8ca0-520e1ea9e472,64,2,190.63,USD,2026-07-25,2026-08-01,2026-08-11,2026-08-17,livree_en_retard,6
26ca1b23-68c8-427c-a2e5-8ccca844ac90,82563cbe-1a9f-4aeb-b31a-d18aac64d91f,d2e0a39b-31b3-4c7e-98cc-450466fb6a32,51,5,112.85,USD,2026-06-27,2026-07-01,2026-07-04,2026-07-04,livree_a_temps,0
0d8897cf-eb76-45cc-b8a7-1baeaf168258,82563cbe-1a9f-4aeb-b31a-d18aac64d91f,d2e0a39b-31b3-4c7e-98cc-450466fb6a32,55,100,197.89,USD,2026-07-06,2026-07-08,2026-07-12,2026-07-12,livree_a_temps,0
eb20daf9-0b8f-4fe6-95c1-0d486a4959ed,82563cbe-1a9f-4aeb-b31a-d18aac64d91f,50c1784a-9dd7-49d3-a367-b49e81d4fcc9,133,5,13.36,USD,2026-07-08,2026-07-15,2026-07-16,2026-07-21,livree_en_retard,5
998c8c8d-2fb7-4446-85f4-65b801e4533e,82563cbe-1a9f-4aeb-b31a-d18aac64d91f,0e0a982e-e2d6-401b-b86c-9af6ccb63233,133,20,13.55,USD,2026-07-10,2026-07-14,2026-07-20,2026-07-20,livree_a_temps,0
1addd2a8-fb73-4afb-a7c7-0b2c4ea05256,82563cbe-1a9f-4aeb-b31a-d18aac64d91f,991dc4b6-08b9-42e3-a9a2-4413e46e5e26,113,10,21.07,USD,2026-07-27,2026-07-28,2026-08-02,2026-08-02,livree_a_temps,0
518bad83-de01-40a8-a5cf-e8aab6cc1cf2,82563cbe-1a9f-4aeb-b31a-d18aac64d91f,edc06193-34c0-4385-9baa-404ab7a67986,112,100,106.34,USD,2026-07-26,2026-07-30,2026-08-10,2026-08-19,livree_en_retard,9
b2ea1172-fc0b-486a-b742-44c4344f5672,82563cbe-1a9f-4aeb-b31a-d18aac64d91f,d12c1c4b-c6e6-42fa-8a67-917383e19cdb,113,20,17.77,USD,2026-08-11,2026-08-20,2026-08-29,2026-08-29,livree_a_temps,0
459a0d10-7cad-4199-a1ca-33c1edaf9463,82563cbe-1a9f-4aeb-b31a-d18aac64d91f,2bfdf093-ad3c-481e-a90b-325afce73553,108,5,134.28,USD,2026-08-23,2026-08-25,2026-08-26,2026-08-29,livree_en_retard,3
b1b0e2bf-d886-48ad-a84b-e8b5ff14f59d,82563cbe-1a9f-4aeb-b31a-d18aac64d91f,bfd258a1-15d6-405e-80cd-4cf9ed5b730d,144,1,522.7,USD,2026-08-04,2026-08-13,2026-08-21,2026-08-21,livree_a_temps,0
760a09ef-8d98-470c-89c7-c71b893d2e14,82563cbe-1a9f-4aeb-b31a-d18aac64d91f,98ac7ba3-6167-4556-81bd-92b16919c9ca,135,1,235,USD,2026-08-11,2026-08-20,2026-08-26,2026-08-31,livree_en_retard,5
88ba6226-42ed-4870-a79d-515916df6746,82563cbe-1a9f-4aeb-b31a-d18aac64d91f,309121c4-a374-43b3-92e5-a2a321816170,13,1,23.44,USD,2026-08-04,2026-08-12,2026-08-15,2026-08-15,livree_a_temps,0
d1170fde-8110-4a1c-915f-6d9cfdf682eb,82563cbe-1a9f-4aeb-b31a-d18aac64d91f,5b91061a-7430-4127-a4d5-a578817c0d7c,75,2,25.41,USD,2026-08-03,2026-08-13,2026-08-19,2026-08-19,livree_a_temps,0
4b9dd29b-43a6-4c92-90d1-4ba398c0674c,82563cbe-1a9f-4aeb-b31a-d18aac64d91f,9a6f40c5-41c3-4f2b-a7ab-e42a48773101,61,20,468.21,USD,2026-08-04,2026-08-09,2026-08-16,2026-08-16,livree_a_temps,0
3271b9da-5fd4-4cfb-ae90-374bd2cd7649,82563cbe-1a9f-4aeb-b31a-d18aac64d91f,f277c2c1-bc3c-47b9-a164-dba979311684,61,5,622.61,USD,2026-07-31,2026-08-07,2026-08-14,2026-08-14,livree_a_temps,0
17a27915-2a63-438f-82a5-1dd6a8886a9f,82563cbe-1a9f-4aeb-b31a-d18aac64d91f,98ac7ba3-6167-4556-81bd-92b16919c9ca,50,20,254.59,USD,2026-08-06,2026-08-11,2026-08-15,2026-08-15,livree_a_temps,0
93552585-5200-4829-b4d9-68f5a11f5964,82563cbe-1a9f-4aeb-b31a-d18aac64d91f,a42c50e1-e7d1-4a84-95a4-095680d78ab4,54,20,193.35,USD,2026-08-01,2026-08-07,2026-08-15,2026-08-15,livree_a_temps,0
9814c6f8-334f-4cf6-8ca2-7324a26dd898,82563cbe-1a9f-4aeb-b31a-d18aac64d91f,bfd258a1-15d6-405e-80cd-4cf9ed5b730d,56,10,181.95,USD,2026-07-26,2026-07-28,2026-08-03,2026-08-03,livree_a_temps,0
69ea85aa-acb4-4963-8da0-d47facd0efc1,82563cbe-1a9f-4aeb-b31a-d18aac64d91f,d2e0a39b-31b3-4c7e-98cc-450466fb6a32,126,5,5.42,USD,2026-08-01,2026-08-10,2026-08-14,2026-08-14,livree_a_temps,0
c83dfd2c-a6a2-4441-9baa-5c90372b44c1,82563cbe-1a9f-4aeb-b31a-d18aac64d91f,ddb507c6-7c41-4027-bf46-dee06e458cb7,130,10,15.84,USD,2026-08-20,2026-08-24,2026-08-30,2026-09-11,livree_en_retard,12
69ac4569-783a-4db3-9db1-12d0104ae8ec,20036399-853f-4275-81f5-a1af194fd3fd,e9e5c7af-5072-48f7-a4fc-11c95b71994c,102,100,4,USD,2025-09-09,2025-09-12,2025-09-22,2025-09-22,livree_a_temps,0
83b2556c-24af-411d-99bb-503e59dcb00a,20036399-853f-4275-81f5-a1af194fd3fd,5494dc42-ee22-4ee1-a74c-b4fc97439873,98,5,15.83,USD,2025-09-24,2025-09-28,2025-10-08,2025-10-08,livree_a_temps,0
a45d1dd2-ed58-4dee-b040-80e5d583371f,20036399-853f-4275-81f5-a1af194fd3fd,5494dc42-ee22-4ee1-a74c-b4fc97439873,104,100,35.95,USD,2025-09-08,2025-09-09,2025-09-18,2025-09-18,livree_a_temps,0
9343607d-1dbd-40a9-bd5b-21217e99e044,20036399-853f-4275-81f5-a1af194fd3fd,e62c2c04-1277-440a-8b88-e465e31f7939,124,100,289.17,USD,2025-09-21,2025-09-25,2025-09-29,2025-09-29,livree_a_temps,0
8eed7861-4d13-4ae5-a687-87e1523311d2,20036399-853f-4275-81f5-a1af194fd3fd,a7f6214b-f04a-4da5-8ca0-520e1ea9e472,115,10,1044.14,USD,2025-09-27,2025-10-04,2025-10-12,2025-10-12,livree_a_temps,0
695e4602-00e5-4c7e-8391-8523ab68e237,20036399-853f-4275-81f5-a1af194fd3fd,30b648e7-ced0-442b-bcd3-dda7eba08e81,52,50,69.07,USD,2025-09-24,2025-09-27,2025-09-29,2025-10-22,livree_en_retard,23
5142b1f0-b8cf-4759-9c5f-bebc65c7d44b,20036399-853f-4275-81f5-a1af194fd3fd,30b648e7-ced0-442b-bcd3-dda7eba08e81,54,50,147.94,USD,2025-09-19,2025-09-22,2025-09-29,2025-09-29,livree_a_temps,0
7cd3b6e4-612a-4c9f-aa5e-3a685c666521,20036399-853f-4275-81f5-a1af194fd3fd,98390bdc-1e93-4618-8e29-ce8ed6a4aed8,50,2,282.14,USD,2025-09-14,2025-09-19,2025-09-27,2025-09-26,livree_a_temps,-1
8ed7afc7-b83f-4b6c-b376-303af0ac0bbf,20036399-853f-4275-81f5-a1af194fd3fd,98ac7ba3-6167-4556-81bd-92b16919c9ca,48,2,219.42,USD,2025-09-05,2025-09-07,2025-09-13,2025-09-10,livree_a_temps,-3
11e08483-8cda-419c-9ea0-fb3e13e84a57,20036399-853f-4275-81f5-a1af194fd3fd,833d445f-a8a6-41ba-9fde-63c65c37bdd3,28,100,42.19,USD,2025-09-24,2025-09-26,2025-10-08,2025-10-08,livree_a_temps,0
956be7c7-59ca-438e-a252-ffbc5819dd3a,20036399-853f-4275-81f5-a1af194fd3fd,38c992e5-31f4-482c-8b98-64f368b058d2,35,50,53.1,USD,2025-09-20,2025-09-22,2025-10-01,2025-10-01,livree_a_temps,0
c1299396-0ed6-4a81-a853-5f96c5a30510,20036399-853f-4275-81f5-a1af194fd3fd,94a69aa3-865f-4c60-b54b-595ed610efe7,31,10,60.74,USD,2025-09-20,2025-09-26,2025-10-06,2025-10-06,livree_a_temps,0
c4d28ff4-acc6-457f-8ef4-4c2314e9a780,20036399-853f-4275-81f5-a1af194fd3fd,87d82af0-297c-48d8-b9bb-0d0df1927534,28,100,43.38,USD,2025-09-23,2025-09-29,2025-10-24,2025-10-21,livree_a_temps,-3
0678a7ba-3bef-46b5-bad5-ca31f757eafe,20036399-853f-4275-81f5-a1af194fd3fd,9a6f40c5-41c3-4f2b-a7ab-e42a48773101,149,1,4.51,USD,2025-09-07,2025-09-12,2025-09-14,,annulee,
751b583c-600f-4ffa-b9a6-e0dd683ce422,20036399-853f-4275-81f5-a1af194fd3fd,36ddc887-6df4-4129-b6b2-5106f5e0328b,146,100,3.48,USD,2025-09-06,2025-09-08,2025-09-14,2025-09-14,livree_a_temps,0
5570585c-c21b-49d0-b9a8-2ac09586fb1b,20036399-853f-4275-81f5-a1af194fd3fd,f9d0244f-b0de-4cb4-9ae4-55a44b4abb74,3,5,67.82,USD,2025-09-20,2025-09-24,2025-10-06,2025-10-06,livree_a_temps,0
b49380e2-ab87-4445-9bf4-d139f3c2c694,20036399-853f-4275-81f5-a1af194fd3fd,bd3e241f-f501-4299-ba40-37a61386691f,3,5,42.72,USD,2025-09-04,2025-09-10,2025-09-17,2025-09-17,livree_a_temps,0
1c0c6a95-a9c3-4715-873f-afb23c9a947a,20036399-853f-4275-81f5-a1af194fd3fd,f9d0244f-b0de-4cb4-9ae4-55a44b4abb74,10,2,20.35,USD,2025-09-28,2025-10-03,2025-10-21,2025-10-21,livree_a_temps,0
08f8f9b5-064c-45b2-a4d5-7db38bd5c90e,20036399-853f-4275-81f5-a1af194fd3fd,bdb1f396-3e57-46de-8d83-9e76208091cc,102,2,4.44,USD,2025-10-22,2025-10-28,2025-11-03,2025-11-12,livree_en_retard,9
10879f8f-2703-4e1b-bca9-e28230f75b21,20036399-853f-4275-81f5-a1af194fd3fd,9a24fb50-00fd-415d-9cf4-263b606218e0,119,5,83.57,USD,2025-10-25,2025-11-04,2025-11-11,2025-11-11,livree_a_temps,0
bdd98851-d1ae-41a7-ad4e-a0d6ba8b054c,20036399-853f-4275-81f5-a1af194fd3fd,9bb3c213-0e9d-45eb-8a53-e57212022972,118,100,155.4,USD,2025-10-21,2025-10-30,2025-10-31,2025-11-05,livree_en_retard,5
a387c506-ab27-435c-9cf9-cf907cb9e315,20036399-853f-4275-81f5-a1af194fd3fd,9a24fb50-00fd-415d-9cf4-263b606218e0,124,20,305.56,USD,2025-10-04,2025-10-13,2025-10-26,2025-10-26,livree_a_temps,0
7b336004-1a2c-4f6a-9c4b-74dff5269330,20036399-853f-4275-81f5-a1af194fd3fd,65c02af0-837c-45f5-91bd-6ad4308cb818,116,5,255.38,USD,2025-10-22,2025-10-27,2025-11-07,2025-11-07,livree_a_temps,0
14df80be-bd2b-4d50-a1c9-bbc77f150351,20036399-853f-4275-81f5-a1af194fd3fd,9a24fb50-00fd-415d-9cf4-263b606218e0,120,1,747.51,USD,2025-10-18,2025-10-20,2025-10-24,2025-10-24,livree_a_temps,0
0c7f9867-9f51-494a-bc73-484c00c24558,20036399-853f-4275-81f5-a1af194fd3fd,87d82af0-297c-48d8-b9bb-0d0df1927534,48,100,402.34,USD,2025-09-29,2025-10-03,2025-10-21,2025-10-21,livree_a_temps,0
283e7861-6d7c-4cae-8582-65c1a790de99,20036399-853f-4275-81f5-a1af194fd3fd,bfd258a1-15d6-405e-80cd-4cf9ed5b730d,49,10,188.16,USD,2025-10-27,2025-11-05,2025-11-09,2025-11-09,livree_a_temps,0
973e6dba-de48-42da-b9c4-b1ac56a0fb04,20036399-853f-4275-81f5-a1af194fd3fd,d12c1c4b-c6e6-42fa-8a67-917383e19cdb,55,10,239.62,USD,2025-10-16,2025-10-21,2025-10-26,2025-11-09,livree_en_retard,14
bc829dc0-2971-4547-87db-2578a9b88846,20036399-853f-4275-81f5-a1af194fd3fd,c63d80ac-cb95-4bcc-a75a-1812b8f14a40,28,10,31.48,USD,2025-10-25,2025-11-03,2025-11-08,2025-11-08,livree_a_temps,0
0f3be8d8-90f4-422b-872d-75ceee5aaa5a,20036399-853f-4275-81f5-a1af194fd3fd,ce8c11a2-7764-4c69-9d3d-6efc6283c1a9,33,5,70.84,USD,2025-10-14,2025-10-22,2025-10-29,2025-11-07,livree_en_retard,9
298454b8-4624-446a-8aa1-f2663c0f1c9c,20036399-853f-4275-81f5-a1af194fd3fd,08bbc964-d812-43ef-88bc-1b75de877890,34,2,47.39,USD,2025-09-30,2025-10-01,2025-10-06,2025-10-23,livree_en_retard,17
0c06186a-9ee1-4f7e-b8e7-43f51ddddb3e,20036399-853f-4275-81f5-a1af194fd3fd,36ddc887-6df4-4129-b6b2-5106f5e0328b,28,5,25.93,USD,2025-10-26,2025-11-03,2025-11-06,2025-11-15,livree_en_retard,9
6994c8ae-e612-4fc5-8f28-0df40dc8f2f1,20036399-853f-4275-81f5-a1af194fd3fd,ddb507c6-7c41-4027-bf46-dee06e458cb7,19,10,79.85,USD,2025-10-14,2025-10-22,2025-10-26,2025-11-10,livree_en_retard,15
0418a069-9079-4b61-9c8c-a0af995dac08,20036399-853f-4275-81f5-a1af194fd3fd,00ab9818-5274-4d3b-b16c-68b4f0e95292,25,20,10.9,USD,2025-10-20,2025-10-30,2025-11-04,2025-11-08,livree_en_retard,4
761e6007-d354-42d6-8767-0c67123c29b0,20036399-853f-4275-81f5-a1af194fd3fd,bd3e241f-f501-4299-ba40-37a61386691f,15,10,46.25,USD,2025-10-27,2025-11-02,2025-11-08,2025-11-15,livree_en_retard,7
a02b3a2f-2268-4ba7-8024-56e8f3898229,20036399-853f-4275-81f5-a1af194fd3fd,6ddb19c1-837f-43af-91b7-6335e905a1a2,10,2,23.02,USD,2025-10-20,2025-10-22,2025-11-13,2025-11-13,livree_a_temps,0
90ddbb2b-89d9-488a-9d5d-421ae35fc840,20036399-853f-4275-81f5-a1af194fd3fd,eb0bd6d1-4f0a-4fa7-b419-2410f4535aa7,12,5,48.53,USD,2025-10-17,2025-10-24,2025-11-02,2025-11-02,livree_a_temps,0
4dfab4c9-9d54-4a63-9bd0-7562bc7d3aaf,20036399-853f-4275-81f5-a1af194fd3fd,4d5bf674-1703-4bc1-8286-b8b139630aa8,11,50,53.08,USD,2025-10-14,2025-10-18,2025-11-02,2025-11-09,livree_en_retard,7
d2ec31c4-f3bd-4f56-8bdd-57aecb7a32e6,20036399-853f-4275-81f5-a1af194fd3fd,4b0da602-5f61-4d55-be93-470463212538,4,2,26.13,USD,2025-09-29,2025-10-05,2025-10-06,2025-10-11,livree_en_retard,5
c2ea7b47-a52d-4989-9cac-1bbf5cb488cc,20036399-853f-4275-81f5-a1af194fd3fd,105011ac-2ee0-4e9f-9ae8-95f646d37a65,99,2,16.7,USD,2025-11-04,2025-11-07,2025-11-08,2025-11-16,livree_en_retard,8
14aeea51-335f-4642-95c0-767887a92d75,20036399-853f-4275-81f5-a1af194fd3fd,e9e5c7af-5072-48f7-a4fc-11c95b71994c,121,100,678.72,USD,2025-11-15,2025-11-21,2025-11-28,2025-11-28,livree_a_temps,0
6ffa35af-b289-4b05-b728-10e227a2261a,20036399-853f-4275-81f5-a1af194fd3fd,e9e5c7af-5072-48f7-a4fc-11c95b71994c,120,5,654.21,USD,2025-11-01,2025-11-11,2025-11-25,2025-11-25,livree_a_temps,0
cf6e1da5-8235-4c79-8fe1-855ec60dcc2c,20036399-853f-4275-81f5-a1af194fd3fd,c594d23a-fd74-4e3b-877c-79b8f4c6139d,121,5,647.54,USD,2025-11-17,2025-11-22,2025-12-02,2025-12-02,livree_a_temps,0
eb84a968-fda0-4375-947b-89335f4a2a3d,20036399-853f-4275-81f5-a1af194fd3fd,98390bdc-1e93-4618-8e29-ce8ed6a4aed8,51,100,156.26,USD,2025-11-05,2025-11-13,2025-11-21,2025-11-21,livree_a_temps,0
bef515e1-db90-48fa-82a6-955c47e22855,20036399-853f-4275-81f5-a1af194fd3fd,bfd258a1-15d6-405e-80cd-4cf9ed5b730d,57,50,98,USD,2025-10-29,2025-11-08,2025-11-23,2025-11-23,livree_a_temps,0
c0cdb71d-46f7-4c46-be20-330a009de521,20036399-853f-4275-81f5-a1af194fd3fd,ce8c11a2-7764-4c69-9d3d-6efc6283c1a9,37,20,24.81,USD,2025-11-07,2025-11-11,2025-11-16,2025-11-16,livree_a_temps,0
1b72ffd2-1965-47b7-b4d4-24bddc312569,20036399-853f-4275-81f5-a1af194fd3fd,87d82af0-297c-48d8-b9bb-0d0df1927534,37,10,37.25,USD,2025-11-18,2025-11-27,2025-12-17,2025-12-17,livree_a_temps,0
a37d08e5-14ae-4074-8ec0-147ebde53718,20036399-853f-4275-81f5-a1af194fd3fd,4d5bf674-1703-4bc1-8286-b8b139630aa8,25,20,9.78,USD,2025-11-06,2025-11-11,2025-11-17,,annulee,
2f94dc6a-0946-4d05-b36c-95e972e08b63,20036399-853f-4275-81f5-a1af194fd3fd,e5bbc3e5-aaf9-4785-8411-495e76439a19,13,1,28.15,USD,2025-11-02,2025-11-08,2025-11-15,2025-11-15,livree_a_temps,0
73324a11-3d14-4342-8f00-061a25d7e43a,20036399-853f-4275-81f5-a1af194fd3fd,4d5bf674-1703-4bc1-8286-b8b139630aa8,11,5,59.06,USD,2025-11-11,2025-11-16,2025-11-21,2025-12-01,livree_en_retard,10
b1454137-c0d7-4a86-a571-157c1bdf808d,20036399-853f-4275-81f5-a1af194fd3fd,50c1784a-9dd7-49d3-a367-b49e81d4fcc9,2,2,28.8,USD,2025-10-29,2025-11-04,2025-11-07,2025-11-07,livree_a_temps,0
7b1cebcb-7500-49d6-b00d-9e1dc68b08ab,20036399-853f-4275-81f5-a1af194fd3fd,d2e0a39b-31b3-4c7e-98cc-450466fb6a32,98,1,15.78,USD,2025-12-19,2025-12-23,2025-12-27,2025-12-28,livree_en_retard,1
58e6d0e8-9d35-4951-b56f-ad627a316dca,20036399-853f-4275-81f5-a1af194fd3fd,1ddae68a-860d-4f23-9aca-415d47393a0f,120,5,759.24,USD,2025-12-15,2025-12-23,2026-01-07,2026-01-20,livree_en_retard,13
8fae3ade-47e5-444a-9067-b7d0f5362939,20036399-853f-4275-81f5-a1af194fd3fd,53ed2c7c-db6b-44bc-97dc-41f2e27a58af,123,1,407.9,USD,2025-12-20,2025-12-26,2025-12-31,2025-12-31,livree_a_temps,0
48de1cfe-f1b7-4f34-ab67-49f395988f67,20036399-853f-4275-81f5-a1af194fd3fd,d2e0a39b-31b3-4c7e-98cc-450466fb6a32,51,10,115.1,USD,2025-12-05,2025-12-13,2025-12-19,2025-12-29,livree_en_retard,10
e7793f68-8b57-4c70-8551-38ea259a3105,20036399-853f-4275-81f5-a1af194fd3fd,83dde059-513e-4073-ac2a-fa13a3a1e575,55,20,201.89,USD,2025-11-28,2025-12-04,2025-12-09,2025-12-09,livree_a_temps,0
af412d48-42ce-4b9f-a8cc-7cd1b98d5caf,20036399-853f-4275-81f5-a1af194fd3fd,87d82af0-297c-48d8-b9bb-0d0df1927534,49,10,209.18,USD,2025-12-16,2025-12-23,2026-01-22,2026-01-22,livree_a_temps,0
c9d64f07-eb89-41c2-bd94-dc4db4de6744,20036399-853f-4275-81f5-a1af194fd3fd,98ac7ba3-6167-4556-81bd-92b16919c9ca,48,50,250.31,USD,2025-12-20,2025-12-28,2025-12-31,2025-12-31,livree_a_temps,0
3e7f2412-a574-41d2-801f-c25d70b8b852,20036399-853f-4275-81f5-a1af194fd3fd,a75b28b3-26ec-4fca-a7e0-421624813c54,28,5,26.4,USD,2025-12-13,2025-12-20,2025-12-27,2025-12-27,livree_a_temps,0
e7bf18f6-b501-4406-972b-345922778250,20036399-853f-4275-81f5-a1af194fd3fd,ce8c11a2-7764-4c69-9d3d-6efc6283c1a9,29,20,32.36,USD,2025-12-09,2025-12-10,2025-12-13,2025-12-13,livree_a_temps,0
4edf9ac1-24f3-48f1-8f0b-d10aadbf6a92,20036399-853f-4275-81f5-a1af194fd3fd,36ddc887-6df4-4129-b6b2-5106f5e0328b,31,100,53.51,USD,2025-12-04,2025-12-11,2025-12-12,2025-12-16,livree_en_retard,4
7302938f-1a74-4f6f-a78b-a8427a1ed1e0,20036399-853f-4275-81f5-a1af194fd3fd,c8db7681-fcca-421a-a31f-b94c4edbb479,29,20,42.91,USD,2025-12-02,2025-12-07,2025-12-11,2025-12-19,livree_en_retard,8
cfbe711c-dc9c-4b9d-8dc5-7ff8d6be22d3,20036399-853f-4275-81f5-a1af194fd3fd,c63d80ac-cb95-4bcc-a75a-1812b8f14a40,33,5,80.3,USD,2025-12-06,2025-12-10,2025-12-14,2025-12-14,livree_a_temps,0
a5ebf967-290e-482e-a013-04a66f572114,20036399-853f-4275-81f5-a1af194fd3fd,4d5bf674-1703-4bc1-8286-b8b139630aa8,27,10,73.21,USD,2025-12-13,2025-12-16,2025-12-22,2025-12-22,livree_a_temps,0
4e6b0c1e-fb31-4639-94fa-8fdf67e6356d,20036399-853f-4275-81f5-a1af194fd3fd,a8752895-2aeb-4978-9f7b-cef9caecf1e6,16,100,124.01,USD,2025-12-23,2025-12-25,2026-01-21,2026-01-21,livree_a_temps,0
c5b96114-e70a-4883-bd3b-23ba7f9ff0b4,20036399-853f-4275-81f5-a1af194fd3fd,309121c4-a374-43b3-92e5-a2a321816170,2,5,32.11,USD,2025-12-23,2025-12-25,2025-12-31,2026-01-03,livree_en_retard,3
19fa2536-ed19-40d0-9a3a-5e6c466e7801,20036399-853f-4275-81f5-a1af194fd3fd,312001eb-b07b-4489-a048-16c8b02784fe,2,100,31.17,USD,2025-12-14,2025-12-15,2025-12-21,2026-01-12,livree_en_retard,22
61a471eb-4313-4397-8011-e2a551e1427f,20036399-853f-4275-81f5-a1af194fd3fd,bc5b55fa-f576-4627-a4df-94b9c031ffc3,105,1,20.05,USD,2025-12-31,2026-01-10,2026-01-12,2026-01-13,livree_en_retard,1
4d6e3f82-08c8-41dc-8a8d-ede5fc9f0470,20036399-853f-4275-81f5-a1af194fd3fd,d2e0a39b-31b3-4c7e-98cc-450466fb6a32,101,5,19.64,USD,2026-01-22,2026-01-29,2026-02-04,2026-02-07,livree_en_retard,3
5e954bb4-9534-4020-9743-87f2d8a6d25b,20036399-853f-4275-81f5-a1af194fd3fd,14e13be0-90c7-4e0e-b6f8-9792e15ebc20,124,1,264.6,USD,2026-01-24,2026-01-25,2026-01-27,2026-01-24,livree_a_temps,-3
4cddbefc-2c1f-40b4-81d8-0c2cb0671295,20036399-853f-4275-81f5-a1af194fd3fd,38d5069e-3dbd-485e-86b7-ecbb8bbd2207,122,100,1329.9,USD,2026-01-25,2026-02-02,2026-02-14,2026-02-21,livree_en_retard,7
2ab12a17-8e2d-4d31-abfd-8eb9c7230042,20036399-853f-4275-81f5-a1af194fd3fd,9a24fb50-00fd-415d-9cf4-263b606218e0,119,100,76.31,USD,2026-01-22,2026-02-01,2026-02-14,2026-02-21,livree_en_retard,7
2ff8d6b4-90a1-4f05-af9c-5d5cd02754fd,20036399-853f-4275-81f5-a1af194fd3fd,4b0da602-5f61-4d55-be93-470463212538,56,20,145.41,USD,2026-01-02,2026-01-05,2026-01-06,2026-01-15,livree_en_retard,9
b09dc2fd-f02b-4eb2-868c-98ef7118e3a0,20036399-853f-4275-81f5-a1af194fd3fd,4b0da602-5f61-4d55-be93-470463212538,52,50,61.2,USD,2026-01-04,2026-01-05,2026-01-10,2026-01-07,livree_a_temps,-3
6663b48a-e508-4760-b618-3d9fbedcb4a3,20036399-853f-4275-81f5-a1af194fd3fd,98390bdc-1e93-4618-8e29-ce8ed6a4aed8,52,2,77.09,USD,2026-01-25,2026-01-29,2026-02-02,2026-02-02,livree_a_temps,0
96201121-a891-4a24-af46-b6bd17ea6477,20036399-853f-4275-81f5-a1af194fd3fd,4c414f3e-f0f0-432a-8c5f-74b77ecb5828,33,5,109.75,USD,2026-01-22,2026-01-28,2026-02-07,2026-02-07,livree_a_temps,0
610355ff-cdd1-45c5-a807-809a29beb270,20036399-853f-4275-81f5-a1af194fd3fd,38c992e5-31f4-482c-8b98-64f368b058d2,28,5,35.45,USD,2026-01-21,2026-01-28,2026-02-12,2026-02-12,livree_a_temps,0
8f7008e2-8cbe-407c-8bd0-69ed9540530a,20036399-853f-4275-81f5-a1af194fd3fd,833d445f-a8a6-41ba-9fde-63c65c37bdd3,33,1,123.42,USD,2025-12-29,2026-01-02,2026-01-24,2026-01-24,livree_a_temps,0
5a9951bc-5632-437c-b0d4-0c19c24d63a6,20036399-853f-4275-81f5-a1af194fd3fd,e4b497a2-4b2e-4c1c-8bb5-dfdabd33779b,36,1,16.68,USD,2026-01-08,2026-01-14,2026-01-18,2026-01-16,livree_a_temps,-2
63539729-5d11-427a-806c-d359a3859c86,20036399-853f-4275-81f5-a1af194fd3fd,e5bbc3e5-aaf9-4785-8411-495e76439a19,26,5,6.79,USD,2025-12-30,2026-01-05,2026-01-16,2026-01-16,livree_a_temps,0
df524f30-78b0-49a2-ab0b-f46dd8e69d53,20036399-853f-4275-81f5-a1af194fd3fd,c596e75e-f0a2-42e1-801f-bc9859582dc2,1,2,39.96,USD,2026-01-06,2026-01-09,2026-01-13,,annulee,
3e916b46-d789-4f72-b668-1ba91f6e3b87,20036399-853f-4275-81f5-a1af194fd3fd,1b9d31e8-58e9-410c-97a5-1dba9298c645,8,10,48.31,USD,2026-01-16,2026-01-23,2026-01-27,2026-01-27,livree_a_temps,0
076d0dae-5813-41fb-970d-eb2c2dbce380,20036399-853f-4275-81f5-a1af194fd3fd,bd3e241f-f501-4299-ba40-37a61386691f,1,10,35.79,USD,2025-12-31,2026-01-06,2026-01-08,2026-01-17,livree_en_retard,9
72808370-1da2-4859-9cab-5baeb196e8b8,20036399-853f-4275-81f5-a1af194fd3fd,1a873014-f873-4054-894e-8bf644612067,104,100,31.88,USD,2026-02-21,2026-02-25,2026-03-09,2026-03-08,livree_a_temps,-1
4d5579bc-09e8-4c9f-baf7-32503aab7f5d,20036399-853f-4275-81f5-a1af194fd3fd,7a95f5a9-dbad-4e44-b6b2-a2dd3f6c31f1,105,100,27.17,USD,2026-02-13,2026-02-23,2026-03-08,2026-03-08,livree_a_temps,0
27e7ca2e-e68d-48c7-a282-c4bf76b1a1ff,20036399-853f-4275-81f5-a1af194fd3fd,a7f6214b-f04a-4da5-8ca0-520e1ea9e472,118,100,181.2,USD,2026-02-22,2026-03-03,2026-03-08,2026-03-08,livree_a_temps,0
edb0aaf5-8e35-4c41-810c-1efa39644db2,20036399-853f-4275-81f5-a1af194fd3fd,14e13be0-90c7-4e0e-b6f8-9792e15ebc20,124,20,223.16,USD,2026-02-13,2026-02-20,2026-02-27,2026-02-26,livree_a_temps,-1
f72e8b13-1d47-4927-bdaa-5943fadbfe1d,20036399-853f-4275-81f5-a1af194fd3fd,9a6f40c5-41c3-4f2b-a7ab-e42a48773101,118,2,152.33,USD,2026-02-03,2026-02-12,2026-02-16,,annulee,
6719d58b-54c3-4747-b8f4-c4cb17a349e9,20036399-853f-4275-81f5-a1af194fd3fd,53ed2c7c-db6b-44bc-97dc-41f2e27a58af,123,10,465.73,USD,2026-02-02,2026-02-04,2026-02-09,2026-02-09,livree_a_temps,0
d4c57dd5-3033-4273-a2d0-06be9099c98d,20036399-853f-4275-81f5-a1af194fd3fd,9a6f40c5-41c3-4f2b-a7ab-e42a48773101,122,20,867.39,USD,2026-02-08,2026-02-16,2026-02-20,2026-02-20,livree_a_temps,0
58302c26-8f92-41cc-bfd6-4206decfae5a,20036399-853f-4275-81f5-a1af194fd3fd,83dde059-513e-4073-ac2a-fa13a3a1e575,53,5,57.32,USD,2026-02-19,2026-02-23,2026-02-27,2026-02-27,livree_a_temps,0
826cf7b6-6547-43ce-a5ed-580d3c5c20bd,20036399-853f-4275-81f5-a1af194fd3fd,30b648e7-ced0-442b-bcd3-dda7eba08e81,48,1,259.5,USD,2026-01-27,2026-01-31,2026-02-04,2026-02-21,livree_en_retard,17
b8ab144c-9e9c-4858-831c-a631cd994744,20036399-853f-4275-81f5-a1af194fd3fd,87d82af0-297c-48d8-b9bb-0d0df1927534,30,100,73.71,USD,2026-01-30,2026-01-31,2026-02-16,2026-02-16,livree_a_temps,0
189a9bd0-d032-4ec3-9116-1e72ee034d03,20036399-853f-4275-81f5-a1af194fd3fd,5de62164-c59b-4907-ae96-7a63b4cddbb2,29,100,31.8,USD,2026-02-20,2026-02-23,2026-03-01,2026-03-20,livree_en_retard,19
c17c9369-70bb-4239-b9de-a95c2244e154,20036399-853f-4275-81f5-a1af194fd3fd,65c02af0-837c-45f5-91bd-6ad4308cb818,33,5,83.12,USD,2026-02-20,2026-02-23,2026-02-28,2026-02-28,livree_a_temps,0
ab0f86a1-61cf-4ab1-b0d9-9a56c2644401,20036399-853f-4275-81f5-a1af194fd3fd,5b5cb032-bcb4-4e20-9df6-1e0e66b4f0d6,153,20,50.7,USD,2026-02-11,2026-02-15,2026-02-28,2026-02-28,livree_a_temps,0
6685bd58-fd50-4b8b-a06c-a54026a233b5,20036399-853f-4275-81f5-a1af194fd3fd,0cce90f0-eef2-49a4-8655-7cf84beedd5a,23,5,69.68,USD,2026-02-05,2026-02-08,2026-02-13,2026-02-13,livree_a_temps,0
0c61a8c7-c18b-4780-b67e-f662a5207092,20036399-853f-4275-81f5-a1af194fd3fd,309121c4-a374-43b3-92e5-a2a321816170,7,1,52.49,USD,2026-02-11,2026-02-21,2026-02-22,2026-02-19,livree_a_temps,-3
21f3ebb1-8c59-4b33-9dad-2ae5a14d00dd,20036399-853f-4275-81f5-a1af194fd3fd,53ed2c7c-db6b-44bc-97dc-41f2e27a58af,15,2,50.14,USD,2026-02-18,2026-02-23,2026-03-04,2026-03-04,livree_a_temps,0
71656ef1-3ece-4dfc-93bc-e57c530d3415,20036399-853f-4275-81f5-a1af194fd3fd,4d5bf674-1703-4bc1-8286-b8b139630aa8,3,50,61.09,USD,2026-02-25,2026-02-26,2026-03-09,2026-03-09,livree_a_temps,0
721a174f-bd5a-4291-8811-84f5d571894d,20036399-853f-4275-81f5-a1af194fd3fd,e5bbc3e5-aaf9-4785-8411-495e76439a19,12,5,52.38,USD,2026-01-31,2026-02-08,2026-02-15,2026-02-17,livree_en_retard,2
90716fbc-e7d4-4119-8177-15c80268b562,20036399-853f-4275-81f5-a1af194fd3fd,eb0bd6d1-4f0a-4fa7-b419-2410f4535aa7,101,20,25.27,USD,2026-03-19,2026-03-29,2026-04-03,2026-04-12,livree_en_retard,9
91132a79-5a50-47b6-86eb-b5fc59343928,20036399-853f-4275-81f5-a1af194fd3fd,bc5b55fa-f576-4627-a4df-94b9c031ffc3,102,100,3.84,USD,2026-03-03,2026-03-04,2026-03-06,2026-03-04,livree_a_temps,-2
d7190241-8574-48a6-bfae-1ba39056dd1f,20036399-853f-4275-81f5-a1af194fd3fd,a7f6214b-f04a-4da5-8ca0-520e1ea9e472,118,20,173.21,USD,2026-03-19,2026-03-21,2026-03-30,2026-03-30,livree_a_temps,0
b4fcb6a4-c82d-4a2b-a311-5ec19ac6f99f,20036399-853f-4275-81f5-a1af194fd3fd,65c02af0-837c-45f5-91bd-6ad4308cb818,119,50,71.88,USD,2026-02-26,2026-02-28,2026-03-14,2026-03-14,livree_a_temps,0
e64aa361-b55c-453d-a1a1-3000bc8e126b,20036399-853f-4275-81f5-a1af194fd3fd,87d82af0-297c-48d8-b9bb-0d0df1927534,48,50,345.83,USD,2026-03-24,2026-03-29,2026-04-09,2026-04-07,livree_a_temps,-2
04c4cdc7-cd14-48ba-b048-f07e0c87bf8a,20036399-853f-4275-81f5-a1af194fd3fd,87d82af0-297c-48d8-b9bb-0d0df1927534,56,10,216.75,USD,2026-03-02,2026-03-07,2026-04-03,2026-04-03,livree_a_temps,0
b4f6a388-f92a-424a-854b-5ba0c60ea237,20036399-853f-4275-81f5-a1af194fd3fd,a42c50e1-e7d1-4a84-95a4-095680d78ab4,48,10,270.57,USD,2026-03-05,2026-03-10,2026-03-24,2026-03-24,livree_a_temps,0
e5bd542a-21a1-4ed6-a7f9-c4626d67e542,20036399-853f-4275-81f5-a1af194fd3fd,87d82af0-297c-48d8-b9bb-0d0df1927534,30,5,80.5,USD,2026-03-26,2026-03-29,2026-04-20,2026-04-20,livree_a_temps,0
cf2244c6-7045-462a-bbef-5f6af5fb4cf1,20036399-853f-4275-81f5-a1af194fd3fd,e4b497a2-4b2e-4c1c-8bb5-dfdabd33779b,35,100,54.43,USD,2026-03-20,2026-03-28,2026-04-01,2026-04-01,livree_a_temps,0
5f414e47-8ea0-4177-9955-4e11ab8bd10e,20036399-853f-4275-81f5-a1af194fd3fd,08bbc964-d812-43ef-88bc-1b75de877890,31,10,49.22,USD,2026-03-01,2026-03-02,2026-03-05,2026-03-02,livree_a_temps,-3
a694a79d-d971-451d-a541-749ba19d8116,20036399-853f-4275-81f5-a1af194fd3fd,36ddc887-6df4-4129-b6b2-5106f5e0328b,146,50,3.62,USD,2026-03-24,2026-03-26,2026-03-30,2026-03-30,livree_a_temps,0
26e8bff6-1726-4cf5-9d6f-4367b1f83a7a,20036399-853f-4275-81f5-a1af194fd3fd,afa25e1d-9614-4325-939a-28c9c516deaa,17,50,23.12,USD,2026-03-17,2026-03-25,2026-04-05,2026-04-05,livree_a_temps,0
4ca57331-b31a-4222-a47c-3a14a9548571,20036399-853f-4275-81f5-a1af194fd3fd,4d5bf674-1703-4bc1-8286-b8b139630aa8,12,2,49.39,USD,2026-03-23,2026-03-28,2026-04-06,2026-04-06,livree_a_temps,0
e0006bd6-8b0c-40e3-b8d7-d4e91e961d92,20036399-853f-4275-81f5-a1af194fd3fd,e5bbc3e5-aaf9-4785-8411-495e76439a19,13,5,30.9,USD,2026-03-08,2026-03-09,2026-03-20,2026-03-20,livree_a_temps,0
2ad57b92-e3bf-46b2-ba5d-b0f7f3d092f0,20036399-853f-4275-81f5-a1af194fd3fd,bdb1f396-3e57-46de-8d83-9e76208091cc,103,20,37.35,USD,2026-04-26,2026-05-06,2026-05-18,2026-05-18,livree_a_temps,0
7b626114-6154-4140-815f-30322ab64b62,20036399-853f-4275-81f5-a1af194fd3fd,53ed2c7c-db6b-44bc-97dc-41f2e27a58af,124,50,324,USD,2026-04-15,2026-04-19,2026-04-29,2026-04-29,livree_a_temps,0
d249a731-6728-4903-bb39-531d78dc6037,20036399-853f-4275-81f5-a1af194fd3fd,14e13be0-90c7-4e0e-b6f8-9792e15ebc20,124,10,285.15,USD,2026-04-06,2026-04-12,2026-04-14,2026-04-14,livree_a_temps,0
9b2edae5-c21f-4c71-8746-74cd73516cc8,20036399-853f-4275-81f5-a1af194fd3fd,7a95f5a9-dbad-4e44-b6b2-a2dd3f6c31f1,121,20,619.37,USD,2026-04-06,2026-04-10,2026-04-24,2026-04-22,livree_a_temps,-2
64aef312-f3fc-4f3f-be74-c115f868c891,20036399-853f-4275-81f5-a1af194fd3fd,98ac7ba3-6167-4556-81bd-92b16919c9ca,51,1,125.82,USD,2026-03-29,2026-04-04,2026-04-10,2026-04-10,livree_a_temps,0
b9fcfe34-57e1-412f-b9f9-27a0176d0fbc,20036399-853f-4275-81f5-a1af194fd3fd,98390bdc-1e93-4618-8e29-ce8ed6a4aed8,50,50,328.33,USD,2026-04-14,2026-04-23,2026-05-03,,annulee,
915c69bd-f8a5-45db-926c-a4dd68eafad6,20036399-853f-4275-81f5-a1af194fd3fd,08bbc964-d812-43ef-88bc-1b75de877890,53,100,56.28,USD,2026-03-31,2026-04-02,2026-04-06,2026-04-12,livree_en_retard,6
02820cc0-69c3-480b-ab81-5197687e87be,20036399-853f-4275-81f5-a1af194fd3fd,d12c1c4b-c6e6-42fa-8a67-917383e19cdb,57,2,97.58,USD,2026-03-29,2026-04-03,2026-04-13,2026-04-13,livree_a_temps,0
16d78546-c9ab-4893-a924-d87e77cf54f5,20036399-853f-4275-81f5-a1af194fd3fd,bfd258a1-15d6-405e-80cd-4cf9ed5b730d,55,5,244.5,USD,2026-04-17,2026-04-22,2026-05-06,2026-05-09,livree_en_retard,3
70f5a63a-a7a1-41fb-a5e8-dab4989ab438,20036399-853f-4275-81f5-a1af194fd3fd,c63d80ac-cb95-4bcc-a75a-1812b8f14a40,36,20,15.87,USD,2026-04-20,2026-04-26,2026-05-02,2026-05-02,livree_a_temps,0
e4ea8c1d-a095-4d37-b63a-3226769b2995,20036399-853f-4275-81f5-a1af194fd3fd,5b5cb032-bcb4-4e20-9df6-1e0e66b4f0d6,30,5,75.49,USD,2026-03-28,2026-03-30,2026-04-25,2026-04-30,livree_en_retard,5
96d4e67f-d0a3-4d1a-80b3-6fd012fdf42f,20036399-853f-4275-81f5-a1af194fd3fd,ddb507c6-7c41-4027-bf46-dee06e458cb7,34,5,44.38,USD,2026-04-19,2026-04-22,2026-04-25,2026-05-08,livree_en_retard,13
35f34cdf-9a43-425c-a184-01331db36dc0,20036399-853f-4275-81f5-a1af194fd3fd,36ddc887-6df4-4129-b6b2-5106f5e0328b,153,1,33.28,USD,2026-03-28,2026-04-05,2026-04-06,2026-04-06,livree_a_temps,0
562e2803-62f9-4692-84b1-4f1649105e6d,20036399-853f-4275-81f5-a1af194fd3fd,f303955c-611e-4ac0-8927-9872c330f511,22,5,86.65,USD,2026-04-04,2026-04-13,2026-04-25,2026-04-25,livree_a_temps,0
89bb3d4a-25c8-407e-a23b-875427ed702b,20036399-853f-4275-81f5-a1af194fd3fd,f303955c-611e-4ac0-8927-9872c330f511,17,100,19.62,USD,2026-04-16,2026-04-26,2026-05-05,2026-05-05,livree_a_temps,0
5dccc893-6336-4f40-a648-ed7526fa5ecd,20036399-853f-4275-81f5-a1af194fd3fd,bd3e241f-f501-4299-ba40-37a61386691f,2,20,30.05,USD,2026-03-29,2026-03-30,2026-04-04,,annulee,
01cb9d1f-f637-4744-bebf-c24f3900cbdd,20036399-853f-4275-81f5-a1af194fd3fd,5de62164-c59b-4907-ae96-7a63b4cddbb2,4,100,26.27,USD,2026-04-24,2026-04-26,2026-04-30,,annulee,
3d02f1ff-9f16-411c-b531-5311c9d9b751,20036399-853f-4275-81f5-a1af194fd3fd,1a873014-f873-4054-894e-8bf644612067,98,10,15.16,USD,2026-05-05,2026-05-11,2026-05-15,2026-05-15,livree_a_temps,0
2cb240f8-dcb4-4071-924d-758e8b3b89d2,20036399-853f-4275-81f5-a1af194fd3fd,5494dc42-ee22-4ee1-a74c-b4fc97439873,100,1,12.95,USD,2026-04-27,2026-05-04,2026-05-17,2026-05-21,livree_en_retard,4
96af9a3e-ee7d-462f-9fab-2f94a4c78906,20036399-853f-4275-81f5-a1af194fd3fd,65c02af0-837c-45f5-91bd-6ad4308cb818,120,2,726.64,USD,2026-05-10,2026-05-20,2026-05-30,2026-05-30,livree_a_temps,0
f52a75f2-8f9b-4e8c-be95-5153007c7682,20036399-853f-4275-81f5-a1af194fd3fd,d6e548ef-bc03-4a1f-b3b5-8e0c168b19ca,118,20,142.75,USD,2026-05-13,2026-05-15,2026-05-16,2026-06-04,livree_en_retard,19
49e8fff7-a8f8-4d2e-857b-8da3dad6f96f,20036399-853f-4275-81f5-a1af194fd3fd,7a95f5a9-dbad-4e44-b6b2-a2dd3f6c31f1,118,1,153.13,USD,2026-05-26,2026-05-27,2026-05-31,2026-05-31,livree_a_temps,0
877f07f4-5944-480f-aa77-3c8febebd913,20036399-853f-4275-81f5-a1af194fd3fd,53ed2c7c-db6b-44bc-97dc-41f2e27a58af,124,50,338.83,USD,2026-05-11,2026-05-13,2026-05-17,2026-05-17,livree_a_temps,0
93f591c7-ece5-4524-94ac-cdeb709129d4,20036399-853f-4275-81f5-a1af194fd3fd,98390bdc-1e93-4618-8e29-ce8ed6a4aed8,56,2,178.35,USD,2026-05-13,2026-05-23,2026-06-07,2026-06-07,livree_a_temps,0
f76d8c0f-abad-4aa6-b31f-026081f97eb0,20036399-853f-4275-81f5-a1af194fd3fd,83dde059-513e-4073-ac2a-fa13a3a1e575,49,10,143.27,USD,2026-05-26,2026-05-30,2026-06-04,2026-06-04,livree_a_temps,0
f55dcc6b-52c0-445f-974f-5d4dfbccbc10,20036399-853f-4275-81f5-a1af194fd3fd,87d82af0-297c-48d8-b9bb-0d0df1927534,56,2,273.56,USD,2026-05-21,2026-05-31,2026-06-14,2026-06-14,livree_a_temps,0
2bc1fd45-8bae-427b-846b-1de87933c57b,20036399-853f-4275-81f5-a1af194fd3fd,d2e0a39b-31b3-4c7e-98cc-450466fb6a32,50,1,236.79,USD,2026-05-10,2026-05-17,2026-05-22,2026-05-24,livree_en_retard,2
0e79480d-3acc-4ee1-9924-23cb756aef22,20036399-853f-4275-81f5-a1af194fd3fd,65c02af0-837c-45f5-91bd-6ad4308cb818,28,2,32.99,USD,2026-05-25,2026-06-04,2026-06-18,2026-06-18,livree_a_temps,0
632a4f4f-4411-4630-a9f9-31d85669c918,20036399-853f-4275-81f5-a1af194fd3fd,14e13be0-90c7-4e0e-b6f8-9792e15ebc20,29,2,31.74,USD,2026-05-05,2026-05-11,2026-05-17,2026-05-25,livree_en_retard,8
e76e3a45-2910-4933-9f34-c0762b38b693,20036399-853f-4275-81f5-a1af194fd3fd,ce8c11a2-7764-4c69-9d3d-6efc6283c1a9,30,1,56.35,USD,2026-05-18,2026-05-21,2026-05-27,2026-05-27,livree_a_temps,0
8a42068d-d5e3-48c9-9424-be4feeb7c1da,20036399-853f-4275-81f5-a1af194fd3fd,94a69aa3-865f-4c60-b54b-595ed610efe7,28,5,34.21,USD,2026-05-15,2026-05-16,2026-05-22,2026-05-22,livree_a_temps,0
d64c2f5d-884b-48c4-8d84-6d4d2e8fabe9,20036399-853f-4275-81f5-a1af194fd3fd,312ae8a1-1e93-47d8-84fe-7dd909b0e00d,151,5,24.02,USD,2026-05-26,2026-06-04,2026-06-10,2026-06-18,livree_en_retard,8
afaa5b7f-2846-4554-8d28-6e390851dde7,20036399-853f-4275-81f5-a1af194fd3fd,387413d8-2f51-4f7e-9c4d-d483caa3d19d,18,50,66.1,USD,2026-05-26,2026-06-04,2026-06-18,2026-06-21,livree_en_retard,3
24672765-642d-43b1-9bc3-37ad54b8d170,20036399-853f-4275-81f5-a1af194fd3fd,f303955c-611e-4ac0-8927-9872c330f511,23,10,86.31,USD,2026-05-12,2026-05-14,2026-05-18,2026-05-18,livree_a_temps,0
9fa24ac5-9c4d-491b-9936-d8a59e8b8092,20036399-853f-4275-81f5-a1af194fd3fd,5de62164-c59b-4907-ae96-7a63b4cddbb2,1,2,36.79,USD,2026-05-06,2026-05-10,2026-05-13,2026-05-13,livree_a_temps,0
33b6b0f0-7cc1-464f-8c5e-dd88d69081fe,20036399-853f-4275-81f5-a1af194fd3fd,bd3e241f-f501-4299-ba40-37a61386691f,10,100,14.77,USD,2026-05-01,2026-05-06,2026-05-09,2026-05-09,livree_a_temps,0
f6aefba2-e599-4fd9-9ec9-7e470a8716e8,20036399-853f-4275-81f5-a1af194fd3fd,bc5b55fa-f576-4627-a4df-94b9c031ffc3,97,100,22.72,USD,2026-06-08,2026-06-18,2026-06-22,2026-07-16,livree_en_retard,24
7365aed6-8788-4e1e-8a02-c32497fe08ca,20036399-853f-4275-81f5-a1af194fd3fd,1ddae68a-860d-4f23-9aca-415d47393a0f,123,1,435.06,USD,2026-06-24,2026-06-25,2026-07-03,,annulee,
5d87dc34-2a65-4cb3-aec5-513622a52592,20036399-853f-4275-81f5-a1af194fd3fd,ce8c11a2-7764-4c69-9d3d-6efc6283c1a9,122,20,867.28,USD,2026-05-31,2026-06-04,2026-06-06,2026-06-06,livree_a_temps,0
f66abb8b-cf7c-4e9c-999e-0d93ec062a84,20036399-853f-4275-81f5-a1af194fd3fd,e62c2c04-1277-440a-8b88-e465e31f7939,120,5,627.97,USD,2026-06-19,2026-06-27,2026-06-28,2026-06-28,livree_a_temps,0
d4e78fa0-4104-4f9d-a7c6-3c94e9cd78cb,20036399-853f-4275-81f5-a1af194fd3fd,98ac7ba3-6167-4556-81bd-92b16919c9ca,54,1,159.43,USD,2026-06-24,2026-07-03,2026-07-05,2026-07-05,livree_a_temps,0
230c327a-d053-47ab-9ee3-139902c6a799,20036399-853f-4275-81f5-a1af194fd3fd,98390bdc-1e93-4618-8e29-ce8ed6a4aed8,49,20,186.13,USD,2026-05-31,2026-06-02,2026-06-13,2026-06-18,livree_en_retard,5
211908c0-752e-42d8-b8ee-ae96c6b0c1aa,20036399-853f-4275-81f5-a1af194fd3fd,a42c50e1-e7d1-4a84-95a4-095680d78ab4,51,20,135.18,USD,2026-05-27,2026-06-03,2026-06-17,2026-06-17,livree_a_temps,0
0a533df3-cf94-4ecd-96e0-f7ef875f90bc,20036399-853f-4275-81f5-a1af194fd3fd,08bbc964-d812-43ef-88bc-1b75de877890,56,10,147.89,USD,2026-06-10,2026-06-20,2026-06-22,2026-06-22,livree_a_temps,0
87b64c35-3af7-4999-a985-08a5423c5887,20036399-853f-4275-81f5-a1af194fd3fd,82c6ba60-8224-461a-951d-8a4e71090f87,33,5,84.84,USD,2026-06-01,2026-06-06,2026-06-19,2026-06-19,livree_a_temps,0
854af559-91f6-40b8-99ad-92e14d509440,20036399-853f-4275-81f5-a1af194fd3fd,ce8c11a2-7764-4c69-9d3d-6efc6283c1a9,35,5,48.48,USD,2026-06-02,2026-06-03,2026-06-07,2026-06-05,livree_a_temps,-2
4aa41b4a-3b88-4668-8e68-a1bdca846a51,20036399-853f-4275-81f5-a1af194fd3fd,1b9d31e8-58e9-410c-97a5-1dba9298c645,8,5,46.33,USD,2026-06-14,2026-06-24,2026-06-30,2026-07-09,livree_en_retard,9
fed13e7f-07b2-4193-90df-75c8c585d248,20036399-853f-4275-81f5-a1af194fd3fd,eb0bd6d1-4f0a-4fa7-b419-2410f4535aa7,8,2,57.21,USD,2026-06-10,2026-06-16,2026-06-27,2026-06-28,livree_en_retard,1
53220a8b-e55d-455a-b598-4639f54b8388,20036399-853f-4275-81f5-a1af194fd3fd,4b0da602-5f61-4d55-be93-470463212538,1,5,40.36,USD,2026-06-22,2026-06-28,2026-07-03,2026-07-03,livree_a_temps,0
34a8817a-1122-4bd1-8f64-4712074d1ca0,20036399-853f-4275-81f5-a1af194fd3fd,bd3e241f-f501-4299-ba40-37a61386691f,9,10,33.77,USD,2026-06-23,2026-07-02,2026-07-09,2026-07-09,livree_a_temps,0
5387b2be-7c27-44f5-9f34-b4e5829d69fa,20036399-853f-4275-81f5-a1af194fd3fd,bd3e241f-f501-4299-ba40-37a61386691f,13,10,23.51,USD,2026-06-02,2026-06-07,2026-06-09,2026-06-09,livree_a_temps,0
2513ee0b-20f3-478c-a8f0-5145b6369027,20036399-853f-4275-81f5-a1af194fd3fd,eb0bd6d1-4f0a-4fa7-b419-2410f4535aa7,101,50,23.7,USD,2026-06-30,2026-07-01,2026-07-09,2026-07-11,livree_en_retard,2
042ca23a-6711-4b65-a986-6c6b78f7e481,20036399-853f-4275-81f5-a1af194fd3fd,87d82af0-297c-48d8-b9bb-0d0df1927534,101,50,29.27,USD,2026-07-08,2026-07-11,2026-08-03,2026-08-03,livree_a_temps,0
0ad30354-1915-4410-8f9a-1e7ce42b89a6,20036399-853f-4275-81f5-a1af194fd3fd,1ddae68a-860d-4f23-9aca-415d47393a0f,120,100,774.45,USD,2026-07-19,2026-07-27,2026-08-07,2026-08-16,livree_en_retard,9
c4376486-27fe-43db-99d2-0745a42f98a2,20036399-853f-4275-81f5-a1af194fd3fd,e62c2c04-1277-440a-8b88-e465e31f7939,122,50,832.22,USD,2026-07-15,2026-07-24,2026-07-30,2026-07-30,livree_a_temps,0
cb77dfc4-8536-4a7e-98c6-0d37b95f0d5e,20036399-853f-4275-81f5-a1af194fd3fd,d12c1c4b-c6e6-42fa-8a67-917383e19cdb,54,50,177.16,USD,2026-07-10,2026-07-12,2026-07-24,2026-07-28,livree_en_retard,4
e0785d85-825d-4d96-8f69-7983ff070ab4,20036399-853f-4275-81f5-a1af194fd3fd,98390bdc-1e93-4618-8e29-ce8ed6a4aed8,54,20,172.46,USD,2026-07-02,2026-07-03,2026-07-16,2026-07-16,livree_a_temps,0
93d01cdf-166f-42a7-b9bf-1c4cd06b00ae,20036399-853f-4275-81f5-a1af194fd3fd,d12c1c4b-c6e6-42fa-8a67-917383e19cdb,52,50,90.99,USD,2026-07-01,2026-07-09,2026-07-17,2026-07-17,livree_a_temps,0
87fa907d-183a-4088-9b74-5a8bb2dfaa36,20036399-853f-4275-81f5-a1af194fd3fd,38c992e5-31f4-482c-8b98-64f368b058d2,34,10,49.97,USD,2026-07-19,2026-07-28,2026-08-07,2026-08-07,livree_a_temps,0
b106ffc8-5221-43de-852a-d2a40d6e68f9,20036399-853f-4275-81f5-a1af194fd3fd,36ddc887-6df4-4129-b6b2-5106f5e0328b,36,5,16.54,USD,2026-07-09,2026-07-16,2026-07-21,2026-07-21,livree_a_temps,0
a4102566-d60a-4685-9f6d-862e9096f3ce,20036399-853f-4275-81f5-a1af194fd3fd,94a69aa3-865f-4c60-b54b-595ed610efe7,31,5,59.66,USD,2026-07-20,2026-07-26,2026-08-03,2026-08-13,livree_en_retard,10
2811ed78-a8ce-4636-989b-99e57dd81e14,20036399-853f-4275-81f5-a1af194fd3fd,ce8c11a2-7764-4c69-9d3d-6efc6283c1a9,33,2,77.73,USD,2026-07-19,2026-07-27,2026-08-03,,annulee,
14c8c911-395c-4836-afad-9da7d52cdfc6,20036399-853f-4275-81f5-a1af194fd3fd,82c6ba60-8224-461a-951d-8a4e71090f87,30,20,69.38,USD,2026-07-03,2026-07-13,2026-07-25,2026-07-25,livree_a_temps,0
3c461255-2b13-4133-ba6a-29c1c2668375,20036399-853f-4275-81f5-a1af194fd3fd,36ddc887-6df4-4129-b6b2-5106f5e0328b,149,10,4.93,USD,2026-07-20,2026-07-21,2026-07-23,2026-07-23,livree_a_temps,0
3a6ba1f7-54ce-4000-abdb-b553045a8847,20036399-853f-4275-81f5-a1af194fd3fd,53ed2c7c-db6b-44bc-97dc-41f2e27a58af,13,2,28.85,USD,2026-06-28,2026-06-29,2026-07-13,2026-07-13,livree_a_temps,0
5de86139-9974-41e7-b98f-9cb8c204ad58,20036399-853f-4275-81f5-a1af194fd3fd,6ddb19c1-837f-43af-91b7-6335e905a1a2,5,5,35.51,USD,2026-07-14,2026-07-22,2026-08-09,,annulee,
f77278a0-0bc7-4da5-bef6-e92eb4966595,20036399-853f-4275-81f5-a1af194fd3fd,ea9c09fd-b9a0-475d-bc81-a35547b24556,104,20,28.39,USD,2026-07-30,2026-08-04,2026-08-06,2026-08-29,livree_en_retard,23
448a70da-f21d-4a2c-a0c9-7b0a41b8a7e0,20036399-853f-4275-81f5-a1af194fd3fd,38d5069e-3dbd-485e-86b7-ecbb8bbd2207,123,2,544.69,USD,2026-08-01,2026-08-08,2026-08-31,,en_cours,
4cbe1e40-580e-4144-a5d6-665632421a07,20036399-853f-4275-81f5-a1af194fd3fd,a7f6214b-f04a-4da5-8ca0-520e1ea9e472,121,2,590.07,USD,2026-08-18,2026-08-24,2026-08-31,,en_cours,
36179bc3-8ca4-4466-b28a-9111f7017bfe,20036399-853f-4275-81f5-a1af194fd3fd,38d5069e-3dbd-485e-86b7-ecbb8bbd2207,117,2,1377.45,USD,2026-08-11,2026-08-15,2026-08-31,,en_cours,
075ca120-ee84-4481-b226-e19081f727bb,20036399-853f-4275-81f5-a1af194fd3fd,b333e8aa-ad18-4abf-9c53-9ace926a283b,123,5,473.52,USD,2026-08-14,2026-08-17,2026-08-22,2026-08-19,livree_a_temps,-3
49fbbe23-9b25-403a-b96a-c7f7bcbdd459,20036399-853f-4275-81f5-a1af194fd3fd,ce8c11a2-7764-4c69-9d3d-6efc6283c1a9,116,2,176.37,USD,2026-07-28,2026-08-03,2026-08-10,2026-08-10,livree_a_temps,0
7c9f957e-19fa-48a0-a76f-c3170010893a,20036399-853f-4275-81f5-a1af194fd3fd,d2e0a39b-31b3-4c7e-98cc-450466fb6a32,54,100,150.96,USD,2026-08-04,2026-08-12,2026-08-19,2026-08-19,livree_a_temps,0
ba9cf2a4-36ce-4ef6-b7f8-6334c88c1eea,20036399-853f-4275-81f5-a1af194fd3fd,30b648e7-ced0-442b-bcd3-dda7eba08e81,48,20,245.59,USD,2026-08-01,2026-08-02,2026-08-06,2026-08-06,livree_a_temps,0
09768b16-8011-4a2b-99e2-61d468d9ad5c,20036399-853f-4275-81f5-a1af194fd3fd,98390bdc-1e93-4618-8e29-ce8ed6a4aed8,54,100,209.78,USD,2026-08-05,2026-08-13,2026-08-28,2026-08-28,livree_a_temps,0
ae41611b-a606-4622-bf94-ac0d5a0036e6,20036399-853f-4275-81f5-a1af194fd3fd,98ac7ba3-6167-4556-81bd-92b16919c9ca,51,20,102.38,USD,2026-08-17,2026-08-26,2026-08-30,2026-08-28,livree_a_temps,-2
b72f5cff-19ab-4e93-b317-4c6b4b611886,20036399-853f-4275-81f5-a1af194fd3fd,d2e0a39b-31b3-4c7e-98cc-450466fb6a32,56,1,156.82,USD,2026-07-28,2026-08-01,2026-08-05,2026-08-14,livree_en_retard,9
cea49acb-82ae-45e0-8f00-7952805e18e7,20036399-853f-4275-81f5-a1af194fd3fd,c63d80ac-cb95-4bcc-a75a-1812b8f14a40,36,20,14.67,USD,2026-08-09,2026-08-16,2026-08-22,2026-09-07,livree_en_retard,16
ad62c093-8d84-43e8-922c-c8d14b9eed03,20036399-853f-4275-81f5-a1af194fd3fd,e4b497a2-4b2e-4c1c-8bb5-dfdabd33779b,35,100,48.73,USD,2026-08-21,2026-08-24,2026-08-25,2026-08-27,livree_en_retard,2
579f1e3e-a2c7-4ec3-ad9c-a1ca57d6816d,20036399-853f-4275-81f5-a1af194fd3fd,1ddae68a-860d-4f23-9aca-415d47393a0f,152,100,23.18,USD,2026-08-11,2026-08-18,2026-08-29,2026-08-29,livree_a_temps,0
3c28b3a7-4158-4621-90e4-b482183a5d4a,20036399-853f-4275-81f5-a1af194fd3fd,1a873014-f873-4054-894e-8bf644612067,147,10,30.72,USD,2026-08-23,2026-08-25,2026-08-31,,en_cours,
19cc5a40-1b7d-47eb-8279-e6b2122dd486,20036399-853f-4275-81f5-a1af194fd3fd,0cce90f0-eef2-49a4-8655-7cf84beedd5a,25,5,8,USD,2026-08-11,2026-08-18,2026-08-24,2026-09-14,livree_en_retard,21
2f77f7bb-f035-4990-882a-d8724c0aedcd,20036399-853f-4275-81f5-a1af194fd3fd,4d5bf674-1703-4bc1-8286-b8b139630aa8,3,100,60.49,USD,2026-08-01,2026-08-03,2026-08-16,2026-08-26,livree_en_retard,10
29f3b35e-06ce-4835-b93e-270da5b0f080,20036399-853f-4275-81f5-a1af194fd3fd,bd3e241f-f501-4299-ba40-37a61386691f,10,2,14.01,USD,2026-07-28,2026-07-31,2026-08-03,2026-08-13,livree_en_retard,10
5b3d5f80-edd3-4620-b70c-dffc357b64f8,20036399-853f-4275-81f5-a1af194fd3fd,c4e0701e-3e92-47c1-8df5-3b6a15b8f13d,15,50,49.36,USD,2026-07-27,2026-08-05,2026-08-19,2026-08-19,livree_a_temps,0
f14899ed-3c93-4c40-9b1a-0df7a302b99f,20036399-853f-4275-81f5-a1af194fd3fd,5de62164-c59b-4907-ae96-7a63b4cddbb2,9,10,40.63,USD,2026-08-07,2026-08-10,2026-08-14,2026-09-07,livree_en_retard,24
1bfcd665-44d6-4775-8b43-199927af5a21,20036399-853f-4275-81f5-a1af194fd3fd,f60eac5c-0c9f-4c5f-9b76-c268e04d77ba,1,20,34.53,USD,2026-07-29,2026-07-31,2026-08-02,2026-08-27,livree_en_retard,25