id,fournisseur_id,article_id,prix_unitaire,devise,delai_livraison_jours,quantite_min,validite_offre_date,date_soumission,source_import
e712ba44-a190-4b6c-9022-59545152fa03,f60eac5c-0c9f-4c5f-9b76-c268e04d77ba,1,41.33,USD,6,50,2026-02-24,2026-01-14,dataset_fictif
40827f21-255e-4c1f-aa90-14538e1c0500,e5bbc3e5-aaf9-4785-8411-495e76439a19,1,47.49,USD,11,20,2026-06-18,2026-04-05,dataset_fictif
f6cbeebe-6073-473a-886f-634317e1eb71,e5bbc3e5-aaf9-4785-8411-495e76439a19,1,134593,CDF,14,20,2026-01-07,2025-11-25,dataset_fictif
5ab5ee24-1ebd-42d5-9c83-8ddf1182cc4b,f9d0244f-b0de-4cb4-9ae4-55a44b4abb74,1,181099,CDF,23,1,2026-02-18,2025-12-04,dataset_fictif
53c20202-3a02-414b-bac5-607ea796d9cb,6ddb19c1-837f-43af-91b7-6335e905a1a2,1,55.74,USD,14,50,2026-04-10,2026-01-21,dataset_fictif
70feca55-c829-4914-8895-2a63ba521bbc,4d5bf674-1703-4bc1-8286-b8b139630aa8,1,43.26,USD,4,1,2026-03-23,2026-02-11,dataset_fictif
d02a060f-5c2d-49d8-a0d2-94ca7929d9bf,50c1784a-9dd7-49d3-a367-b49e81d4fcc9,2,32.24,USD,4,1,2026-05-22,2026-04-22,dataset_fictif
165b0dd5-6755-47f0-a87d-9dbab825ac4e,e5bbc3e5-aaf9-4785-8411-495e76439a19,2,94451,CDF,5,10,2026-11-08,2026-08-17,dataset_fictif
615eff76-97ff-4f34-8342-7c1e05b750c7,e5bbc3e5-aaf9-4785-8411-495e76439a19,2,37.52,USD,8,50,2026-05-27,2026-02-27,dataset_fictif
ece55a78-b06c-43a6-8739-3b85b1c129cd,f9d0244f-b0de-4cb4-9ae4-55a44b4abb74,2,51.95,USD,20,50,2026-04-10,2026-03-01,dataset_fictif
52ce552a-b9b8-4860-8b64-717fc3b617b0,312001eb-b07b-4489-a048-16c8b02784fe,2,33.03,USD,1,20,2026-05-02,2026-02-02,dataset_fictif
1ea58a1d-7a26-4109-92bd-cdd9e4ff04fb,312001eb-b07b-4489-a048-16c8b02784fe,2,32.3,USD,1,5,2026-02-10,2026-01-09,dataset_fictif
d14d7984-e59b-44fe-83e7-9aa5f35d78d8,6ddb19c1-837f-43af-91b7-6335e905a1a2,2,51.34,USD,14,1,2026-10-28,2026-07-30,dataset_fictif
3d60d9b8-ec8d-4bd7-b328-1154235f96d8,f9d0244f-b0de-4cb4-9ae4-55a44b4abb74,3,71.98,USD,16,5,2025-12-19,2025-09-20,dataset_fictif
b0ac9c27-b593-46c1-868c-33c2617514af,f9d0244f-b0de-4cb4-9ae4-55a44b4abb74,3,220516,CDF,25,50,2026-01-02,2025-11-23,dataset_fictif
63705c2c-9529-436c-9832-83232bdcdeef,c4e0701e-3e92-47c1-8df5-3b6a15b8f13d,3,161795,CDF,15,50,2026-01-28,2025-11-11,dataset_fictif
82f71ecb-f1e6-4645-83a0-5dcaebfb6b3b,c4e0701e-3e92-47c1-8df5-3b6a15b8f13d,3,54.64,USD,9,20,2025-11-23,2025-09-02,dataset_fictif
e3bca5db-33aa-4005-b730-a1d11896cd5d,1b9d31e8-58e9-410c-97a5-1dba9298c645,3,51.33,USD,7,20,2025-12-15,2025-11-13,dataset_fictif
7c982d6e-1a15-4b30-a112-436e269001e7,53ed2c7c-db6b-44bc-97dc-41f2e27a58af,3,58.01,USD,4,5,2026-02-03,2025-11-17,dataset_fictif
292c9102-34d7-426a-b691-eba9c870626e,c596e75e-f0a2-42e1-801f-bc9859582dc2,3,44.13,USD,4,1,2026-05-09,2026-04-08,dataset_fictif
bc48922c-ac53-44bf-8310-4ffce3f4c54b,e5bbc3e5-aaf9-4785-8411-495e76439a19,4,32.95,USD,14,1,2026-03-10,2026-01-01,dataset_fictif
9b8716b9-3a06-4f14-a3cc-3895d7048517,5de62164-c59b-4907-ae96-7a63b4cddbb2,4,21.71,USD,7,10,2026-01-27,2025-12-01,dataset_fictif
0e023d76-05d5-42fd-9c64-266e6ede4077,5de62164-c59b-4907-ae96-7a63b4cddbb2,5,22.89,USD,3,50,2026-04-04,2026-02-19,dataset_fictif
7e367280-6e38-4e3e-ae8a-bcc8886caf34,eb0bd6d1-4f0a-4fa7-b419-2410f4535aa7,5,27.56,USD,15,5,2026-07-17,2026-06-05,dataset_fictif
16e64fa8-6ef1-455e-9d73-36c434fe1823,c4e0701e-3e92-47c1-8df5-3b6a15b8f13d,5,29.23,USD,6,1,2026-01-19,2025-12-04,dataset_fictif
2daed93f-bdec-4db4-b0c4-569f26f649fc,c4e0701e-3e92-47c1-8df5-3b6a15b8f13d,5,72194,CDF,9,10,2026-03-23,2026-01-15,dataset_fictif
86cadc4f-886e-423d-9e1a-92b020e5f3cc,312001eb-b07b-4489-a048-16c8b02784fe,5,21.56,USD,2,1,2026-07-09,2026-06-03,dataset_fictif
644216a9-9fd6-4975-9205-9f4a3d11f87e,312001eb-b07b-4489-a048-16c8b02784fe,5,23.35,USD,2,5,2026-05-12,2026-03-01,dataset_fictif
fd5b8e20-d608-4e9e-acc9-887103edf3c4,f60eac5c-0c9f-4c5f-9b76-c268e04d77ba,5,23.4,USD,5,1,2025-11-22,2025-10-01,dataset_fictif
0a899111-2f4b-4936-b8ee-bca11eb7ac64,f60eac5c-0c9f-4c5f-9b76-c268e04d77ba,5,23.4,USD,6,1,2025-11-01,2025-09-01,dataset_fictif
fac99514-df7d-43fe-aad2-4bfc9b5fd11b,312001eb-b07b-4489-a048-16c8b02784fe,6,21.59,USD,4,5,2026-03-04,2025-12-31,dataset_fictif
ed507b21-2bcd-4701-94c2-275bf583fe12,312001eb-b07b-4489-a048-16c8b02784fe,6,17.56,USD,2,10,2026-08-11,2026-06-11,dataset_fictif
0041f16f-443c-4b78-a4b5-64d577de3484,f9d0244f-b0de-4cb4-9ae4-55a44b4abb74,6,32.46,USD,26,50,2026-05-09,2026-03-31,dataset_fictif
b90d5b5c-ec1a-49cb-8203-003e7916810f,bd3e241f-f501-4299-ba40-37a61386691f,6,21.39,USD,4,1,2026-04-06,2026-01-24,dataset_fictif
1c219f09-5102-4736-b8f3-e008f82a2360,1b9d31e8-58e9-410c-97a5-1dba9298c645,7,52.92,USD,3,50,2026-04-07,2026-03-03,dataset_fictif
c079aa77-cfb4-42d4-9f64-fdf34be6fc03,4b0da602-5f61-4d55-be93-470463212538,7,51.08,USD,2,5,2026-06-30,2026-04-20,dataset_fictif
717c0b74-9e36-406f-9f4c-7ec31468dc98,c596e75e-f0a2-42e1-801f-bc9859582dc2,8,130077,CDF,1,10,2026-06-24,2026-04-05,dataset_fictif
b3ad365d-b634-48c9-98a0-6597994b7b77,eb0bd6d1-4f0a-4fa7-b419-2410f4535aa7,8,60.26,USD,12,10,2026-03-31,2026-02-08,dataset_fictif
a1fbf9b7-0fc7-4904-a840-64619087e607,1b9d31e8-58e9-410c-97a5-1dba9298c645,8,47.76,USD,3,50,2026-03-03,2026-01-05,dataset_fictif
bfea8dc6-6959-4a22-aa4a-a05e511bbce2,bd3e241f-f501-4299-ba40-37a61386691f,8,45.12,USD,4,10,2026-03-12,2026-01-15,dataset_fictif
3dd39452-194d-40df-acbd-f04ce9baec21,bd3e241f-f501-4299-ba40-37a61386691f,8,46.35,USD,3,1,2026-01-31,2026-01-01,dataset_fictif
3d071568-107c-4543-96db-7e9db5904089,309121c4-a374-43b3-92e5-a2a321816170,9,33.74,USD,6,10,2026-05-10,2026-02-18,dataset_fictif
fb05219b-28c6-4967-8650-5508de414a65,309121c4-a374-43b3-92e5-a2a321816170,9,42.55,USD,3,1,2026-10-31,2026-08-05,dataset_fictif
24972dca-198f-4630-9e98-7489fc765bb0,53ed2c7c-db6b-44bc-97dc-41f2e27a58af,9,45.47,USD,8,50,2026-09-25,2026-07-31,dataset_fictif
ea1e1311-3778-41ae-b566-0fc5d56948b6,53ed2c7c-db6b-44bc-97dc-41f2e27a58af,9,47.82,USD,9,1,2026-03-22,2025-12-26,dataset_fictif
4341efad-6f39-4bbd-95ba-c249e44c4992,c4e0701e-3e92-47c1-8df5-3b6a15b8f13d,9,40.46,USD,11,50,2026-07-30,2026-06-30,dataset_fictif
3f2cae11-4eb3-4ac9-b010-0703dbe9e1f7,312001eb-b07b-4489-a048-16c8b02784fe,9,39.59,USD,2,50,2025-12-12,2025-09-25,dataset_fictif
066076e3-2a01-490e-a9f8-e95d5ad3968b,312001eb-b07b-4489-a048-16c8b02784fe,9,34.12,USD,5,50,2026-04-20,2026-02-19,dataset_fictif
cc66cdba-187e-48ff-9baa-17225c629ac4,f9d0244f-b0de-4cb4-9ae4-55a44b4abb74,10,23.65,USD,30,20,2026-01-21,2025-11-24,dataset_fictif
311759c9-b34a-4528-9f6e-fca64f0ccb7b,5de62164-c59b-4907-ae96-7a63b4cddbb2,10,12.84,USD,7,5,2025-12-24,2025-09-25,dataset_fictif
e4c64ac3-6778-44db-9096-c686cbd9ae34,eb0bd6d1-4f0a-4fa7-b419-2410f4535aa7,10,16.31,USD,12,50,2026-08-17,2026-06-12,dataset_fictif
5499a95d-3089-47c3-9d86-48359c4b143a,eb0bd6d1-4f0a-4fa7-b419-2410f4535aa7,11,54.28,USD,15,20,2026-05-09,2026-02-21,dataset_fictif
d61e8582-1023-4017-8b3d-23c20094592d,4d5bf674-1703-4bc1-8286-b8b139630aa8,11,56.37,USD,5,10,2025-11-25,2025-09-03,dataset_fictif
4a070698-ce0b-49fc-8148-20bd440af5c3,4d5bf674-1703-4bc1-8286-b8b139630aa8,11,51.24,USD,12,10,2026-07-19,2026-04-30,dataset_fictif
851ec202-0cae-4c73-be00-d4a68db96c1e,f9d0244f-b0de-4cb4-9ae4-55a44b4abb74,11,71.97,USD,21,50,2026-09-12,2026-07-28,dataset_fictif
50e7a4f7-1684-430f-94e8-e4c23b36c0a5,309121c4-a374-43b3-92e5-a2a321816170,11,114805,CDF,3,10,2026-03-28,2026-02-05,dataset_fictif
0e8ac65d-a05e-471f-b5c4-aabded51e0fa,53ed2c7c-db6b-44bc-97dc-41f2e27a58af,11,51.72,USD,9,1,2026-05-04,2026-02-18,dataset_fictif
c2100a3c-8cc1-45bf-aca8-38074a3dd23b,53ed2c7c-db6b-44bc-97dc-41f2e27a58af,11,50.15,USD,12,1,2026-08-02,2026-05-15,dataset_fictif
8919c400-2f6b-487a-b7e9-e92b559bdfd8,4b0da602-5f61-4d55-be93-470463212538,12,109613,CDF,4,1,2026-03-28,2026-01-03,dataset_fictif
5c6b7615-310b-43db-b80d-c6fb9d64c0a7,4b0da602-5f61-4d55-be93-470463212538,12,46.9,USD,1,20,2025-12-26,2025-10-07,dataset_fictif
15637e53-fbbc-4706-8c1c-e75950be431c,94a69aa3-865f-4c60-b54b-595ed610efe7,12,54.47,USD,14,10,2026-11-16,2026-08-24,dataset_fictif
ac151153-0cd5-4fe8-9a33-c697cbd3a72d,94a69aa3-865f-4c60-b54b-595ed610efe7,12,53.95,USD,13,20,2026-01-12,2025-11-24,dataset_fictif
6dc8dc15-b75f-4630-af3a-d2a2486f53c6,e5bbc3e5-aaf9-4785-8411-495e76439a19,12,136983,CDF,10,1,2026-06-30,2026-05-28,dataset_fictif
3980498a-0e60-4f46-a92b-1e61b8e09afa,f9d0244f-b0de-4cb4-9ae4-55a44b4abb74,12,67.33,USD,25,1,2026-09-05,2026-07-11,dataset_fictif
2e971c57-d5f0-46f6-bb5a-bc061af38ae4,f9d0244f-b0de-4cb4-9ae4-55a44b4abb74,12,74.45,USD,21,5,2026-03-05,2026-01-14,dataset_fictif
46a32c9c-2d76-40da-9a59-f4f67daa6d16,4d5bf674-1703-4bc1-8286-b8b139630aa8,12,52.21,USD,7,50,2026-05-30,2026-04-26,dataset_fictif
e827a044-14b1-433a-906b-92008b0de08f,53ed2c7c-db6b-44bc-97dc-41f2e27a58af,12,47.35,USD,12,1,2026-07-18,2026-05-05,dataset_fictif
1748597f-4f38-4625-8bac-11794c37e459,312001eb-b07b-4489-a048-16c8b02784fe,13,23.24,USD,2,1,2026-10-03,2026-08-06,dataset_fictif
450f2bfc-a216-4771-8f98-2c20a24e15d8,53ed2c7c-db6b-44bc-97dc-41f2e27a58af,13,31.38,USD,12,5,2025-12-24,2025-11-05,dataset_fictif
4fefc58e-35e7-4626-8d8c-c25e767b54eb,bd3e241f-f501-4299-ba40-37a61386691f,13,27.49,USD,5,5,2026-09-21,2026-07-11,dataset_fictif
8ea1232a-c86b-420e-b1f5-09dd713cc7ee,5de62164-c59b-4907-ae96-7a63b4cddbb2,13,22.57,USD,4,1,2026-06-01,2026-03-27,dataset_fictif
5ff9435b-9a93-465e-b183-65b2b4705522,1b9d31e8-58e9-410c-97a5-1dba9298c645,13,64495,CDF,6,10,2026-10-25,2026-07-30,dataset_fictif
42b06835-977f-4478-a6f5-8fc296fa62cb,4b0da602-5f61-4d55-be93-470463212538,13,69471,CDF,3,50,2025-12-02,2025-10-18,dataset_fictif
887b3341-99a2-4fa3-a372-c4f0a3b217f5,f60eac5c-0c9f-4c5f-9b76-c268e04d77ba,14,38.58,USD,5,10,2026-06-24,2026-04-29,dataset_fictif
a428acc6-8f4d-4cf0-a2b6-d085c427da58,f60eac5c-0c9f-4c5f-9b76-c268e04d77ba,14,37.77,USD,4,5,2026-05-05,2026-04-01,dataset_fictif
c5576478-e9f6-4906-9cc4-b19a9678127a,bd3e241f-f501-4299-ba40-37a61386691f,14,43.75,USD,2,1,2026-06-02,2026-04-30,dataset_fictif
dc6066e9-74eb-496a-8baa-848b4d2b7aac,4b0da602-5f61-4d55-be93-470463212538,14,43.58,USD,4,50,2025-11-09,2025-09-19,dataset_fictif
0706675a-2d87-458b-81e7-d46c0c07e764,4b0da602-5f61-4d55-be93-470463212538,14,45.75,USD,1,1,2025-12-17,2025-09-30,dataset_fictif
939c5e4f-c608-44a0-b66d-a34bd7b5b28b,53ed2c7c-db6b-44bc-97dc-41f2e27a58af,14,52.35,USD,13,1,2026-02-17,2025-12-09,dataset_fictif
7df9285d-ada9-415e-850a-df617d92a87f,53ed2c7c-db6b-44bc-97dc-41f2e27a58af,14,55.31,USD,14,20,2026-07-29,2026-05-28,dataset_fictif
00057392-fce1-424b-a6b4-71e81f004bcc,1b9d31e8-58e9-410c-97a5-1dba9298c645,14,40.96,USD,5,1,2026-05-01,2026-03-31,dataset_fictif
2ff77b24-3f30-4361-b124-ab84be8312c4,50c1784a-9dd7-49d3-a367-b49e81d4fcc9,15,45.49,USD,3,1,2026-04-06,2026-01-30,dataset_fictif
c092830f-707e-4c92-8f99-b5ef0fb2e0ae,5de62164-c59b-4907-ae96-7a63b4cddbb2,15,137490,CDF,6,50,2026-01-23,2025-12-14,dataset_fictif
10c2a1ad-15e2-4c46-bc27-1c89903bdcc4,f303955c-611e-4ac0-8927-9872c330f511,16,99.72,USD,4,10,2026-04-21,2026-02-08,dataset_fictif
0fcdb7a6-8261-415e-a7fd-66e9f98eafbc,f303955c-611e-4ac0-8927-9872c330f511,16,117.49,USD,12,1,2026-03-20,2025-12-20,dataset_fictif
bc36c236-dc7a-45c7-9e6e-5ca4074b8b98,2e046788-aa07-4595-8d13-bda912cb3837,16,94.04,USD,7,1,2026-04-09,2026-02-09,dataset_fictif
2376d62c-2ecc-4cc9-b386-04d96eef44b2,2e046788-aa07-4595-8d13-bda912cb3837,16,89.79,USD,7,10,2026-05-13,2026-03-18,dataset_fictif
aa61e4df-7982-4c0b-b387-f9de146acdbe,82c6ba60-8224-461a-951d-8a4e71090f87,16,113.14,USD,12,10,2026-03-27,2026-01-31,dataset_fictif
8f8ceba0-d220-43fb-b2e6-e489934b95d4,a8752895-2aeb-4978-9f7b-cef9caecf1e6,16,155.45,USD,15,50,2026-02-24,2025-12-14,dataset_fictif
d27349f8-a956-4872-91e4-87ed25603ffd,c594d23a-fd74-4e3b-877c-79b8f4c6139d,16,114.18,USD,15,1,2025-11-14,2025-10-01,dataset_fictif
72dc9af8-82b4-4c1a-ba4e-3d9bfbaff630,d0f9719d-ce72-492d-9f7d-f9616ebc9227,17,14.82,USD,5,1,2026-04-16,2026-01-16,dataset_fictif
a36bbb75-a1c2-4abb-8301-8b5d16bf4463,387413d8-2f51-4f7e-9c4d-d483caa3d19d,17,20.66,USD,12,5,2026-10-13,2026-07-20,dataset_fictif
639ba809-6f03-402f-8db0-d7fa4661f9e0,2e046788-aa07-4595-8d13-bda912cb3837,17,18.4,USD,5,1,2026-01-19,2025-10-30,dataset_fictif
f806085f-206f-4672-91de-e570c4d9c295,2e046788-aa07-4595-8d13-bda912cb3837,17,15.98,USD,3,1,2026-06-04,2026-03-28,dataset_fictif
30d1094d-e702-4dc1-9dd5-1e56355c10d2,4d5bf674-1703-4bc1-8286-b8b139630aa8,17,66977,CDF,14,1,2026-06-13,2026-05-06,dataset_fictif
f152b0dc-b1a8-4e67-a9a0-78bc5783fcd9,a42c50e1-e7d1-4a84-95a4-095680d78ab4,17,21,USD,8,50,2026-01-20,2025-11-23,dataset_fictif
7aae2e44-eda9-4352-b289-5d3aac1402e5,a42c50e1-e7d1-4a84-95a4-095680d78ab4,17,19.19,USD,5,1,2026-04-16,2026-01-23,dataset_fictif
0a30af85-5a14-49f8-a71b-d4550cd9f795,f303955c-611e-4ac0-8927-9872c330f511,18,74.55,USD,5,20,2026-03-14,2025-12-19,dataset_fictif
8c991bed-08ed-4314-bd2f-1d3beebf6ac3,f303955c-611e-4ac0-8927-9872c330f511,18,71.02,USD,9,1,2026-04-06,2026-03-06,dataset_fictif
c02845a0-a20d-455e-84a5-a7f52a23c107,afa25e1d-9614-4325-939a-28c9c516deaa,18,65.9,USD,5,1,2026-01-09,2025-11-06,dataset_fictif
2e91e1fd-7d97-4974-a731-59e49d387ed6,afa25e1d-9614-4325-939a-28c9c516deaa,18,62.28,USD,7,1,2026-05-22,2026-02-25,dataset_fictif
fbafa3ef-3e4b-4e07-90cc-24aa6ff8e002,a42c50e1-e7d1-4a84-95a4-095680d78ab4,18,67.34,USD,12,1,2026-09-03,2026-07-17,dataset_fictif
a59b3d3e-bc8d-4c4a-8a4f-f37b4b23ccda,c594d23a-fd74-4e3b-877c-79b8f4c6139d,18,70.37,USD,9,50,2025-12-12,2025-09-29,dataset_fictif
3cdf3bc4-553f-46e9-be77-4a613a382500,1a873014-f873-4054-894e-8bf644612067,18,60.48,USD,6,5,2026-11-05,2026-08-29,dataset_fictif
a810554a-b22b-482b-a8ee-86f549b5ed1c,afa25e1d-9614-4325-939a-28c9c516deaa,19,109.48,USD,8,5,2026-04-19,2026-03-06,dataset_fictif
33907842-7bef-4c12-a81f-4c8252477ce1,a8752895-2aeb-4978-9f7b-cef9caecf1e6,19,118.93,USD,28,20,2026-03-01,2026-01-02,dataset_fictif
3eabcc04-956c-40ff-a61c-fb913e2b8139,a8752895-2aeb-4978-9f7b-cef9caecf1e6,19,142.41,USD,18,10,2026-04-23,2026-02-03,dataset_fictif
2ac5f1d2-9473-4bad-bb23-3984fd96f7bc,4b0da602-5f61-4d55-be93-470463212538,19,77.76,USD,2,50,2025-10-30,2025-09-19,dataset_fictif
28d13f2b-7b28-45d8-ba47-d09ef6e6dc32,00ab9818-5274-4d3b-b16c-68b4f0e95292,19,276239,CDF,13,10,2026-01-20,2025-12-20,dataset_fictif
297a3158-9562-442d-90d6-7e1f7a0684ff,ddb507c6-7c41-4027-bf46-dee06e458cb7,20,71.41,USD,7,50,2026-04-16,2026-01-29,dataset_fictif
5c25d6cd-912f-41b2-8dca-769104da69aa,d0f9719d-ce72-492d-9f7d-f9616ebc9227,20,71.55,USD,1,20,2026-07-03,2026-04-19,dataset_fictif
53068c22-9a36-47a0-ac58-3dde9b325341,1a873014-f873-4054-894e-8bf644612067,20,87.36,USD,14,1,2026-05-14,2026-02-20,dataset_fictif
c97c9daf-19b6-4e3b-9792-9abb42ea891d,afa25e1d-9614-4325-939a-28c9c516deaa,20,76.29,USD,5,20,2026-08-23,2026-07-21,dataset_fictif
49da0c21-5029-4ac6-bbea-609a8a46c0f7,00ab9818-5274-4d3b-b16c-68b4f0e95292,20,226535,CDF,14,10,2026-08-02,2026-05-17,dataset_fictif
fe3182b9-d578-4a84-bf50-fdbbaa0e174f,00ab9818-5274-4d3b-b16c-68b4f0e95292,20,89.02,USD,15,20,2025-11-28,2025-09-15,dataset_fictif
03961287-80fa-4eb8-9e97-6423c0ee3bb5,d0f9719d-ce72-492d-9f7d-f9616ebc9227,21,98775,CDF,1,1,2026-09-01,2026-06-12,dataset_fictif
c8568003-1422-449c-87c1-3d4cc099d5ec,2e046788-aa07-4595-8d13-bda912cb3837,21,36.51,USD,4,1,2026-08-20,2026-07-16,dataset_fictif
a1f4b5a9-a91d-4e75-a817-4081fd17114b,afa25e1d-9614-4325-939a-28c9c516deaa,22,78.99,USD,5,1,2026-07-11,2026-04-20,dataset_fictif
28457add-0515-4b63-b696-ca24ded3f043,afa25e1d-9614-4325-939a-28c9c516deaa,22,87.7,USD,7,1,2026-08-24,2026-05-29,dataset_fictif
8e0cd024-b7e8-4aaa-a2df-aa6c0d83ae42,c594d23a-fd74-4e3b-877c-79b8f4c6139d,22,97.89,USD,9,1,2026-06-28,2026-05-18,dataset_fictif
c7e963b2-0403-455d-a732-6f46596255fc,c594d23a-fd74-4e3b-877c-79b8f4c6139d,22,94.44,USD,11,5,2026-04-22,2026-02-16,dataset_fictif
84e77d86-4985-44e5-bd80-fb8c93d5ffe4,2e046788-aa07-4595-8d13-bda912cb3837,22,68.75,USD,3,20,2026-02-23,2025-12-16,dataset_fictif
87103663-360a-4f83-872f-27ea55e9c4d2,2e046788-aa07-4595-8d13-bda912cb3837,22,82.4,USD,5,1,2025-12-28,2025-10-31,dataset_fictif
ca02aa70-40cc-4a77-92da-5833956fd5f3,e5bbc3e5-aaf9-4785-8411-495e76439a19,22,92.34,USD,7,20,2026-01-19,2025-12-03,dataset_fictif
11d67449-62f4-4643-b776-e3ef46bfb4c4,e5bbc3e5-aaf9-4785-8411-495e76439a19,22,239564,CDF,7,5,2026-10-06,2026-08-19,dataset_fictif
27ea08a9-c40d-4769-a958-057a1baed340,00ab9818-5274-4d3b-b16c-68b4f0e95292,22,96.33,USD,15,20,2026-08-01,2026-05-04,dataset_fictif
68e1a9a7-5d24-4acd-8869-68759fea7b14,0cce90f0-eef2-49a4-8655-7cf84beedd5a,23,67.87,USD,1,20,2026-04-13,2026-02-02,dataset_fictif
00ad87dc-82c7-4655-8375-1ad96e932b61,0cce90f0-eef2-49a4-8655-7cf84beedd5a,23,56.92,USD,3,20,2025-11-16,2025-10-08,dataset_fictif
ba35a1bd-50db-4448-96fe-545e2787f4e8,f303955c-611e-4ac0-8927-9872c330f511,23,85.73,USD,7,20,2026-03-08,2025-12-13,dataset_fictif
96e2c808-d5a3-493c-9755-c0dce9219e5e,82c6ba60-8224-461a-951d-8a4e71090f87,23,72.97,USD,14,50,2026-03-03,2025-12-08,dataset_fictif
4c1c00e8-e056-464e-8dda-c037eb8c5f6d,82c6ba60-8224-461a-951d-8a4e71090f87,23,75.8,USD,13,1,2026-08-12,2026-06-25,dataset_fictif
287f0ac7-580a-40d2-9f85-13f58b623bb3,4d5bf674-1703-4bc1-8286-b8b139630aa8,23,81.68,USD,12,5,2025-12-27,2025-11-23,dataset_fictif
fb49e5c3-edc4-4554-8c34-d052ebb5cca8,387413d8-2f51-4f7e-9c4d-d483caa3d19d,23,204784,CDF,14,50,2025-11-11,2025-09-05,dataset_fictif
3f275aa8-8b28-4347-bd5a-d6d88843f621,00ab9818-5274-4d3b-b16c-68b4f0e95292,23,75.98,USD,6,1,2026-10-16,2026-07-25,dataset_fictif
b8f79982-ca48-4e27-98e2-b9dc76fd0ee5,1a873014-f873-4054-894e-8bf644612067,24,35.26,USD,7,50,2025-12-27,2025-10-25,dataset_fictif
5593a32f-0adf-4a8f-a4a0-61b6e3d3b9c8,ddb507c6-7c41-4027-bf46-dee06e458cb7,24,36.92,USD,5,50,2026-03-31,2026-02-20,dataset_fictif
98694b89-1a67-4c6b-8654-86d572996d3a,00ab9818-5274-4d3b-b16c-68b4f0e95292,24,35.35,USD,4,1,2026-02-14,2025-12-02,dataset_fictif
9609c892-3211-4012-9f07-8a64b5ad64da,00ab9818-5274-4d3b-b16c-68b4f0e95292,24,122812,CDF,4,20,2026-06-11,2026-05-10,dataset_fictif
31a23c33-a227-4808-a3e0-c96d19250ccf,a8752895-2aeb-4978-9f7b-cef9caecf1e6,25,14.26,USD,12,50,2026-02-02,2025-11-30,dataset_fictif
ef18452b-d45c-427d-81f8-42f6a392ebe0,82c6ba60-8224-461a-951d-8a4e71090f87,25,10.66,USD,11,1,2025-12-06,2025-10-23,dataset_fictif
eb813d4e-e941-477e-817a-deeb3730ea24,1a873014-f873-4054-894e-8bf644612067,25,9.65,USD,10,5,2026-05-21,2026-03-12,dataset_fictif
48ef1ee8-ddbf-438e-8913-15c04188f138,ddb507c6-7c41-4027-bf46-dee06e458cb7,25,8.46,USD,5,20,2026-11-01,2026-08-03,dataset_fictif
62f46a72-bd22-4131-954c-ce4f4ef7b5f7,00ab9818-5274-4d3b-b16c-68b4f0e95292,25,9.54,USD,11,1,2026-09-17,2026-08-01,dataset_fictif
6409bb11-8768-4a18-acaf-cd7ea7596e0c,00ab9818-5274-4d3b-b16c-68b4f0e95292,25,9.68,USD,12,50,2025-12-09,2025-10-16,dataset_fictif
03fdff12-feb9-4015-8f77-dd5d430e4ff1,a8752895-2aeb-4978-9f7b-cef9caecf1e6,26,7.74,USD,12,20,2026-10-09,2026-07-12,dataset_fictif
54f17fe0-41c5-48f1-9d53-cb58a58963a7,ddb507c6-7c41-4027-bf46-dee06e458cb7,26,5.24,USD,6,20,2025-12-19,2025-11-06,dataset_fictif
1e7c6de6-e47b-4240-9f1f-42d0e62bcf2c,00ab9818-5274-4d3b-b16c-68b4f0e95292,27,68.32,USD,5,5,2026-06-10,2026-03-19,dataset_fictif
5283e8ed-d3df-41af-a962-d1d2e46d6f78,4b0da602-5f61-4d55-be93-470463212538,27,59.8,USD,6,5,2026-04-02,2026-01-23,dataset_fictif
830f7f93-be0c-432a-9fa8-c4704676a8ba,4b0da602-5f61-4d55-be93-470463212538,27,59.86,USD,2,1,2026-06-21,2026-04-04,dataset_fictif
5e8c4b96-49a4-43cc-9a9b-eb75e0f4a46e,387413d8-2f51-4f7e-9c4d-d483caa3d19d,27,185761,CDF,7,5,2026-03-23,2026-01-31,dataset_fictif
85281e3c-8b5f-4545-aa24-3f540629791b,387413d8-2f51-4f7e-9c4d-d483caa3d19d,27,75.39,USD,13,1,2026-11-07,2026-08-27,dataset_fictif
454cc2ad-2143-4e29-b0ef-3a2c2e413f9e,92c68032-42cf-4d97-b0b3-1586b5b4e6b1,27,94.1,USD,26,5,2026-05-01,2026-03-25,dataset_fictif
eb5e90db-ea57-4745-9a3c-13b275722681,ddb507c6-7c41-4027-bf46-dee06e458cb7,27,62.36,USD,6,50,2025-11-23,2025-10-22,dataset_fictif
5ba07c9c-00e7-4e6b-b52b-1a9c1cfdf318,ddb507c6-7c41-4027-bf46-dee06e458cb7,27,57.89,USD,2,10,2026-08-26,2026-06-18,dataset_fictif
7ae87509-a072-45a6-b695-e67f261b8c8b,ce8c11a2-7764-4c69-9d3d-6efc6283c1a9,28,30.99,USD,7,20,2026-08-12,2026-07-01,dataset_fictif
659a63c3-ef37-4db9-b8e4-4299f19ad0b4,ce8c11a2-7764-4c69-9d3d-6efc6283c1a9,28,26.12,USD,1,10,2026-02-21,2025-12-01,dataset_fictif
b27bdddd-f03d-4fe7-9024-3a1296f398e8,94a69aa3-865f-4c60-b54b-595ed610efe7,28,105649,CDF,4,10,2026-07-14,2026-05-29,dataset_fictif
3d0fac9e-1acc-4023-8f94-952b8b4335d7,bd3e241f-f501-4299-ba40-37a61386691f,28,30.03,USD,5,1,2026-09-18,2026-08-16,dataset_fictif
53686ea8-b02e-48c8-82d3-c9d66f5fc5eb,5b5cb032-bcb4-4e20-9df6-1e0e66b4f0d6,28,42.66,USD,14,20,2025-12-14,2025-10-06,dataset_fictif
ec18c45e-c3cb-4c08-926b-35c26d656590,82c6ba60-8224-461a-951d-8a4e71090f87,28,31.45,USD,5,5,2026-06-12,2026-04-15,dataset_fictif
aea561b4-3f5f-4578-a7b8-d8c5379c9729,a75b28b3-26ec-4fca-a7e0-421624813c54,29,34.31,USD,1,5,2026-01-11,2025-11-11,dataset_fictif
030a1065-8255-4533-9510-1cd67b552c72,4c414f3e-f0f0-432a-8c5f-74b77ecb5828,29,144504,CDF,22,50,2025-12-27,2025-10-25,dataset_fictif
53d837c2-a313-4be0-8b43-ebd7659beecc,5b5cb032-bcb4-4e20-9df6-1e0e66b4f0d6,29,51.98,USD,24,10,2026-08-31,2026-06-23,dataset_fictif
c8fead73-d0aa-44b4-b8c5-6588ca02c604,5b5cb032-bcb4-4e20-9df6-1e0e66b4f0d6,29,128191,CDF,11,20,2026-08-25,2026-07-17,dataset_fictif
98aa90ef-bd3f-4f8f-b88f-63104725b672,94a69aa3-865f-4c60-b54b-595ed610efe7,29,118152,CDF,13,1,2025-11-21,2025-09-01,dataset_fictif
b3a96960-e644-4154-85f4-6b58df7af0d9,77ad32c8-2e7a-4441-ba6f-5539ebe4560b,30,52.21,USD,6,1,2026-04-23,2026-03-09,dataset_fictif
fdb2f0d7-319b-4a43-9666-5ec81ac7ee4a,5b5cb032-bcb4-4e20-9df6-1e0e66b4f0d6,30,88.4,USD,12,1,2026-01-15,2025-11-24,dataset_fictif
de5ca65f-a99d-4443-a4e1-3d988d85230d,5b5cb032-bcb4-4e20-9df6-1e0e66b4f0d6,30,68.38,USD,18,20,2026-10-19,2026-08-15,dataset_fictif
cb804f85-110a-45e8-94ac-76c2f4b8b165,4c414f3e-f0f0-432a-8c5f-74b77ecb5828,31,75.55,USD,27,50,2026-09-28,2026-07-29,dataset_fictif
aab8096f-2081-48fe-b346-5f845cea2287,4c414f3e-f0f0-432a-8c5f-74b77ecb5828,31,78.22,USD,13,10,2025-11-21,2025-09-25,dataset_fictif
17448283-6477-4ad3-bacd-e1fb05e43f8f,5b5cb032-bcb4-4e20-9df6-1e0e66b4f0d6,31,74.86,USD,21,5,2026-02-21,2025-12-11,dataset_fictif
712ce27b-704b-4df0-8f13-c12f2a1df375,36ddc887-6df4-4129-b6b2-5106f5e0328b,31,124830,CDF,7,5,2026-06-04,2026-03-22,dataset_fictif
9673ce69-3005-442a-8b10-3d6248305c01,833d445f-a8a6-41ba-9fde-63c65c37bdd3,31,85.31,USD,13,5,2026-07-30,2026-06-08,dataset_fictif
46470cf1-3b06-41ee-996d-78e8ef2b0151,bd78e129-6007-46b3-89c4-44bf91d38bc2,31,64.26,USD,5,5,2025-10-13,2025-09-06,dataset_fictif
1a6e10dd-a04d-4dcd-85a4-53d2d641e154,bd3e241f-f501-4299-ba40-37a61386691f,31,49.91,USD,6,50,2026-07-27,2026-06-18,dataset_fictif
7eb6f25a-9f86-4700-b29a-26e362a254ec,bd78e129-6007-46b3-89c4-44bf91d38bc2,32,22.88,USD,11,1,2026-02-16,2025-12-02,dataset_fictif
806e4ae0-15e3-4989-9e65-33836e3b7c27,5b5cb032-bcb4-4e20-9df6-1e0e66b4f0d6,32,30.61,USD,11,1,2026-09-20,2026-06-30,dataset_fictif
dc20c3fa-b1fa-457b-b3ee-42b38997395b,5b5cb032-bcb4-4e20-9df6-1e0e66b4f0d6,33,123.54,USD,10,1,2025-12-25,2025-10-20,dataset_fictif
91e5d618-4851-46fd-8870-6b81fdff72da,5b5cb032-bcb4-4e20-9df6-1e0e66b4f0d6,33,112.78,USD,11,5,2026-09-29,2026-07-29,dataset_fictif
a5bca040-2628-4972-b330-1714349ba2f6,5de62164-c59b-4907-ae96-7a63b4cddbb2,33,67.14,USD,1,50,2026-03-03,2025-12-15,dataset_fictif
e9dc63cd-30c7-4e96-9ae8-196b3adc4916,14e13be0-90c7-4e0e-b6f8-9792e15ebc20,33,75.2,USD,4,5,2026-02-24,2026-01-11,dataset_fictif
6037ad11-190b-402b-a7fd-138ea5ed5ec4,14e13be0-90c7-4e0e-b6f8-9792e15ebc20,33,74.29,USD,1,5,2026-06-02,2026-04-19,dataset_fictif
07268d4c-01e6-452d-abf9-f1bd3c47295d,bd3e241f-f501-4299-ba40-37a61386691f,33,79.98,USD,3,10,2025-12-11,2025-10-03,dataset_fictif
4bfcf212-aec6-4fe8-871b-453fbc881208,bd3e241f-f501-4299-ba40-37a61386691f,33,79.63,USD,3,10,2026-06-19,2026-05-16,dataset_fictif
ca95672e-b487-4c05-b9be-3cbf6a7c2d04,c63d80ac-cb95-4bcc-a75a-1812b8f14a40,33,85.01,USD,7,10,2026-09-13,2026-07-13,dataset_fictif
2359844d-6c3a-4581-84ab-8c08de2c954f,bd3e241f-f501-4299-ba40-37a61386691f,34,45.69,USD,7,1,2026-06-13,2026-05-10,dataset_fictif
73a8b935-8bc5-43ac-9cc1-ab9e86cbbfee,bd3e241f-f501-4299-ba40-37a61386691f,34,39.94,USD,2,1,2026-04-05,2026-01-19,dataset_fictif
64fc69c9-9596-45d8-ac49-32a1ceeeb90b,4c414f3e-f0f0-432a-8c5f-74b77ecb5828,34,58.79,USD,15,1,2025-12-11,2025-10-18,dataset_fictif
0a31c0ef-dd52-4da1-8ce5-929798e18175,4c414f3e-f0f0-432a-8c5f-74b77ecb5828,34,73.28,USD,27,1,2025-12-01,2025-10-14,dataset_fictif
61e3da4a-6d01-4ec7-b820-c3551b47b122,5b5cb032-bcb4-4e20-9df6-1e0e66b4f0d6,34,61.51,USD,29,20,2026-04-11,2026-02-16,dataset_fictif
7ad94f5e-e520-4dd2-845b-54803a99059b,36ddc887-6df4-4129-b6b2-5106f5e0328b,35,126562,CDF,7,5,2026-09-01,2026-07-12,dataset_fictif
bb7b05f9-ae5d-492a-a4b9-539791cdda99,36ddc887-6df4-4129-b6b2-5106f5e0328b,35,48.93,USD,2,1,2026-02-12,2026-01-03,dataset_fictif
620a5cad-a9b4-4cfc-8ca4-0af5d6a0f2a3,bd78e129-6007-46b3-89c4-44bf91d38bc2,35,62.29,USD,8,5,2026-05-15,2026-03-06,dataset_fictif
7307bdfc-10d9-4a3c-85e7-a15fb2968476,c8db7681-fcca-421a-a31f-b94c4edbb479,36,18,USD,9,50,2026-11-15,2026-08-18,dataset_fictif
245e9ec3-4b9c-4ab3-8cd0-d662794b806f,c8db7681-fcca-421a-a31f-b94c4edbb479,36,17.03,USD,11,1,2026-04-06,2026-01-15,dataset_fictif
ac3e8d53-9134-471a-a0a6-4421838f432d,e4b497a2-4b2e-4c1c-8bb5-dfdabd33779b,36,14.57,USD,2,20,2026-04-17,2026-01-29,dataset_fictif
0fe32290-8f02-4d9b-8bd4-e5a69814a973,98ac7ba3-6167-4556-81bd-92b16919c9ca,37,25.11,USD,4,10,2025-12-17,2025-10-16,dataset_fictif
2ab8576a-a9d8-4deb-b279-e360862bef68,c63d80ac-cb95-4bcc-a75a-1812b8f14a40,37,22.97,USD,6,1,2026-06-07,2026-03-09,dataset_fictif
f269f1bf-1a0c-4884-8bd7-1a14f394541b,c63d80ac-cb95-4bcc-a75a-1812b8f14a40,37,22.56,USD,4,5,2026-08-24,2026-06-25,dataset_fictif
1299628e-2b32-4ba3-9656-fb96a1ff6c5d,14e13be0-90c7-4e0e-b6f8-9792e15ebc20,37,74091,CDF,7,5,2026-03-24,2026-01-08,dataset_fictif
2af2c598-464c-4c67-bfb0-bfdc0990cfc5,a75b28b3-26ec-4fca-a7e0-421624813c54,37,24.14,USD,7,50,2026-02-20,2025-12-22,dataset_fictif
34e79ead-680a-4a8e-8071-d2730ae87b03,a75b28b3-26ec-4fca-a7e0-421624813c54,37,25.71,USD,3,20,2026-03-22,2026-02-03,dataset_fictif
bf51280e-6a02-4906-9726-5f740fdf5b85,0cce90f0-eef2-49a4-8655-7cf84beedd5a,38,372.96,USD,3,20,2026-04-28,2026-03-03,dataset_fictif
358a60ff-ec98-4bd4-8973-8b2fa2e29f1e,bbad2cc4-4ca4-49de-a7ad-9aedb833182e,38,429.9,USD,15,20,2026-05-17,2026-04-12,dataset_fictif
dc7045fd-e22e-4346-b74e-850a1eec9125,55213633-bc98-4df4-98fe-250bd5cc76ce,38,298.38,USD,3,20,2026-04-30,2026-03-11,dataset_fictif
e00e7157-8267-467e-a26b-a26c836b7045,309121c4-a374-43b3-92e5-a2a321816170,39,1.61,USD,4,1,2025-12-24,2025-10-01,dataset_fictif
7f4fbb36-0d1c-47dc-b15f-f6f4727775bc,309121c4-a374-43b3-92e5-a2a321816170,39,1.34,USD,7,1,2026-11-05,2026-08-20,dataset_fictif
ca940435-f820-494a-9824-5e6b862545c7,2a06c39f-15ac-4e41-95b7-204e4854f829,39,1.78,USD,5,20,2026-10-13,2026-08-04,dataset_fictif
98c875f5-8356-4938-9a95-5b54c1835753,5a131d9a-320b-4460-b554-997bcd47bfd0,39,2.15,USD,11,1,2026-04-11,2026-01-12,dataset_fictif
4007b6ac-3d77-4026-8cf8-5864672b418a,5a131d9a-320b-4460-b554-997bcd47bfd0,39,1.99,USD,10,20,2026-06-18,2026-04-12,dataset_fictif
0acc72dd-ecef-453f-9ada-c6197e63f227,a42c50e1-e7d1-4a84-95a4-095680d78ab4,39,1.88,USD,6,1,2025-10-23,2025-09-23,dataset_fictif
64b58315-aed8-4337-b951-2ff5266d8b34,ea9c09fd-b9a0-475d-bc81-a35547b24556,39,1.49,USD,6,5,2026-07-17,2026-06-02,dataset_fictif
22ae9a4f-4130-4a63-929f-d1b8a1221284,ea9c09fd-b9a0-475d-bc81-a35547b24556,39,1.49,USD,4,10,2026-05-10,2026-02-25,dataset_fictif
54925eb7-6dc9-4d62-a1bf-c4aa6e853154,e9e5c7af-5072-48f7-a4fc-11c95b71994c,39,1.85,USD,9,50,2026-10-14,2026-07-22,dataset_fictif
82178058-289f-4673-a637-9249363e0dbe,9a6f40c5-41c3-4f2b-a7ab-e42a48773101,40,200.34,USD,3,1,2026-10-29,2026-08-18,dataset_fictif
e29aa501-6037-48d4-8970-77ac4ccdb724,a42c50e1-e7d1-4a84-95a4-095680d78ab4,40,314.19,USD,10,50,2025-12-19,2025-09-27,dataset_fictif
f77f3048-e9e7-4719-b81a-b21eb3e371a2,084092b1-5493-4cad-b86b-704b24f9a40c,40,225.3,USD,4,1,2026-04-10,2026-02-24,dataset_fictif
7115b4e8-0082-4fcc-a0b1-ffb49191766f,55213633-bc98-4df4-98fe-250bd5cc76ce,40,236.11,USD,2,10,2025-11-28,2025-09-11,dataset_fictif
d2c1161f-7606-43cb-8559-c912f2a867f2,ddb507c6-7c41-4027-bf46-dee06e458cb7,40,195.51,USD,4,20,2026-01-20,2025-12-08,dataset_fictif
1700bfde-bd91-4385-9e40-c0d9b25d2a7b,ddb507c6-7c41-4027-bf46-dee06e458cb7,40,214.17,USD,2,10,2026-05-18,2026-03-17,dataset_fictif
f198c3b1-525c-453c-af9d-487e386fe780,9906fb3f-de24-4d7f-a907-2d31c10147ec,41,263.57,USD,7,1,2026-10-16,2026-08-24,dataset_fictif
fc306374-a32f-4f16-bc5b-7b2c7d12a2b2,a42c50e1-e7d1-4a84-95a4-095680d78ab4,41,369.44,USD,11,20,2026-09-05,2026-07-05,dataset_fictif
7002f571-afe8-4c18-a481-daec578346fe,ddb507c6-7c41-4027-bf46-dee06e458cb7,41,266.08,USD,4,50,2026-05-15,2026-02-19,dataset_fictif
b05659f0-0808-4bf0-9528-b2dcebbde433,ddb507c6-7c41-4027-bf46-dee06e458cb7,41,310.12,USD,6,1,2026-09-13,2026-06-24,dataset_fictif
76cf2658-d18a-41b9-b394-a11ec18a4471,55213633-bc98-4df4-98fe-250bd5cc76ce,42,98.63,USD,7,50,2026-10-30,2026-08-06,dataset_fictif
41ef45d0-a52f-44bf-b799-490835d547af,55213633-bc98-4df4-98fe-250bd5cc76ce,42,103.49,USD,1,10,2026-05-26,2026-03-20,dataset_fictif
bbfa6af6-b7eb-4e4b-ac10-51b1c2dd266e,9a6f40c5-41c3-4f2b-a7ab-e42a48773101,42,114.57,USD,1,50,2026-02-03,2025-12-20,dataset_fictif
0887ee2c-d789-4ba1-ba43-5ff18d940ecd,0cce90f0-eef2-49a4-8655-7cf84beedd5a,43,229.59,USD,2,10,2026-08-03,2026-05-17,dataset_fictif
8fdebc32-ae52-4f59-9567-fe64c656eb09,a60a399f-6dc2-43b0-86af-0b691911039a,43,408.03,USD,19,10,2026-05-12,2026-04-10,dataset_fictif
5c7bddf4-2adf-49b0-a31c-5703815e7bd3,7a95f5a9-dbad-4e44-b6b2-a2dd3f6c31f1,43,284.29,USD,10,1,2025-11-07,2025-10-04,dataset_fictif
cc0881a0-c66e-428e-9cec-fc677c463554,9a6f40c5-41c3-4f2b-a7ab-e42a48773101,43,760411,CDF,4,5,2026-03-04,2026-01-18,dataset_fictif
5f3b3475-54ef-45ea-9189-9b2ece696584,9a6f40c5-41c3-4f2b-a7ab-e42a48773101,43,709506,CDF,7,5,2026-07-28,2026-06-02,dataset_fictif
0b5cbd86-b2e9-45ba-9008-e9e7f2acfab0,a42c50e1-e7d1-4a84-95a4-095680d78ab4,43,293.11,USD,15,1,2026-01-04,2025-11-21,dataset_fictif
3e559a7d-77c2-4d09-b7ef-fe36d0dca50f,c4e0701e-3e92-47c1-8df5-3b6a15b8f13d,43,859581,CDF,14,1,2026-05-05,2026-03-16,dataset_fictif
a8c667fc-a34c-4da1-896b-83a7a5934f06,309121c4-a374-43b3-92e5-a2a321816170,44,17.21,USD,2,20,2025-12-02,2025-10-16,dataset_fictif
1bc282a2-f086-4d2c-857f-ceb622a04f24,309121c4-a374-43b3-92e5-a2a321816170,44,19.97,USD,4,5,2026-07-26,2026-05-25,dataset_fictif
e18aef75-ec30-4b19-943e-e501c3132692,c4e0701e-3e92-47c1-8df5-3b6a15b8f13d,44,20.15,USD,7,50,2026-06-29,2026-04-26,dataset_fictif
51a1395e-f6d0-40e2-bd68-30c6d41ca446,bbad2cc4-4ca4-49de-a7ad-9aedb833182e,44,18.94,USD,13,1,2026-10-09,2026-08-07,dataset_fictif
b433de82-af1f-4011-8cbf-26513c9c6fbc,0cce90f0-eef2-49a4-8655-7cf84beedd5a,44,17.3,USD,7,50,2026-05-22,2026-03-22,dataset_fictif
2b959b89-6a55-40ca-9af1-118e759cbc50,0cce90f0-eef2-49a4-8655-7cf84beedd5a,44,16.72,USD,3,20,2025-11-09,2025-09-04,dataset_fictif
70f9274c-d3f1-4ed8-84f1-ac840cc1409c,bbad2cc4-4ca4-49de-a7ad-9aedb833182e,45,96.89,USD,6,20,2026-08-29,2026-07-07,dataset_fictif
f929ef61-970f-4275-b334-4c3e58659dfb,309121c4-a374-43b3-92e5-a2a321816170,45,75.05,USD,3,1,2026-08-05,2026-05-20,dataset_fictif
6d9fc6a2-37ac-44a9-be32-f3d241ba7bc6,ddb507c6-7c41-4027-bf46-dee06e458cb7,45,66.81,USD,4,1,2026-01-01,2025-10-21,dataset_fictif
49613573-9e02-48bb-b404-b1fee21f0890,e9e5c7af-5072-48f7-a4fc-11c95b71994c,45,86.61,USD,10,5,2026-07-03,2026-05-16,dataset_fictif
8039b749-9c9a-4dc6-80c3-7e8369eb86a1,e9e5c7af-5072-48f7-a4fc-11c95b71994c,45,91.86,USD,4,1,2026-06-15,2026-05-14,dataset_fictif
91b78df8-0ebd-4a28-a59f-46703c5f43f1,bfd258a1-15d6-405e-80cd-4cf9ed5b730d,45,250977,CDF,13,20,2025-10-09,2025-09-03,dataset_fictif
778b6251-a213-466d-9ffe-15b5a8307ab3,bfd258a1-15d6-405e-80cd-4cf9ed5b730d,45,98.83,USD,8,10,2026-01-17,2025-11-27,dataset_fictif
a4879847-4842-4a37-90be-f3e0a01b5549,ce8c11a2-7764-4c69-9d3d-6efc6283c1a9,45,195247,CDF,3,10,2026-02-13,2025-12-05,dataset_fictif
5f2ba358-300b-477c-9c09-ea56e1d4410a,ce8c11a2-7764-4c69-9d3d-6efc6283c1a9,45,75.26,USD,2,1,2025-12-11,2025-10-23,dataset_fictif
206a99c5-cae0-4ec4-91e9-1b0a57d32976,2a06c39f-15ac-4e41-95b7-204e4854f829,46,359.2,USD,12,10,2026-09-06,2026-07-12,dataset_fictif
876e87d3-9392-4674-81a1-b86a108c3269,a60a399f-6dc2-43b0-86af-0b691911039a,46,391.8,USD,27,5,2026-09-24,2026-07-09,dataset_fictif
6301d115-01bb-4979-aa29-1f2e88088ac5,0cce90f0-eef2-49a4-8655-7cf84beedd5a,46,251.48,USD,4,5,2026-09-10,2026-07-14,dataset_fictif
5415053b-450f-40f3-a945-c2de1c05bac9,084092b1-5493-4cad-b86b-704b24f9a40c,46,240.04,USD,1,1,2026-02-26,2025-12-09,dataset_fictif
76ceaf14-1e10-49fe-ba01-b64634541981,084092b1-5493-4cad-b86b-704b24f9a40c,46,266.95,USD,5,20,2026-04-14,2026-03-11,dataset_fictif
3e61cd9e-544a-4464-9ae5-a2a374212151,ea9c09fd-b9a0-475d-bc81-a35547b24556,46,252.63,USD,4,50,2026-04-27,2026-02-26,dataset_fictif
6f4d93bd-78de-4676-9643-422e69e872f9,ea9c09fd-b9a0-475d-bc81-a35547b24556,46,247.1,USD,2,1,2026-01-27,2025-12-02,dataset_fictif
b16eae37-a445-4930-9b21-ee390a8fceb7,309121c4-a374-43b3-92e5-a2a321816170,47,252.52,USD,4,1,2026-06-21,2026-04-12,dataset_fictif
8059f97e-dcfd-4613-a349-f212995e5526,309121c4-a374-43b3-92e5-a2a321816170,47,249.28,USD,7,10,2026-04-01,2026-01-14,dataset_fictif
d42be785-9037-4a3f-931c-5c24fcbe902a,407d77ef-d535-4c56-964d-914caca299ef,47,1125957,CDF,21,5,2026-04-05,2026-01-19,dataset_fictif
b08f08e5-1eef-48b4-822c-ce0120324a13,ce8c11a2-7764-4c69-9d3d-6efc6283c1a9,47,752826,CDF,2,50,2025-11-20,2025-10-19,dataset_fictif
490df8b5-edef-4ab4-a941-47d5f089281d,a60a399f-6dc2-43b0-86af-0b691911039a,47,431.98,USD,15,1,2026-04-11,2026-03-03,dataset_fictif
1c897404-c8ee-4ec8-a895-03aa6ebcdaee,a60a399f-6dc2-43b0-86af-0b691911039a,47,432.26,USD,22,50,2026-01-31,2025-11-04,dataset_fictif
db874b7e-28f8-43c0-9286-363373333361,bfd258a1-15d6-405e-80cd-4cf9ed5b730d,47,306.48,USD,12,50,2026-09-11,2026-08-12,dataset_fictif
6329789b-8910-4a40-a48d-6b2573cfd79a,bfd258a1-15d6-405e-80cd-4cf9ed5b730d,47,321.83,USD,15,50,2026-10-02,2026-07-12,dataset_fictif
3d9ce1c9-8ace-44d2-8a1c-21cc31e38aaf,d12c1c4b-c6e6-42fa-8a67-917383e19cdb,48,298.68,USD,12,1,2026-05-16,2026-04-05,dataset_fictif
60fb9c7f-14ab-4e6a-a275-595a44e27c03,4b0da602-5f61-4d55-be93-470463212538,48,245.77,USD,1,20,2026-07-25,2026-05-05,dataset_fictif
563170b2-0b2b-4d35-b21c-5c09ee6853d8,bfd258a1-15d6-405e-80cd-4cf9ed5b730d,48,274.39,USD,12,50,2026-05-20,2026-04-11,dataset_fictif
de18b821-f077-4f26-b16c-d1ac45e62609,83dde059-513e-4073-ac2a-fa13a3a1e575,48,228.55,USD,7,1,2026-02-24,2026-01-21,dataset_fictif
5c4d5cc9-c2e4-4729-bf7d-da5e7e82c207,83dde059-513e-4073-ac2a-fa13a3a1e575,48,256.68,USD,1,5,2025-12-12,2025-11-07,dataset_fictif
e815d40c-46c7-486e-9946-ec7bb5a74e44,30b648e7-ced0-442b-bcd3-dda7eba08e81,48,249.22,USD,4,20,2026-10-22,2026-07-25,dataset_fictif
56aaa99a-cd77-495f-abb4-2eed4d1010cf,30b648e7-ced0-442b-bcd3-dda7eba08e81,48,727838,CDF,3,20,2026-05-11,2026-03-20,dataset_fictif
991ec733-99b7-46a1-955b-4df0452d7507,98ac7ba3-6167-4556-81bd-92b16919c9ca,48,243.73,USD,3,20,2025-11-13,2025-09-12,dataset_fictif
9d41a027-3d7b-4194-90c7-9e49f1c53a29,4b0da602-5f61-4d55-be93-470463212538,49,131.99,USD,6,5,2026-02-01,2025-12-25,dataset_fictif
8cde9d55-d3dd-4568-a96a-9e5e31b73ea3,4b0da602-5f61-4d55-be93-470463212538,49,152.13,USD,2,20,2026-06-29,2026-05-05,dataset_fictif
f6c1aedd-5b97-43c2-808a-41893a46c2f6,a42c50e1-e7d1-4a84-95a4-095680d78ab4,49,162.95,USD,4,10,2025-12-07,2025-11-05,dataset_fictif
9e0dc8e3-228f-466a-a7d1-aac7b5691e66,a42c50e1-e7d1-4a84-95a4-095680d78ab4,49,172.02,USD,11,1,2026-01-23,2025-10-30,dataset_fictif
8151215b-7d10-4a62-b0e0-3b6fa6f0764b,08bbc964-d812-43ef-88bc-1b75de877890,50,226.02,USD,4,50,2026-09-03,2026-07-01,dataset_fictif
ae250a80-38ed-4aee-8af2-15251820880e,83dde059-513e-4073-ac2a-fa13a3a1e575,50,683022,CDF,1,1,2026-01-02,2025-11-08,dataset_fictif
fc53fefb-6dbc-490d-8d5a-cf7b4bb74a1a,30b648e7-ced0-442b-bcd3-dda7eba08e81,50,219.11,USD,3,5,2026-02-22,2025-11-28,dataset_fictif
ba9321c0-bff5-4014-9eec-37c8bdc638fd,30b648e7-ced0-442b-bcd3-dda7eba08e81,50,234.05,USD,6,1,2026-10-23,2026-08-16,dataset_fictif
23234217-9af3-4da2-a3f8-f1491cce665a,a42c50e1-e7d1-4a84-95a4-095680d78ab4,51,151.05,USD,13,1,2026-01-01,2025-10-25,dataset_fictif
c37cc711-5cc5-4555-b441-b5dbfded013b,a42c50e1-e7d1-4a84-95a4-095680d78ab4,51,429349,CDF,9,20,2026-09-11,2026-07-20,dataset_fictif
ec1bdc9a-641d-46ba-a87d-58c031abbbd3,30b648e7-ced0-442b-bcd3-dda7eba08e81,51,116.18,USD,1,50,2026-01-05,2025-11-11,dataset_fictif
239ab7ce-87c3-4835-88f8-da983fe5401b,08bbc964-d812-43ef-88bc-1b75de877890,51,121.27,USD,5,5,2026-06-14,2026-03-20,dataset_fictif
03bb899c-dd4a-4c65-8aa3-deeca25d6163,08bbc964-d812-43ef-88bc-1b75de877890,51,122.93,USD,7,10,2026-07-14,2026-04-25,dataset_fictif
38236c7b-412b-4b76-93e2-cd6999e3a5e6,87d82af0-297c-48d8-b9bb-0d0df1927534,52,272569,CDF,14,1,2026-05-03,2026-03-03,dataset_fictif
56d0c820-fc21-4865-8b84-8177f4dd0455,87d82af0-297c-48d8-b9bb-0d0df1927534,52,110.44,USD,21,1,2026-05-07,2026-03-01,dataset_fictif
81c36812-76ef-408d-a84c-0a82b2c0adf3,08bbc964-d812-43ef-88bc-1b75de877890,52,77.04,USD,2,1,2026-03-01,2025-12-02,dataset_fictif
7fc7f55f-cc11-44d2-a692-aef808f8d3df,08bbc964-d812-43ef-88bc-1b75de877890,52,68.17,USD,6,5,2026-04-18,2026-02-28,dataset_fictif
02804ad8-e961-411c-aede-9d18e97bc67d,08bbc964-d812-43ef-88bc-1b75de877890,53,48.88,USD,3,50,2026-10-16,2026-08-05,dataset_fictif
72e9e1d5-0a26-48d9-9c3c-4d04b988be72,98390bdc-1e93-4618-8e29-ce8ed6a4aed8,53,60.79,USD,7,5,2025-10-27,2025-09-04,dataset_fictif
6bb355f3-b92f-45e0-8910-cfa1a393d1fa,98390bdc-1e93-4618-8e29-ce8ed6a4aed8,53,58.28,USD,13,1,2026-03-18,2026-01-11,dataset_fictif
b9deea3d-3f31-47a1-bd7e-9944c2bcc50e,4b0da602-5f61-4d55-be93-470463212538,53,63.17,USD,4,20,2026-01-06,2025-11-18,dataset_fictif
9fced426-fe34-4a40-8ff1-8813bd7dd111,4b0da602-5f61-4d55-be93-470463212538,53,50.77,USD,5,20,2026-10-17,2026-08-23,dataset_fictif
07d8bd8f-4cc0-4d4e-9f83-147661ee8102,87d82af0-297c-48d8-b9bb-0d0df1927534,53,76.7,USD,12,1,2026-05-09,2026-02-23,dataset_fictif
1dc0303f-bc31-4fb2-a53d-5a37ecec6e92,d2e0a39b-31b3-4c7e-98cc-450466fb6a32,53,57.88,USD,3,50,2025-12-02,2025-10-28,dataset_fictif
c09f8fb9-fabe-4a22-938e-da83753b5c82,98ac7ba3-6167-4556-81bd-92b16919c9ca,53,54.55,USD,3,1,2026-01-11,2025-11-21,dataset_fictif
c707e08b-43eb-4585-ada5-e22d9ce2fed7,98390bdc-1e93-4618-8e29-ce8ed6a4aed8,54,201,USD,14,5,2026-09-09,2026-07-12,dataset_fictif
a6502559-242f-4dbf-a5cf-519e7209f93b,83dde059-513e-4073-ac2a-fa13a3a1e575,54,145.01,USD,4,10,2026-11-23,2026-08-29,dataset_fictif
637620e3-95e7-477c-8402-6a4f4640493e,d12c1c4b-c6e6-42fa-8a67-917383e19cdb,54,204.48,USD,14,10,2025-12-23,2025-10-04,dataset_fictif
c2dad871-cd0b-4f53-9336-bdfad01a6e4a,d12c1c4b-c6e6-42fa-8a67-917383e19cdb,54,167.69,USD,6,20,2026-03-07,2025-12-08,dataset_fictif
f60e9f70-4bbc-4ce1-afa7-f36db37ea368,98ac7ba3-6167-4556-81bd-92b16919c9ca,54,161.25,USD,6,50,2026-10-27,2026-07-30,dataset_fictif
ad45b706-4964-4221-ab75-b66b705fed9c,d2e0a39b-31b3-4c7e-98cc-450466fb6a32,54,169.29,USD,1,1,2026-03-30,2026-02-23,dataset_fictif
4fcc0d2c-fb35-428c-a6dd-cef22a687918,08bbc964-d812-43ef-88bc-1b75de877890,55,210.15,USD,2,1,2026-08-04,2026-06-09,dataset_fictif
aff664c8-57b5-441f-a1e6-096b71d320dc,bfd258a1-15d6-405e-80cd-4cf9ed5b730d,55,219.09,USD,6,20,2026-10-23,2026-08-03,dataset_fictif
79e27c69-5ad2-4357-a554-6ffca3a3c812,a42c50e1-e7d1-4a84-95a4-095680d78ab4,55,228.97,USD,9,1,2026-01-10,2025-11-07,dataset_fictif
b8273cbd-479d-4178-b181-e43f4f6beb0e,4b0da602-5f61-4d55-be93-470463212538,55,178.02,USD,6,50,2025-12-07,2025-09-09,dataset_fictif
e38bd070-b3da-4794-8ed7-583e32cbf112,4b0da602-5f61-4d55-be93-470463212538,55,187,USD,2,10,2026-05-16,2026-03-03,dataset_fictif
a6e600ef-6480-4f4a-b9ac-a75a640c08e5,30b648e7-ced0-442b-bcd3-dda7eba08e81,56,156.24,USD,2,20,2026-10-12,2026-08-26,dataset_fictif
793efe5c-4d9b-481e-9814-7c1618e8bf58,d12c1c4b-c6e6-42fa-8a67-917383e19cdb,56,539702,CDF,12,1,2026-08-22,2026-05-27,dataset_fictif
234417b8-eb3e-4cd5-b4d4-a31ce0b5dd04,a42c50e1-e7d1-4a84-95a4-095680d78ab4,57,314409,CDF,10,1,2025-12-29,2025-10-07,dataset_fictif
8e43acc0-bb8a-45df-a2b6-c260b3c5dd73,a42c50e1-e7d1-4a84-95a4-095680d78ab4,57,95.34,USD,15,5,2025-12-11,2025-10-07,dataset_fictif
7f25aa75-ce48-43f3-bf29-e9ce9cdec004,4b0da602-5f61-4d55-be93-470463212538,57,78.43,USD,1,1,2026-01-29,2025-12-27,dataset_fictif
230a15dc-010b-43c3-a9d1-910754d474a5,87d82af0-297c-48d8-b9bb-0d0df1927534,57,149.02,USD,20,10,2026-06-16,2026-04-01,dataset_fictif
da18870a-46dd-4832-a7b4-38189336b4ec,87d82af0-297c-48d8-b9bb-0d0df1927534,57,121.76,USD,13,10,2026-10-05,2026-08-29,dataset_fictif
494c84d5-5e46-4e48-baa9-5770dcd9aa67,08bbc964-d812-43ef-88bc-1b75de877890,57,260102,CDF,5,50,2026-02-21,2025-12-29,dataset_fictif
84139d79-a1af-4f1d-98bd-2fafff00d8ba,d2e0a39b-31b3-4c7e-98cc-450466fb6a32,57,95.83,USD,5,5,2026-06-04,2026-03-30,dataset_fictif
a0794daf-078c-43e0-9ed9-0c8c5c6b24ef,83dde059-513e-4073-ac2a-fa13a3a1e575,57,89.14,USD,2,1,2026-09-07,2026-07-10,dataset_fictif
f9ccdcd3-d351-4f13-847c-b7d1387a6390,a7f6214b-f04a-4da5-8ca0-520e1ea9e472,58,359.48,USD,15,1,2025-12-06,2025-10-07,dataset_fictif
33e1c887-a28d-46d0-a5f9-ecd928790d67,9a6f40c5-41c3-4f2b-a7ab-e42a48773101,58,809190,CDF,7,10,2026-07-09,2026-05-23,dataset_fictif
5aeb9f53-8872-4b6e-9ea9-03623758820f,98ac7ba3-6167-4556-81bd-92b16919c9ca,58,291.82,USD,7,1,2026-02-02,2025-11-05,dataset_fictif
11295108-537f-4294-a290-e590ea1eea6d,98ac7ba3-6167-4556-81bd-92b16919c9ca,58,318.02,USD,6,50,2026-03-28,2026-01-06,dataset_fictif
4a86d3eb-46c5-410c-87fa-21db5be149c6,14e13be0-90c7-4e0e-b6f8-9792e15ebc20,59,487.74,USD,1,20,2026-09-07,2026-07-05,dataset_fictif
1c176656-711e-4144-b867-2c5af3404b49,971f4ee5-01c3-407e-ba39-7f1c5467a3fa,59,691.36,USD,4,10,2026-04-22,2026-01-31,dataset_fictif
8cddfb59-ebeb-4054-81cc-67a78e2c1981,14e13be0-90c7-4e0e-b6f8-9792e15ebc20,60,2190917,CDF,2,50,2026-03-26,2026-02-14,dataset_fictif
3de05e41-80ce-4868-9e6c-f2ff60d5c028,9a6f40c5-41c3-4f2b-a7ab-e42a48773101,60,2125382,CDF,6,1,2026-08-21,2026-05-29,dataset_fictif
242f092c-ea6e-4b55-b45b-8d589f49c423,9a6f40c5-41c3-4f2b-a7ab-e42a48773101,60,717,USD,5,1,2025-10-27,2025-09-14,dataset_fictif
971e9128-018a-4fb6-9b8b-3b60cd83ccb1,c4e0701e-3e92-47c1-8df5-3b6a15b8f13d,61,1599745,CDF,13,1,2026-04-11,2026-02-06,dataset_fictif
9740263d-0f13-4ab1-b3f7-f70773224c56,556076a7-4eaa-4ff0-aee1-103e2fb43bb9,61,513.22,USD,7,1,2025-12-13,2025-11-06,dataset_fictif
7660054d-222a-4db7-a983-1e33510e7e37,9f9edf6f-deea-4916-baa9-bd33204ad5ab,61,589.12,USD,15,5,2026-06-12,2026-05-03,dataset_fictif
ef97a779-e95f-4e47-9d84-721d9115f6f5,9f9edf6f-deea-4916-baa9-bd33204ad5ab,61,544.92,USD,12,1,2026-07-17,2026-05-08,dataset_fictif
2b138ead-40b9-480a-bfe7-4d27ccd17a1f,971f4ee5-01c3-407e-ba39-7f1c5467a3fa,61,559.97,USD,9,20,2026-06-20,2026-05-05,dataset_fictif
d324304f-0237-4678-9f43-458dfb24a9ec,971f4ee5-01c3-407e-ba39-7f1c5467a3fa,61,535.89,USD,9,1,2026-07-11,2026-05-24,dataset_fictif
1624f96e-b360-4c69-a520-dc34cca3c6ea,edc06193-34c0-4385-9baa-404ab7a67986,62,341.66,USD,11,20,2025-11-27,2025-10-16,dataset_fictif
4bcd3066-dbe7-4c27-ac37-4e603706e228,0e0a982e-e2d6-401b-b86c-9af6ccb63233,62,792103,CDF,1,5,2026-05-29,2026-04-22,dataset_fictif
fa261b07-7bf0-4b32-beb3-0168a9f9b19c,e46c25a1-05f4-493c-a89e-938d1791b3d2,62,496.46,USD,21,20,2026-01-16,2025-12-10,dataset_fictif
1da230d0-8eaf-44a9-9055-ce84d9540500,e46c25a1-05f4-493c-a89e-938d1791b3d2,62,465.78,USD,13,10,2026-04-29,2026-03-10,dataset_fictif
4c84e222-a3ee-456b-a279-6600a987a15e,c4e0701e-3e92-47c1-8df5-3b6a15b8f13d,62,349.15,USD,7,1,2026-01-20,2025-11-09,dataset_fictif
cd800ff5-d90a-4efa-a8e6-4e802b53723f,c4e0701e-3e92-47c1-8df5-3b6a15b8f13d,62,326.72,USD,13,10,2026-09-04,2026-07-26,dataset_fictif
653d1fe7-0d82-4db3-a7c7-883ba4a0d8b6,a7f6214b-f04a-4da5-8ca0-520e1ea9e472,62,397.22,USD,13,50,2026-07-20,2026-05-05,dataset_fictif
e36611be-518a-44b2-8568-4b3ed8b48a57,a7f6214b-f04a-4da5-8ca0-520e1ea9e472,62,395.58,USD,9,5,2025-12-06,2025-10-12,dataset_fictif
663c4172-0770-4b49-9119-9145b0d33f69,9a6f40c5-41c3-4f2b-a7ab-e42a48773101,62,293.71,USD,4,1,2025-11-15,2025-09-21,dataset_fictif
6d0408e0-52c8-4314-ba1b-da6fd9143693,f277c2c1-bc3c-47b9-a164-dba979311684,63,559.64,USD,9,50,2026-10-20,2026-08-12,dataset_fictif
b66745b0-3ffd-4ddb-a2d6-6630e577840b,e46c25a1-05f4-493c-a89e-938d1791b3d2,63,2200231,CDF,23,1,2026-03-26,2026-02-07,dataset_fictif
bfa808e3-3da4-47a0-8f17-69afc4fe1711,e46c25a1-05f4-493c-a89e-938d1791b3d2,63,680.02,USD,26,50,2026-01-15,2025-12-04,dataset_fictif
ffab17b0-5100-487a-8a6c-e23610a46f89,14e13be0-90c7-4e0e-b6f8-9792e15ebc20,64,139.28,USD,7,10,2025-12-04,2025-10-05,dataset_fictif
3316ff12-26d8-444f-a374-b122dc91d975,14e13be0-90c7-4e0e-b6f8-9792e15ebc20,64,144.34,USD,3,5,2026-04-09,2026-01-27,dataset_fictif
3757506a-b5f6-4760-90e2-0639d8276520,0e0a982e-e2d6-401b-b86c-9af6ccb63233,64,143.68,USD,4,5,2026-07-01,2026-05-01,dataset_fictif
6d6484da-34f0-4d66-93ea-c2a2ce78e512,9f9edf6f-deea-4916-baa9-bd33204ad5ab,64,171.28,USD,8,1,2026-06-27,2026-05-11,dataset_fictif
d82d0150-e30a-4dcc-8100-4e32fb7e642d,556076a7-4eaa-4ff0-aee1-103e2fb43bb9,64,355055,CDF,6,10,2026-06-01,2026-04-18,dataset_fictif
ed4d9b38-fa83-466c-9f6c-0cdd45efcf05,9a6f40c5-41c3-4f2b-a7ab-e42a48773101,65,364.62,USD,1,50,2026-09-28,2026-07-01,dataset_fictif
cd873bec-233c-440a-a5aa-7794a2c8da48,e46c25a1-05f4-493c-a89e-938d1791b3d2,65,545.03,USD,20,1,2025-12-08,2025-11-04,dataset_fictif
1ab4de8b-2b77-4b89-8867-056540bdd475,edc06193-34c0-4385-9baa-404ab7a67986,65,1178039,CDF,11,1,2026-08-25,2026-06-11,dataset_fictif
4d5ba0bd-78cb-4d80-ac0e-00e901a822d4,a7f6214b-f04a-4da5-8ca0-520e1ea9e472,65,420.56,USD,7,50,2026-01-14,2025-12-11,dataset_fictif
a199865d-01a7-4a84-9842-580dce4fa62b,a7f6214b-f04a-4da5-8ca0-520e1ea9e472,65,452.28,USD,6,50,2026-11-20,2026-08-22,dataset_fictif
118a1621-3b16-4998-9004-1e3b232fdf1b,c4e0701e-3e92-47c1-8df5-3b6a15b8f13d,65,413.02,USD,11,1,2026-06-30,2026-04-27,dataset_fictif
45f82f34-bbb8-419b-b2e2-e33465afb83a,c4e0701e-3e92-47c1-8df5-3b6a15b8f13d,65,425.83,USD,12,5,2026-05-03,2026-03-04,dataset_fictif
6753bd55-0a1c-4017-b5fe-938c80786a1a,971f4ee5-01c3-407e-ba39-7f1c5467a3fa,66,644.4,USD,15,5,2026-07-23,2026-06-14,dataset_fictif
d891ff70-a8a2-4d5b-a364-b579d861e80a,971f4ee5-01c3-407e-ba39-7f1c5467a3fa,66,599.5,USD,10,50,2025-12-16,2025-11-07,dataset_fictif
e7c32ad4-c2d0-4226-8a83-51a2d050043a,9a6f40c5-41c3-4f2b-a7ab-e42a48773101,66,572.7,USD,3,10,2026-04-07,2026-02-15,dataset_fictif
1215b1ee-4995-48ea-9711-e619581ae613,c4e0701e-3e92-47c1-8df5-3b6a15b8f13d,67,772.28,USD,6,50,2026-09-21,2026-07-24,dataset_fictif
c20fb4d6-fe30-4fd7-bab4-9e30c5ea948b,9f9edf6f-deea-4916-baa9-bd33204ad5ab,67,706.97,USD,11,20,2026-07-13,2026-06-05,dataset_fictif
722a87d6-fc7f-4398-afce-8051a1da65f4,5a131d9a-320b-4460-b554-997bcd47bfd0,68,19.63,USD,4,5,2025-11-15,2025-10-13,dataset_fictif
2bcdc376-7b80-4298-936b-7c00b4920526,1613efa3-4f0b-4713-a9d9-eca2162168d0,68,24.49,USD,16,1,2026-02-03,2026-01-01,dataset_fictif
cfb2cca9-e027-4eee-b17a-82b3b5e36f71,d12c1c4b-c6e6-42fa-8a67-917383e19cdb,68,17.82,USD,15,10,2026-02-08,2025-12-28,dataset_fictif
db3d09e9-e315-4cbd-a1c4-53934150275e,cf511785-f907-4baa-9600-cc29a8d369e7,68,14.44,USD,1,1,2026-04-13,2026-01-27,dataset_fictif
612eef9a-c384-42c3-bd40-49eb96095586,ab8fb3bc-bd18-4f72-8155-d44cabad14e2,68,16.43,USD,8,1,2026-01-13,2025-10-17,dataset_fictif
9cc52e49-4bdf-4295-ae74-2559d9688a05,ab8fb3bc-bd18-4f72-8155-d44cabad14e2,68,16.79,USD,15,10,2026-01-23,2025-10-28,dataset_fictif
928090fa-b499-4a01-8f81-ec412fed8ed6,bc5b55fa-f576-4627-a4df-94b9c031ffc3,68,13.56,USD,6,20,2026-07-10,2026-06-05,dataset_fictif
c55c4f63-2b5f-4337-8941-a513401efaa1,bc5b55fa-f576-4627-a4df-94b9c031ffc3,68,14.45,USD,1,20,2025-11-08,2025-10-06,dataset_fictif
b6075394-f732-4551-92a8-022fbe3a8267,2697403b-cac8-4ddf-9326-a087358c5122,69,61.29,USD,11,1,2026-02-19,2026-01-14,dataset_fictif
4140d022-6abe-4027-83aa-1f829baa5e9b,2697403b-cac8-4ddf-9326-a087358c5122,69,162309,CDF,14,20,2025-11-20,2025-09-27,dataset_fictif
4b6d6173-ed93-49ba-a0a8-a00a71de7795,105011ac-2ee0-4e9f-9ae8-95f646d37a65,69,37.18,USD,4,10,2026-04-05,2026-01-18,dataset_fictif
641f857f-46bd-4d09-9131-2f680a215ef9,f70162d2-4a8d-4d4d-9446-bb766f3e1c37,69,49.33,USD,8,10,2025-11-24,2025-10-14,dataset_fictif
fabdbe6f-3431-4759-adae-919fc89bc33e,407d77ef-d535-4c56-964d-914caca299ef,69,56.55,USD,11,5,2026-10-13,2026-08-09,dataset_fictif
68c2c9f9-4a58-4757-9296-14c7a4260aaf,e62c2c04-1277-440a-8b88-e465e31f7939,69,40.04,USD,5,10,2025-12-29,2025-11-11,dataset_fictif
da12cc94-176a-4810-8b6a-a9d8afb1549e,e62c2c04-1277-440a-8b88-e465e31f7939,69,35.02,USD,3,5,2026-07-20,2026-05-22,dataset_fictif
9684e9d8-a9ad-4f98-877b-94a302bd00f0,a8752895-2aeb-4978-9f7b-cef9caecf1e6,69,53.2,USD,30,5,2026-01-24,2025-11-12,dataset_fictif
c9aa1c9d-fc3a-406f-be9a-de8b684e59e9,f60eac5c-0c9f-4c5f-9b76-c268e04d77ba,70,64923,CDF,6,1,2026-02-01,2025-12-11,dataset_fictif
60050e0a-9567-4f3e-bb7c-95055f8c62ee,f60eac5c-0c9f-4c5f-9b76-c268e04d77ba,70,24.94,USD,5,50,2025-11-28,2025-08-31,dataset_fictif
3e7e23e5-84dc-4abd-8993-8b4e2e614347,bdb1f396-3e57-46de-8d83-9e76208091cc,70,28.21,USD,5,1,2026-07-24,2026-05-18,dataset_fictif
f75a42b8-7efb-4154-907a-a9dd12aef624,bdb1f396-3e57-46de-8d83-9e76208091cc,70,29.68,USD,6,20,2025-12-20,2025-09-24,dataset_fictif
b35174c4-bdde-4722-b05c-b54269498891,5b91061a-7430-4127-a4d5-a578817c0d7c,70,20.48,USD,5,5,2026-06-16,2026-04-07,dataset_fictif
8b9b00fa-b49b-4de2-9af5-9bb0135ec0ad,5b91061a-7430-4127-a4d5-a578817c0d7c,70,21.96,USD,1,20,2026-01-03,2025-12-03,dataset_fictif
41a596c0-6d20-45f1-b6ea-0df7ca40c9ee,a17e5271-820e-4c6e-92b4-4bd109c60d27,70,26.05,USD,12,1,2026-03-22,2026-01-30,dataset_fictif
3e0ae73b-76ad-4939-9bf0-ef38a1a71e74,36ddc887-6df4-4129-b6b2-5106f5e0328b,71,22230,CDF,5,1,2026-07-02,2026-05-29,dataset_fictif
ad501ee2-2abb-4321-9d3d-4dbba65f48f5,36ddc887-6df4-4129-b6b2-5106f5e0328b,71,20736,CDF,7,5,2026-10-12,2026-08-25,dataset_fictif
e7532e89-2652-4532-afe4-4e999adefe8a,f70162d2-4a8d-4d4d-9446-bb766f3e1c37,71,8.72,USD,15,5,2026-01-25,2025-11-26,dataset_fictif
907db037-94e8-4f47-8822-630734cfcb28,cf511785-f907-4baa-9600-cc29a8d369e7,71,7.07,USD,1,5,2026-03-05,2026-01-13,dataset_fictif
53785aba-6642-4619-a710-1a7273fc7193,d12c1c4b-c6e6-42fa-8a67-917383e19cdb,71,8.68,USD,11,20,2026-07-07,2026-04-25,dataset_fictif
d4f3e8eb-0b47-4364-bcee-237906db941b,ca1e6af0-ea5c-4952-a3d7-0e31919758b1,71,11.31,USD,25,10,2026-02-12,2026-01-09,dataset_fictif
f6b75abc-fd68-42c2-8cc9-7567b46bf97c,ca1e6af0-ea5c-4952-a3d7-0e31919758b1,71,11.06,USD,14,1,2025-11-01,2025-09-26,dataset_fictif
1f8fdff0-f2fa-47f4-bb8b-33cd0fe1126b,a60a399f-6dc2-43b0-86af-0b691911039a,72,4.12,USD,14,5,2026-01-11,2025-11-01,dataset_fictif
6ef85254-77e8-4498-9c48-99768c460234,5a131d9a-320b-4460-b554-997bcd47bfd0,72,7303,CDF,12,5,2025-12-28,2025-09-30,dataset_fictif
20f11758-606e-4393-b5be-c94cfa737fde,ab8fb3bc-bd18-4f72-8155-d44cabad14e2,72,2.91,USD,14,1,2026-09-29,2026-08-08,dataset_fictif
c1227af7-5308-45cb-8b1d-42332091f59c,e9e5c7af-5072-48f7-a4fc-11c95b71994c,72,2.97,USD,14,1,2026-04-28,2026-03-27,dataset_fictif
a9eccc18-b3dd-42e6-abc3-ec11aff7da25,407d77ef-d535-4c56-964d-914caca299ef,72,9545,CDF,29,10,2026-01-27,2025-10-29,dataset_fictif
3007268f-8389-4cc2-b9e3-65b12dd3512e,5b91061a-7430-4127-a4d5-a578817c0d7c,72,2.56,USD,3,5,2026-05-19,2026-02-20,dataset_fictif
ebfc5cfb-45a7-4177-ab6d-9e46f0f6b6a2,e62c2c04-1277-440a-8b88-e465e31f7939,73,78883,CDF,7,20,2026-07-31,2026-05-02,dataset_fictif
82a195ed-af2d-4c92-a753-3ce630da3be4,1613efa3-4f0b-4713-a9d9-eca2162168d0,73,52.58,USD,18,5,2026-09-07,2026-06-22,dataset_fictif
52eaa009-c477-49cf-9ad7-51a5b8253f8f,cf511785-f907-4baa-9600-cc29a8d369e7,73,27.26,USD,6,50,2026-10-12,2026-08-04,dataset_fictif
5fca3d42-70bf-4e00-9a01-96a6e31aeb86,d12c1c4b-c6e6-42fa-8a67-917383e19cdb,73,33.81,USD,13,1,2026-08-08,2026-07-02,dataset_fictif
44119da0-f9fc-41ce-98e0-ef04fafbe4fc,f60eac5c-0c9f-4c5f-9b76-c268e04d77ba,74,34.56,USD,6,10,2026-07-20,2026-05-10,dataset_fictif
59358ab5-fcd5-4ec1-939f-adeb54d3fc03,a17e5271-820e-4c6e-92b4-4bd109c60d27,74,45.22,USD,13,20,2026-07-16,2026-05-25,dataset_fictif
2b79f6c7-1434-4f95-9190-f2a8876095af,d12c1c4b-c6e6-42fa-8a67-917383e19cdb,74,40.67,USD,9,1,2026-03-09,2026-01-16,dataset_fictif
cf93aa15-554c-4e8c-840e-755b5609802a,1613efa3-4f0b-4713-a9d9-eca2162168d0,75,34.96,USD,15,10,2026-05-13,2026-04-13,dataset_fictif
ed9515d0-57d6-4eba-ae3c-f98ae04b10d4,2697403b-cac8-4ddf-9326-a087358c5122,75,37.9,USD,20,1,2025-12-27,2025-09-29,dataset_fictif
dc49ab67-5194-46a7-acc4-7e8d85ab1639,ab8fb3bc-bd18-4f72-8155-d44cabad14e2,76,18.34,USD,10,1,2026-04-23,2026-01-26,dataset_fictif
f64546b0-e138-4b98-8e10-7f169402037e,ab8fb3bc-bd18-4f72-8155-d44cabad14e2,76,18.91,USD,10,10,2026-03-06,2025-12-07,dataset_fictif
19210eac-2afe-4538-aeac-bf310a832fcd,105011ac-2ee0-4e9f-9ae8-95f646d37a65,76,44490,CDF,2,1,2025-11-22,2025-09-05,dataset_fictif
1ba5e73a-bd02-43d2-9387-7dc9709831f9,5be21ce5-62b1-4728-8aa7-c1137266ce68,76,24.02,USD,30,10,2026-05-21,2026-04-18,dataset_fictif
c2295abb-b761-4ed1-af6a-166706eee5cd,5b91061a-7430-4127-a4d5-a578817c0d7c,76,40286,CDF,1,1,2026-04-10,2026-02-16,dataset_fictif
4da4977b-0e1c-497c-8e76-e68c30fcb5be,1613efa3-4f0b-4713-a9d9-eca2162168d0,76,65249,CDF,29,20,2026-10-07,2026-08-01,dataset_fictif
e0a64bdc-cbdd-4a0c-a467-0cb926d57b32,1613efa3-4f0b-4713-a9d9-eca2162168d0,76,20.43,USD,10,10,2026-01-11,2025-12-02,dataset_fictif
a37cf3a0-bc70-4b61-af09-0efb98f7119a,bc5b55fa-f576-4627-a4df-94b9c031ffc3,77,44.79,USD,4,5,2026-02-08,2025-12-02,dataset_fictif
589de7ce-4097-4a0c-b3eb-b1694dfc5aa6,a8752895-2aeb-4978-9f7b-cef9caecf1e6,77,79.16,USD,11,1,2025-12-07,2025-09-25,dataset_fictif
3b11b1a7-ce4d-40a1-8164-bd4c12537685,a8752895-2aeb-4978-9f7b-cef9caecf1e6,77,192232,CDF,22,5,2026-03-14,2026-02-11,dataset_fictif
77695a38-1a52-4ded-a089-e0535463f08d,ab8fb3bc-bd18-4f72-8155-d44cabad14e2,77,53.28,USD,8,10,2025-12-06,2025-09-23,dataset_fictif
8996cdca-1511-4941-a733-ac694f11955d,cf511785-f907-4baa-9600-cc29a8d369e7,77,127936,CDF,2,1,2026-06-09,2026-03-13,dataset_fictif
df2969dc-13b0-475b-b998-ee76ee07652e,7a95f5a9-dbad-4e44-b6b2-a2dd3f6c31f1,78,2326.26,USD,10,1,2026-09-17,2026-06-23,dataset_fictif
8674083d-4914-4aa8-a6bd-ae558fe26edf,7a95f5a9-dbad-4e44-b6b2-a2dd3f6c31f1,78,2801.25,USD,14,50,2026-04-25,2026-02-25,dataset_fictif
59892c35-46b2-4a04-ab23-411c180c0bb5,f277c2c1-bc3c-47b9-a164-dba979311684,78,2191.9,USD,11,1,2026-01-14,2025-10-27,dataset_fictif
096c93d8-bd31-47f3-af26-489fbe450df9,e4b497a2-4b2e-4c1c-8bb5-dfdabd33779b,78,2171.66,USD,4,20,2026-03-07,2026-01-04,dataset_fictif
cee8106b-f8ac-468b-8151-3ecf28e98c2e,bfd258a1-15d6-405e-80cd-4cf9ed5b730d,79,100.32,USD,14,1,2026-03-27,2026-02-10,dataset_fictif
99b9fd53-ebd7-4805-9ac7-2e7795ead33d,f277c2c1-bc3c-47b9-a164-dba979311684,79,236285,CDF,8,20,2026-06-28,2026-05-14,dataset_fictif
5b087613-6273-42af-80ca-ae58208d1144,cf511785-f907-4baa-9600-cc29a8d369e7,79,81.8,USD,1,5,2026-06-23,2026-05-04,dataset_fictif
c915bd70-6a22-45b9-b5ab-a342b698cc7c,93dcbfe8-ed77-4ec4-935f-f1a2240ba7c4,79,93.44,USD,9,50,2026-07-15,2026-04-19,dataset_fictif
e12337d7-8121-4ad3-b2eb-d0718d469063,93dcbfe8-ed77-4ec4-935f-f1a2240ba7c4,79,98.43,USD,4,10,2026-11-01,2026-08-16,dataset_fictif
38905497-1a60-4233-a2f5-322d516270d3,f6959aba-abe6-4414-a493-f533fcc9b0ab,80,832.01,USD,13,20,2026-06-03,2026-04-30,dataset_fictif
58926fc7-406d-4813-b42f-e10a10bd3ae1,5b91061a-7430-4127-a4d5-a578817c0d7c,80,1444277,CDF,1,10,2026-05-06,2026-02-19,dataset_fictif
788ef3ed-c357-47e6-8d6c-949f9cfc2bbc,d2e0a39b-31b3-4c7e-98cc-450466fb6a32,80,596.63,USD,2,10,2025-11-30,2025-10-27,dataset_fictif
c492d27d-7b02-4377-8929-2a340ae07e96,b851354a-28e7-49f5-a104-ad902f5bda28,81,3401.95,USD,4,1,2026-03-01,2026-01-09,dataset_fictif
a5c605a8-cbd2-450e-844d-21c156c45f0c,7a95f5a9-dbad-4e44-b6b2-a2dd3f6c31f1,81,12501164,CDF,12,5,2026-05-07,2026-03-22,dataset_fictif
eec0419f-25f7-4a73-a2a6-77dbda4ca6de,5b91061a-7430-4127-a4d5-a578817c0d7c,81,3902.89,USD,4,10,2026-09-07,2026-07-18,dataset_fictif
6461bf09-0f0c-4615-87fe-51818862e942,5b91061a-7430-4127-a4d5-a578817c0d7c,81,11503093,CDF,5,10,2026-05-19,2026-03-29,dataset_fictif
19477599-db57-4d83-9486-558e81041776,f277c2c1-bc3c-47b9-a164-dba979311684,81,4455.37,USD,8,10,2026-11-03,2026-08-08,dataset_fictif
3c191464-28c5-4ecf-9350-784725feeeb5,f277c2c1-bc3c-47b9-a164-dba979311684,81,5048.23,USD,9,1,2025-12-12,2025-09-15,dataset_fictif
dff5537b-9bd5-41c8-814d-96dc5acaeee3,b851354a-28e7-49f5-a104-ad902f5bda28,82,1678.71,USD,5,50,2026-01-15,2025-11-16,dataset_fictif
04e6d3ea-926b-4a4b-afdf-2099a325dbb6,f277c2c1-bc3c-47b9-a164-dba979311684,82,1986.7,USD,11,20,2026-05-25,2026-03-07,dataset_fictif
a2c374c0-e7c5-4661-8ba3-7b2db0275405,2e046788-aa07-4595-8d13-bda912cb3837,82,1787.79,USD,4,5,2026-01-27,2025-11-24,dataset_fictif
629dc8fe-2cdf-4a64-8de3-318abed55548,2e046788-aa07-4595-8d13-bda912cb3837,82,1538.77,USD,5,1,2026-06-19,2026-04-17,dataset_fictif
727ef431-aa17-4288-9979-cf0efb56d3e5,9906fb3f-de24-4d7f-a907-2d31c10147ec,82,1705.67,USD,2,5,2026-06-30,2026-05-02,dataset_fictif
e887b603-3a37-4b9a-9f79-8f2e8286b923,00ab9818-5274-4d3b-b16c-68b4f0e95292,82,2132.54,USD,13,1,2026-07-20,2026-06-11,dataset_fictif
2a646a95-0215-475b-b6de-edc3a805ec6b,00ab9818-5274-4d3b-b16c-68b4f0e95292,82,2072.41,USD,9,50,2026-05-17,2026-03-27,dataset_fictif
83c7f7ff-e62c-4c5a-8dca-e09aa77965db,f6959aba-abe6-4414-a493-f533fcc9b0ab,82,2859.46,USD,24,50,2026-10-24,2026-08-12,dataset_fictif
ee17bdab-b1f8-4cfb-bf2f-fcec24b7c818,f6959aba-abe6-4414-a493-f533fcc9b0ab,82,2621.43,USD,29,5,2026-02-22,2026-01-18,dataset_fictif
239f26a9-7943-4608-8f81-c4fc639a7837,e62c2c04-1277-440a-8b88-e465e31f7939,83,176.62,USD,4,1,2026-09-17,2026-06-24,dataset_fictif
804491bb-db97-4256-bf28-1deb890799ba,08bbc964-d812-43ef-88bc-1b75de877890,83,192.11,USD,2,20,2026-04-23,2026-03-17,dataset_fictif
57f8ce1b-cc5d-4926-b204-1ff47f1e576e,b851354a-28e7-49f5-a104-ad902f5bda28,84,1966.4,USD,4,50,2026-07-23,2026-05-05,dataset_fictif
ed8c3d47-b89b-4959-b5b2-cf37475ef9c2,b851354a-28e7-49f5-a104-ad902f5bda28,84,1766.59,USD,7,50,2026-08-25,2026-06-14,dataset_fictif
b48a87fa-b527-41ef-bf97-97e2e0794bb2,2e046788-aa07-4595-8d13-bda912cb3837,84,1820.88,USD,2,1,2026-04-28,2026-02-04,dataset_fictif
ab78d208-ebd4-4d47-a284-284896876377,2e046788-aa07-4595-8d13-bda912cb3837,84,1799.14,USD,2,5,2026-03-06,2025-12-28,dataset_fictif
fad12da7-67bd-4207-be54-262f9cf2f58f,7a95f5a9-dbad-4e44-b6b2-a2dd3f6c31f1,85,11013632,CDF,9,20,2026-10-09,2026-08-28,dataset_fictif
b812ad1f-4962-4668-b75c-d2a5d3f9cd42,7a95f5a9-dbad-4e44-b6b2-a2dd3f6c31f1,85,3669.18,USD,7,20,2026-04-22,2026-02-18,dataset_fictif
7a28fd79-cf5e-4fc4-a9f4-8a300f0e8554,93dcbfe8-ed77-4ec4-935f-f1a2240ba7c4,85,4007.7,USD,12,1,2026-10-14,2026-08-15,dataset_fictif
d29d1e08-009b-4584-a577-2cccb6a8e2d6,e4b497a2-4b2e-4c1c-8bb5-dfdabd33779b,85,3478.84,USD,4,10,2026-02-22,2025-12-04,dataset_fictif
67c6d809-7af0-4a4d-9f2d-bf51aa0fb3d8,387413d8-2f51-4f7e-9c4d-d483caa3d19d,85,3579.99,USD,6,20,2026-10-11,2026-07-29,dataset_fictif
cddf8a23-c8b3-401e-ba93-fa07830ebd47,afa25e1d-9614-4325-939a-28c9c516deaa,85,3708.48,USD,11,5,2026-02-06,2025-11-08,dataset_fictif
ede8dd07-83b7-4197-ba03-c0662faeea0d,afa25e1d-9614-4325-939a-28c9c516deaa,85,3195.66,USD,11,5,2026-04-08,2026-02-12,dataset_fictif
2acc14d7-152e-424b-8bce-bd87452db5cf,c594d23a-fd74-4e3b-877c-79b8f4c6139d,86,2121.3,USD,7,20,2026-08-16,2026-06-18,dataset_fictif
7309a18f-415f-4845-a7b2-c32abe45449d,9906fb3f-de24-4d7f-a907-2d31c10147ec,86,2049.42,USD,6,10,2025-12-04,2025-11-02,dataset_fictif
a283e03c-0552-4ec7-adc6-bea26bc51327,9906fb3f-de24-4d7f-a907-2d31c10147ec,86,1746.87,USD,1,5,2026-05-02,2026-02-14,dataset_fictif
182adf61-1bd1-412e-976f-782e70fcb4f4,bc5b55fa-f576-4627-a4df-94b9c031ffc3,86,4918292,CDF,5,5,2026-01-18,2025-11-12,dataset_fictif
d7e158a2-4fa3-4b03-b60f-eee94c0e5819,b851354a-28e7-49f5-a104-ad902f5bda28,87,3244.15,USD,6,5,2026-07-12,2026-05-01,dataset_fictif
3e103636-a940-4166-976d-4d755331ea3d,b851354a-28e7-49f5-a104-ad902f5bda28,87,2717.64,USD,7,50,2026-02-20,2026-01-06,dataset_fictif
77e07e16-969c-440c-84c4-1dfda38c55ea,e4b497a2-4b2e-4c1c-8bb5-dfdabd33779b,87,2721.79,USD,6,1,2025-12-13,2025-10-17,dataset_fictif
c443c2f6-141b-484d-8b75-01e60b251f11,bfd258a1-15d6-405e-80cd-4cf9ed5b730d,87,3398.27,USD,7,20,2026-06-20,2026-03-30,dataset_fictif
9e2c0e54-733e-4425-b261-9f8d9d23c7d7,4b0da602-5f61-4d55-be93-470463212538,87,8445640,CDF,7,50,2026-03-09,2026-01-10,dataset_fictif
68f729af-6cc1-47e7-8e8a-279b307a1818,08bbc964-d812-43ef-88bc-1b75de877890,87,3198.71,USD,6,1,2026-07-02,2026-05-20,dataset_fictif
0a830797-65a7-4519-9f1e-0b560b083af5,08bbc964-d812-43ef-88bc-1b75de877890,87,2954.23,USD,4,1,2025-12-22,2025-10-14,dataset_fictif
1cb36ae5-3e78-4409-a514-51021ec3a5d3,93dcbfe8-ed77-4ec4-935f-f1a2240ba7c4,87,3265.87,USD,4,20,2026-10-27,2026-08-03,dataset_fictif
ed68a186-e87e-41cc-a965-09ab0d55993c,93dcbfe8-ed77-4ec4-935f-f1a2240ba7c4,87,3607.97,USD,13,1,2026-09-27,2026-08-25,dataset_fictif
71da8b2f-31f4-468b-9251-100095b4a529,1a873014-f873-4054-894e-8bf644612067,88,40.41,USD,5,5,2025-12-26,2025-11-12,dataset_fictif
c18ab6d4-7ef2-42b6-af06-eaa635f51806,1a873014-f873-4054-894e-8bf644612067,88,46.31,USD,15,10,2026-11-15,2026-08-26,dataset_fictif
e1ca2faf-a453-4a72-acba-5cdc42b785ca,0cce90f0-eef2-49a4-8655-7cf84beedd5a,88,111233,CDF,7,50,2026-09-07,2026-06-24,dataset_fictif
c2cad869-659d-4dca-8d2d-2a7edc87c234,5de62164-c59b-4907-ae96-7a63b4cddbb2,88,34.43,USD,5,10,2025-11-24,2025-10-07,dataset_fictif
f4a82985-57dd-4ccb-8006-8cac4f9b65c7,312ae8a1-1e93-47d8-84fe-7dd909b0e00d,88,40.15,USD,8,1,2026-09-07,2026-07-05,dataset_fictif
246bf4d0-5e6e-4f21-a322-164eed77a89e,312ae8a1-1e93-47d8-84fe-7dd909b0e00d,88,41.4,USD,14,1,2026-09-26,2026-06-29,dataset_fictif
c7c6f334-5162-4553-a2ed-5c33d9d0ae9c,e5bbc3e5-aaf9-4785-8411-495e76439a19,88,37.37,USD,4,5,2026-02-15,2025-12-08,dataset_fictif
5677c78e-aff0-4f1d-adb7-98eaf814ca9c,e62c2c04-1277-440a-8b88-e465e31f7939,89,48.67,USD,6,50,2025-12-31,2025-10-14,dataset_fictif
3221bf15-0a37-4be5-9234-2ef13552fa81,e62c2c04-1277-440a-8b88-e465e31f7939,89,115278,CDF,3,20,2026-03-07,2026-01-06,dataset_fictif
80a407a4-611a-4342-9063-19da3bc7ba48,7ba3e208-0af4-4e72-ad44-8158cc01b6c4,89,78.83,USD,14,20,2026-04-29,2026-03-30,dataset_fictif
739b92fa-757a-4b0c-a399-f475a1b08bd6,7ba3e208-0af4-4e72-ad44-8158cc01b6c4,89,76.83,USD,26,50,2026-09-29,2026-07-23,dataset_fictif
6bfc6992-19d8-45a0-9672-a7d010139945,556076a7-4eaa-4ff0-aee1-103e2fb43bb9,89,142011,CDF,5,1,2026-07-14,2026-05-12,dataset_fictif
a91c482e-5ee3-4756-974d-9dd63f872a23,556076a7-4eaa-4ff0-aee1-103e2fb43bb9,89,42.45,USD,6,5,2026-02-23,2025-12-07,dataset_fictif
7a4c02cb-6b67-4918-9ce3-33089edba79c,971f4ee5-01c3-407e-ba39-7f1c5467a3fa,89,55.95,USD,4,20,2026-06-27,2026-04-20,dataset_fictif
264c27b5-07ae-4ec3-b9a6-5a7b0ee61b44,5a131d9a-320b-4460-b554-997bcd47bfd0,89,54.18,USD,15,1,2026-03-02,2025-12-03,dataset_fictif
419d4238-a910-4835-9d4a-43e2fb31b96d,53ed2c7c-db6b-44bc-97dc-41f2e27a58af,90,27.99,USD,5,1,2025-12-16,2025-11-01,dataset_fictif
924210f5-8b4c-4dd2-87d4-95046345cf13,5a131d9a-320b-4460-b554-997bcd47bfd0,90,27.08,USD,7,20,2026-04-01,2026-02-09,dataset_fictif
c523f797-fe70-41ae-ac22-0f87a65c9745,5a131d9a-320b-4460-b554-997bcd47bfd0,90,27.81,USD,7,1,2026-01-09,2025-11-19,dataset_fictif
8d8ebd1b-cd8c-4767-8d64-f9ec2fe6efef,50c1784a-9dd7-49d3-a367-b49e81d4fcc9,90,21.81,USD,1,5,2026-08-12,2026-06-20,dataset_fictif
a72130ce-f19c-482c-a39b-2e870bed1db7,e5bbc3e5-aaf9-4785-8411-495e76439a19,90,26.9,USD,6,1,2026-07-16,2026-04-21,dataset_fictif
88e92c0d-5b98-426f-87e3-5fe53421e28c,e5bbc3e5-aaf9-4785-8411-495e76439a19,90,29.93,USD,13,1,2026-05-21,2026-03-14,dataset_fictif
49c0cc0f-57b2-47d8-b3c4-33d8ab0e4dee,5de62164-c59b-4907-ae96-7a63b4cddbb2,91,88582,CDF,2,50,2026-01-09,2025-11-13,dataset_fictif
ad1b4457-36ac-4cbb-b560-06558ebc7413,53ed2c7c-db6b-44bc-97dc-41f2e27a58af,91,36.33,USD,7,5,2026-10-04,2026-08-02,dataset_fictif
56d01fcd-914b-4f69-b2f6-87927fb83c3d,53ed2c7c-db6b-44bc-97dc-41f2e27a58af,91,33.68,USD,15,1,2026-10-02,2026-08-22,dataset_fictif
0e9b0620-e12d-4968-a20e-b45108800d22,4c414f3e-f0f0-432a-8c5f-74b77ecb5828,92,27.54,USD,12,1,2026-01-03,2025-10-18,dataset_fictif
9b0aaf2a-8a38-42fb-b7d9-b493f318e7c3,50c1784a-9dd7-49d3-a367-b49e81d4fcc9,92,21.76,USD,1,5,2026-06-24,2026-05-21,dataset_fictif
877615ee-3410-4763-8e92-647bb8e9e3ef,556076a7-4eaa-4ff0-aee1-103e2fb43bb9,92,18.86,USD,1,10,2026-01-06,2025-10-09,dataset_fictif
282a75a3-2fbf-4898-89b4-39a15f2e79d9,845a7e7a-2509-41fe-80b2-7d1da505955b,93,41.9,USD,7,20,2026-08-21,2026-06-20,dataset_fictif
16269111-1213-47a9-9e37-ba1e9a9be2cf,845a7e7a-2509-41fe-80b2-7d1da505955b,93,42.93,USD,5,20,2026-05-03,2026-03-26,dataset_fictif
f06c0894-496c-4553-9cc7-1f0253616128,5a131d9a-320b-4460-b554-997bcd47bfd0,93,39.98,USD,15,5,2025-12-05,2025-10-16,dataset_fictif
65104dba-8c06-4ee1-b6c2-b69805c9ad97,6ddb19c1-837f-43af-91b7-6335e905a1a2,93,50.16,USD,24,5,2026-06-22,2026-04-12,dataset_fictif
c2a1bc82-1f73-4044-b2fb-8a826b6dda2f,ea9c09fd-b9a0-475d-bc81-a35547b24556,93,103792,CDF,5,20,2026-08-28,2026-07-28,dataset_fictif
64f29e97-85ec-4e1f-bfd4-4dc78f2664b3,e5bbc3e5-aaf9-4785-8411-495e76439a19,94,56.05,USD,8,5,2026-05-31,2026-03-03,dataset_fictif
9742f41b-361c-479c-add7-5127fa836067,4c414f3e-f0f0-432a-8c5f-74b77ecb5828,94,78.8,USD,27,10,2026-10-01,2026-07-07,dataset_fictif
87a6fe46-6a9e-43c9-ae5a-67bcd4ae6d22,5a131d9a-320b-4460-b554-997bcd47bfd0,94,58.31,USD,11,5,2025-11-20,2025-10-03,dataset_fictif
0af9a2a9-5464-44a7-8ce2-70ae34ed9680,5a131d9a-320b-4460-b554-997bcd47bfd0,94,163095,CDF,15,20,2026-01-31,2025-12-03,dataset_fictif
3d0acd15-a85f-4db5-ada2-9c0906419b02,3b1969c1-9c37-4323-bd5d-5b5318e34733,95,13.04,USD,6,10,2026-09-19,2026-08-13,dataset_fictif
c4797745-7c53-417f-a2af-7a39f3e0aabd,3b1969c1-9c37-4323-bd5d-5b5318e34733,95,13.54,USD,4,50,2025-10-20,2025-09-02,dataset_fictif
db5b8f8e-b0b8-4b48-b26f-96f2fba3fb17,971f4ee5-01c3-407e-ba39-7f1c5467a3fa,95,16.98,USD,7,10,2026-09-02,2026-07-30,dataset_fictif
df7b3491-a76e-40e9-839c-1de102b3aad0,971f4ee5-01c3-407e-ba39-7f1c5467a3fa,95,16.3,USD,10,20,2026-02-03,2025-12-09,dataset_fictif
7691a622-c0eb-49e7-888c-f0c0cdcf8b90,e5bbc3e5-aaf9-4785-8411-495e76439a19,96,51.86,USD,12,50,2026-02-12,2025-12-06,dataset_fictif
a83b359f-d4c0-4351-85d0-9220d4810641,312ae8a1-1e93-47d8-84fe-7dd909b0e00d,96,50.61,USD,4,10,2026-06-14,2026-04-21,dataset_fictif
03196b59-048b-418c-a678-6225b722c48e,3b1969c1-9c37-4323-bd5d-5b5318e34733,96,43.82,USD,2,1,2025-12-25,2025-10-03,dataset_fictif
cca45ce9-3a1f-441d-b276-b5fdb69530ee,5a131d9a-320b-4460-b554-997bcd47bfd0,96,46.32,USD,15,50,2026-04-28,2026-02-15,dataset_fictif
b4b48e8b-16de-4bce-8d69-3ae102559ea3,53ed2c7c-db6b-44bc-97dc-41f2e27a58af,96,50.56,USD,15,1,2026-10-31,2026-08-15,dataset_fictif
6c4cbdf6-b5c6-4cac-b05d-e50babf3f66c,53ed2c7c-db6b-44bc-97dc-41f2e27a58af,96,47.09,USD,14,1,2026-01-14,2025-11-09,dataset_fictif
14e1a078-2df9-4a2b-a8ff-ff05e6e91976,f6959aba-abe6-4414-a493-f533fcc9b0ab,97,34.39,USD,25,20,2026-02-23,2026-01-20,dataset_fictif
2093fd11-114a-470e-af0c-48bdea855ae1,f6959aba-abe6-4414-a493-f533fcc9b0ab,97,31.3,USD,28,20,2026-05-26,2026-04-23,dataset_fictif
df840a24-b3b9-4736-b511-9ce3a4629825,bdb1f396-3e57-46de-8d83-9e76208091cc,97,25.63,USD,11,50,2025-12-23,2025-10-24,dataset_fictif
d156adc8-17df-429c-b483-b846e4b0405c,bdb1f396-3e57-46de-8d83-9e76208091cc,97,23.28,USD,5,1,2026-05-03,2026-03-19,dataset_fictif
f97c95a8-ea42-4691-b6f9-8192aa44610b,87d82af0-297c-48d8-b9bb-0d0df1927534,97,35.07,USD,23,20,2026-06-06,2026-03-26,dataset_fictif
c92001f6-89df-4173-b3ef-1210cad1d2f1,105011ac-2ee0-4e9f-9ae8-95f646d37a65,97,22.54,USD,3,50,2025-12-05,2025-09-17,dataset_fictif
c46f1ced-73fa-464d-9e4c-ea61758d0acf,1a873014-f873-4054-894e-8bf644612067,97,25.91,USD,13,10,2026-03-10,2026-02-08,dataset_fictif
72677eb9-eb08-4198-9cd4-36c89c56efb3,1a873014-f873-4054-894e-8bf644612067,98,16.36,USD,7,50,2026-03-01,2025-12-02,dataset_fictif
2da521f3-1e67-4e5e-a6be-7a89c5b4b85d,f6959aba-abe6-4414-a493-f533fcc9b0ab,98,19.22,USD,26,1,2026-03-09,2026-01-05,dataset_fictif
d7b662d5-e05c-4075-8659-415cce20762b,87d82af0-297c-48d8-b9bb-0d0df1927534,98,20.7,USD,19,5,2026-09-16,2026-08-12,dataset_fictif
ce71be02-dbc8-4778-8943-83df662e3907,bc5b55fa-f576-4627-a4df-94b9c031ffc3,98,12.84,USD,7,5,2026-05-14,2026-03-15,dataset_fictif
afc7ff3e-cbf7-4eb9-a214-5662dbcff0d1,ea9c09fd-b9a0-475d-bc81-a35547b24556,99,15.21,USD,1,50,2026-03-06,2025-12-29,dataset_fictif
3e7259d0-ec6a-4485-92a8-2154683506b9,bc5b55fa-f576-4627-a4df-94b9c031ffc3,99,49842,CDF,7,10,2026-10-03,2026-07-17,dataset_fictif
84a9f986-dd83-44f9-ad0c-c3c7768b21b5,87d82af0-297c-48d8-b9bb-0d0df1927534,99,27.35,USD,11,20,2026-05-31,2026-03-09,dataset_fictif
2776e6e2-0378-42b8-af8d-6e8dd118aea1,eb0bd6d1-4f0a-4fa7-b419-2410f4535aa7,99,18.91,USD,13,20,2026-11-05,2026-08-19,dataset_fictif
3e7028bc-68da-41e1-af6b-47a045abc890,6ddb19c1-837f-43af-91b7-6335e905a1a2,99,25.69,USD,14,10,2026-09-27,2026-08-24,dataset_fictif
d9a62d83-593c-4f19-a5fd-b2e12c763801,6ddb19c1-837f-43af-91b7-6335e905a1a2,99,30.14,USD,27,5,2026-09-29,2026-07-14,dataset_fictif
53356522-a15d-4557-97f8-6cdf375acaee,105011ac-2ee0-4e9f-9ae8-95f646d37a65,99,14.85,USD,4,10,2025-11-29,2025-09-27,dataset_fictif
6b4545e0-15a8-4bc6-b456-291df3d5a868,3b1969c1-9c37-4323-bd5d-5b5318e34733,100,11.39,USD,7,50,2026-08-17,2026-06-08,dataset_fictif
4dede1b6-f645-4995-b9ec-cf542d373a98,1a873014-f873-4054-894e-8bf644612067,100,12.24,USD,7,5,2025-12-25,2025-10-09,dataset_fictif
43302ead-8baa-4485-a0ff-ca2b2368cd8e,bdb1f396-3e57-46de-8d83-9e76208091cc,100,14.39,USD,4,1,2026-02-23,2025-12-15,dataset_fictif
788deee0-8d06-47e9-8c60-4a4b13761906,ea9c09fd-b9a0-475d-bc81-a35547b24556,101,19.76,USD,5,10,2026-08-26,2026-07-20,dataset_fictif
845275a1-8872-48a2-94da-8f5fa1a69803,bc5b55fa-f576-4627-a4df-94b9c031ffc3,101,18.22,USD,5,1,2026-01-10,2025-11-03,dataset_fictif
b9561592-536c-44ab-99db-307d6e935ebb,d2e0a39b-31b3-4c7e-98cc-450466fb6a32,101,22.2,USD,3,20,2026-06-28,2026-05-24,dataset_fictif
ba459122-6134-40f5-bcc3-900c661d3f1c,eb0bd6d1-4f0a-4fa7-b419-2410f4535aa7,101,25.53,USD,8,1,2025-12-24,2025-11-05,dataset_fictif
7e73b645-1e94-415f-8e31-fe7eb02d6882,6ddb19c1-837f-43af-91b7-6335e905a1a2,101,31.18,USD,19,50,2026-03-09,2026-02-01,dataset_fictif
2d97db3b-fe8d-49e2-b774-15fda753d5a6,6ddb19c1-837f-43af-91b7-6335e905a1a2,101,27.65,USD,14,5,2026-02-02,2025-11-23,dataset_fictif
2dd536cb-f2f1-4e89-b87b-fce8fa0c0c07,3b1969c1-9c37-4323-bd5d-5b5318e34733,102,3.24,USD,7,50,2026-07-02,2026-04-29,dataset_fictif
8a52348c-0ec8-48a2-9ae4-05c9afd164f7,2a06c39f-15ac-4e41-95b7-204e4854f829,102,4.55,USD,7,20,2025-12-29,2025-11-13,dataset_fictif
36f1d96c-bcaf-4375-b2f8-d3d46b0fc69e,2a06c39f-15ac-4e41-95b7-204e4854f829,102,4.05,USD,6,50,2026-09-08,2026-07-30,dataset_fictif
4bfd57a6-7ab9-49c6-87e9-a972d04482ed,ea9c09fd-b9a0-475d-bc81-a35547b24556,102,11205,CDF,1,20,2026-07-19,2026-05-23,dataset_fictif
50d026ab-e64c-4edb-90ff-be7e1e50972c,ea9c09fd-b9a0-475d-bc81-a35547b24556,102,3.42,USD,7,10,2026-01-25,2025-11-22,dataset_fictif
a6247387-a426-45f8-8ac4-536fc7ef0c50,87d82af0-297c-48d8-b9bb-0d0df1927534,103,48.03,USD,15,5,2026-03-08,2026-01-12,dataset_fictif
24fea25b-2736-4507-a4b7-37d80da0543f,87d82af0-297c-48d8-b9bb-0d0df1927534,103,55.19,USD,24,20,2026-07-16,2026-04-27,dataset_fictif
1cadaf97-e02c-4ddf-8f22-b05efc157a33,bdb1f396-3e57-46de-8d83-9e76208091cc,103,107850,CDF,8,10,2025-10-20,2025-08-30,dataset_fictif
95c8f5da-e791-4145-a221-9676b339d4e6,e9e5c7af-5072-48f7-a4fc-11c95b71994c,103,114639,CDF,5,1,2025-12-23,2025-11-23,dataset_fictif
9e59427e-6d53-4e1c-bf78-a47e66db3fd9,e9e5c7af-5072-48f7-a4fc-11c95b71994c,103,38.75,USD,10,10,2026-01-05,2025-10-09,dataset_fictif
9a4e2cbc-681f-428f-b7ff-e9553eadeb4b,eb0bd6d1-4f0a-4fa7-b419-2410f4535aa7,103,33.41,USD,12,10,2026-09-18,2026-08-06,dataset_fictif
2e1e3e35-c9b4-4f41-8d08-a7987af0fe18,d2e0a39b-31b3-4c7e-98cc-450466fb6a32,104,73670,CDF,4,1,2026-07-29,2026-05-15,dataset_fictif
a3b5bf4a-9eac-49cd-8c0c-594cd2076012,d2e0a39b-31b3-4c7e-98cc-450466fb6a32,104,27.17,USD,3,10,2025-10-20,2025-09-10,dataset_fictif
6437b5c5-5b46-473e-8319-fe1754d016d2,eb0bd6d1-4f0a-4fa7-b419-2410f4535aa7,104,34.91,USD,7,1,2026-01-18,2025-10-29,dataset_fictif
e1b5684d-43f9-4f3c-a4c3-c4851088fd83,bdb1f396-3e57-46de-8d83-9e76208091cc,104,31.99,USD,13,20,2025-10-27,2025-09-06,dataset_fictif
3ee5ee88-701c-4c8f-8778-13b34b38ee12,bdb1f396-3e57-46de-8d83-9e76208091cc,104,29.42,USD,4,20,2026-06-11,2026-03-17,dataset_fictif
32daa9b2-d873-4fb0-87f4-91ad468b1569,e9e5c7af-5072-48f7-a4fc-11c95b71994c,104,33.64,USD,13,20,2026-01-13,2025-11-04,dataset_fictif
2c76b6c4-a412-4943-9af9-6d3518c56f5c,f6959aba-abe6-4414-a493-f533fcc9b0ab,104,38.13,USD,20,5,2026-02-16,2025-11-30,dataset_fictif
371854b1-6877-46e6-ae27-969ff9296432,7a95f5a9-dbad-4e44-b6b2-a2dd3f6c31f1,105,21.58,USD,5,20,2026-03-02,2025-12-08,dataset_fictif
c51ecd63-2d4c-4aad-9c6b-2d48f1bf7a39,1a873014-f873-4054-894e-8bf644612067,105,22.06,USD,8,1,2026-09-20,2026-06-28,dataset_fictif
1b26efb2-e8f0-4057-99a7-736435959c0e,ea9c09fd-b9a0-475d-bc81-a35547b24556,105,22.36,USD,5,5,2025-10-25,2025-09-07,dataset_fictif
c558cb82-04a7-4fad-841e-2c19f9e913b9,5be21ce5-62b1-4728-8aa7-c1137266ce68,106,233.72,USD,25,50,2025-11-21,2025-10-13,dataset_fictif
f27aed07-d800-4190-9be8-f338df8bf7fb,5be21ce5-62b1-4728-8aa7-c1137266ce68,106,620117,CDF,13,5,2026-09-23,2026-07-26,dataset_fictif
f6a1d871-ef0a-41aa-a32e-bc60594db03a,5494dc42-ee22-4ee1-a74c-b4fc97439873,106,197.41,USD,5,1,2026-02-02,2025-11-05,dataset_fictif
9778ceb4-5611-4179-911a-45d3fc4675da,5de62164-c59b-4907-ae96-7a63b4cddbb2,107,6.97,USD,3,50,2026-11-25,2026-08-27,dataset_fictif
9999a804-38e2-4a08-b619-374dd531fca4,a60a399f-6dc2-43b0-86af-0b691911039a,107,26199,CDF,26,1,2026-09-24,2026-08-24,dataset_fictif
a6f71dbd-d2e0-4d2d-9097-e6fdfa6d5d2d,0d531816-c82c-4586-bfbc-4ebbe28b7d40,107,22846,CDF,9,1,2026-06-09,2026-04-16,dataset_fictif
3a1a7db2-aceb-4c4d-a4b3-5a15473624d0,0d531816-c82c-4586-bfbc-4ebbe28b7d40,107,7.34,USD,14,1,2026-09-30,2026-08-18,dataset_fictif
70eb3b30-d4e0-4e6e-a551-6dccada10715,2bfdf093-ad3c-481e-a90b-325afce73553,107,19226,CDF,5,5,2025-11-28,2025-08-31,dataset_fictif
ab84fc0d-014e-4fe4-bd3c-7f6956e1adf1,30b648e7-ced0-442b-bcd3-dda7eba08e81,107,7.17,USD,1,1,2026-10-12,2026-07-27,dataset_fictif
005671fa-f85c-4f93-b515-8f0a5f46238f,5be21ce5-62b1-4728-8aa7-c1137266ce68,107,33979,CDF,20,20,2026-02-11,2025-12-01,dataset_fictif
51fa4888-addb-42cc-af68-ba66432fc14c,845a7e7a-2509-41fe-80b2-7d1da505955b,108,539922,CDF,13,20,2026-03-31,2026-01-25,dataset_fictif
28613c45-05a3-41c0-a051-27ccbb73ae3a,33fc75f5-fb71-4328-834e-165d37140647,108,767668,CDF,12,10,2026-10-28,2026-07-30,dataset_fictif
b400efe9-b3c2-44a1-98c6-97b225045390,2bfdf093-ad3c-481e-a90b-325afce73553,108,158.95,USD,3,1,2026-05-04,2026-02-19,dataset_fictif
4ec89180-fb46-4254-bf4a-2146fddba860,2bfdf093-ad3c-481e-a90b-325afce73553,108,167.35,USD,5,5,2026-05-25,2026-04-09,dataset_fictif
8f23d1d8-6e0c-4159-a637-4bf4b096e20a,5be21ce5-62b1-4728-8aa7-c1137266ce68,108,227.67,USD,17,50,2026-04-01,2026-01-05,dataset_fictif
10387d15-6f82-4aa1-bad2-82d940eb8d01,afa25e1d-9614-4325-939a-28c9c516deaa,108,202.47,USD,7,1,2026-05-06,2026-04-01,dataset_fictif
958ded30-9d3a-4d8d-9488-3c00bb9bbee6,7b92bc34-7a3f-41ee-8916-2ec40d301890,108,211.9,USD,11,1,2026-05-25,2026-03-15,dataset_fictif
059b9053-e10f-4c0f-9962-40cc18fecdd8,5be21ce5-62b1-4728-8aa7-c1137266ce68,109,77.79,USD,24,50,2026-01-05,2025-11-27,dataset_fictif
754ea1c1-a734-412c-8bcb-f267582c55cf,edc06193-34c0-4385-9baa-404ab7a67986,109,175622,CDF,14,1,2026-10-11,2026-08-19,dataset_fictif
51e63f41-8016-4768-bfba-3a74ebeca77a,edc06193-34c0-4385-9baa-404ab7a67986,110,8.39,USD,8,1,2026-08-30,2026-07-21,dataset_fictif
81769063-653f-4559-be47-fed45bccd7af,5be21ce5-62b1-4728-8aa7-c1137266ce68,110,10.51,USD,23,20,2026-07-17,2026-06-07,dataset_fictif
29db067c-2e41-4070-b6c9-a837931b582a,845a7e7a-2509-41fe-80b2-7d1da505955b,110,7.78,USD,9,1,2025-12-25,2025-11-17,dataset_fictif
99a4ce6f-e2fb-49c5-be4b-e5836d3e39f7,5a131d9a-320b-4460-b554-997bcd47bfd0,110,8.2,USD,9,1,2026-02-25,2025-12-01,dataset_fictif
d20af99f-62a9-4e68-bd20-42b4dd2113a9,4c414f3e-f0f0-432a-8c5f-74b77ecb5828,110,10.03,USD,16,1,2026-08-19,2026-06-23,dataset_fictif
008d0173-5da9-4c44-a607-a92673bf5d6f,5494dc42-ee22-4ee1-a74c-b4fc97439873,110,8.49,USD,14,1,2026-01-20,2025-12-11,dataset_fictif
98f04dd4-5488-4e50-9e4c-1e0c2b89dfbb,afa25e1d-9614-4325-939a-28c9c516deaa,111,95.82,USD,13,5,2026-11-23,2026-08-30,dataset_fictif
e9621304-1e33-4cba-981b-c7434de74520,afa25e1d-9614-4325-939a-28c9c516deaa,111,97.85,USD,4,10,2026-01-14,2025-11-09,dataset_fictif
2d807d0c-5927-4291-b345-45667e24f599,5de62164-c59b-4907-ae96-7a63b4cddbb2,111,85.26,USD,5,5,2026-07-05,2026-05-19,dataset_fictif
ab1d8c3b-c5c3-4d98-8265-673b0784f5ab,5de62164-c59b-4907-ae96-7a63b4cddbb2,111,75.61,USD,4,10,2026-06-06,2026-03-26,dataset_fictif
19fdea0b-0990-4254-8622-77b79c1b59a5,a60a399f-6dc2-43b0-86af-0b691911039a,111,134.01,USD,20,20,2026-02-03,2025-12-27,dataset_fictif
35dd5d1f-d736-490b-8d0b-dbcfa3f2b8b7,833d445f-a8a6-41ba-9fde-63c65c37bdd3,111,122.22,USD,25,1,2026-01-16,2025-11-15,dataset_fictif
799b69a5-3420-473a-9be9-f3d219bd572a,14e13be0-90c7-4e0e-b6f8-9792e15ebc20,111,73.65,USD,1,5,2026-05-27,2026-03-24,dataset_fictif
31f9a66c-f8b5-419b-bd32-48bfe0f51d92,14e13be0-90c7-4e0e-b6f8-9792e15ebc20,111,79.33,USD,4,1,2026-09-04,2026-07-20,dataset_fictif
c1c407a9-0638-4f45-b4ad-0ec1078e2305,6ddb19c1-837f-43af-91b7-6335e905a1a2,112,141.2,USD,17,5,2026-08-28,2026-07-10,dataset_fictif
7481e09b-4b8f-48fc-9e29-73073099ab49,6ddb19c1-837f-43af-91b7-6335e905a1a2,112,135.77,USD,13,50,2026-10-14,2026-07-21,dataset_fictif
c86af0c5-e919-4b24-a4da-3d6e899ee1c5,5be21ce5-62b1-4728-8aa7-c1137266ce68,112,112.92,USD,25,1,2026-02-15,2025-12-08,dataset_fictif
41b4a82e-f23a-475b-bdda-41259c2c3b0f,5be21ce5-62b1-4728-8aa7-c1137266ce68,112,127.06,USD,18,5,2026-08-12,2026-05-15,dataset_fictif
83a7849b-3b26-4f65-8969-4bddf4222f98,4c414f3e-f0f0-432a-8c5f-74b77ecb5828,112,134.77,USD,11,1,2026-07-14,2026-05-31,dataset_fictif
ecc34150-c3eb-4eef-88ba-9aad43615b71,d12c1c4b-c6e6-42fa-8a67-917383e19cdb,113,57611,CDF,14,50,2026-04-27,2026-02-12,dataset_fictif
9f64166d-22ee-4569-81d6-bb66f07b17f6,d12c1c4b-c6e6-42fa-8a67-917383e19cdb,113,55029,CDF,9,50,2026-05-19,2026-02-27,dataset_fictif
e4bf9014-ec24-43f9-8411-9be2ea11410b,a8752895-2aeb-4978-9f7b-cef9caecf1e6,113,26.61,USD,26,10,2025-10-15,2025-09-12,dataset_fictif
a2a1c940-3186-446d-af85-20d132e49c4f,7b92bc34-7a3f-41ee-8916-2ec40d301890,113,19.38,USD,14,20,2026-09-14,2026-07-10,dataset_fictif
27dbfe0d-ec38-4cdb-b05c-c8bd00acc106,7b92bc34-7a3f-41ee-8916-2ec40d301890,113,18.56,USD,14,20,2026-04-29,2026-02-12,dataset_fictif
7d1fbc1e-0b71-442b-9c43-7c7c527d33e7,c63d80ac-cb95-4bcc-a75a-1812b8f14a40,113,13.96,USD,7,1,2026-08-05,2026-06-03,dataset_fictif
bcb94572-4732-4e31-b4d2-078b7babab32,5494dc42-ee22-4ee1-a74c-b4fc97439873,113,21.88,USD,8,20,2026-06-11,2026-04-14,dataset_fictif
6ee80496-c203-485e-adc3-d9aa7ab7f1f0,5494dc42-ee22-4ee1-a74c-b4fc97439873,113,19.23,USD,7,1,2026-05-09,2026-02-25,dataset_fictif
667cfaf3-2bc3-4eb6-97d9-1a5b4e58c9bd,c63d80ac-cb95-4bcc-a75a-1812b8f14a40,114,13.44,USD,3,1,2026-10-02,2026-07-24,dataset_fictif
20f43ac3-edb9-4b86-bcb4-1abff0898dc3,c63d80ac-cb95-4bcc-a75a-1812b8f14a40,114,14.16,USD,1,5,2025-11-23,2025-10-05,dataset_fictif
9d4f07a3-f790-40de-8c52-20a5729ada44,2bfdf093-ad3c-481e-a90b-325afce73553,114,38043,CDF,6,10,2026-08-29,2026-06-30,dataset_fictif
b400352d-8e7d-461e-ac32-93d520f045ad,2bfdf093-ad3c-481e-a90b-325afce73553,114,12.94,USD,3,1,2026-03-28,2026-01-31,dataset_fictif
81ced0cd-dec6-467f-b3bb-e1f5524e3466,4c414f3e-f0f0-432a-8c5f-74b77ecb5828,114,19.92,USD,28,20,2026-01-16,2025-12-01,dataset_fictif
cbb952cf-7efc-40ac-bae9-514725aef8e4,4c414f3e-f0f0-432a-8c5f-74b77ecb5828,114,54481,CDF,29,20,2026-09-01,2026-07-28,dataset_fictif
acf4c3bb-c998-4ccc-bf91-0412328634b9,14e13be0-90c7-4e0e-b6f8-9792e15ebc20,114,12.04,USD,4,5,2026-06-07,2026-05-01,dataset_fictif
a6a69831-5e81-455f-a456-f85362142eba,ce8c11a2-7764-4c69-9d3d-6efc6283c1a9,114,11.98,USD,3,20,2026-04-03,2026-01-06,dataset_fictif
99285515-6ae9-4de6-adea-22b6348243b1,30b648e7-ced0-442b-bcd3-dda7eba08e81,115,870.79,USD,2,1,2026-08-25,2026-05-28,dataset_fictif
9d0103bf-553c-45e7-b868-fbacf5e12ef9,ce8c11a2-7764-4c69-9d3d-6efc6283c1a9,115,749.99,USD,6,20,2026-03-14,2025-12-27,dataset_fictif
4bcf35ad-37c8-4672-860f-31e833a36680,e9e5c7af-5072-48f7-a4fc-11c95b71994c,115,965,USD,12,20,2026-07-19,2026-04-27,dataset_fictif
3e145893-5bb5-4864-b4c9-7043a8346cb7,d6e548ef-bc03-4a1f-b3b5-8e0c168b19ca,115,885.17,USD,5,20,2026-03-20,2026-01-25,dataset_fictif
135d83bf-9b90-434f-86ed-f3b1abddef29,9a6f40c5-41c3-4f2b-a7ab-e42a48773101,116,197.57,USD,2,5,2026-06-17,2026-05-04,dataset_fictif
668f5838-39f7-4171-af58-d336b2f205c3,9a6f40c5-41c3-4f2b-a7ab-e42a48773101,116,210.92,USD,6,50,2026-06-28,2026-05-19,dataset_fictif
b2ef6c3f-cde5-4ed8-8c84-2c9f779dc401,b333e8aa-ad18-4abf-9c53-9ace926a283b,116,254.56,USD,10,1,2026-01-05,2025-10-16,dataset_fictif
28a5ae5a-0b04-43f2-ad60-5c1931abe807,9a24fb50-00fd-415d-9cf4-263b606218e0,116,220.35,USD,7,1,2025-11-06,2025-09-07,dataset_fictif
fd2262fb-6beb-47ba-b000-392af5ece336,53ed2c7c-db6b-44bc-97dc-41f2e27a58af,116,235.8,USD,7,10,2026-05-07,2026-04-05,dataset_fictif
379f32be-aad4-4fb6-b6d0-f63e059038d9,a7f6214b-f04a-4da5-8ca0-520e1ea9e472,117,1059,USD,5,5,2025-12-02,2025-09-20,dataset_fictif
2cb27dbb-fc14-4b3c-bd4c-8a9ab499db69,a7f6214b-f04a-4da5-8ca0-520e1ea9e472,117,2613308,CDF,5,20,2026-03-04,2025-12-31,dataset_fictif
6da052b3-1631-4046-b6d2-87c3fe4829ab,30b648e7-ced0-442b-bcd3-dda7eba08e81,117,847.05,USD,3,1,2026-03-08,2026-01-10,dataset_fictif
9ce21e72-b0c6-41f6-938f-5f892d2d1740,c594d23a-fd74-4e3b-877c-79b8f4c6139d,117,983.73,USD,12,10,2026-07-30,2026-06-28,dataset_fictif
10ebdcb1-5378-4ae2-a98c-647856bd2156,e62c2c04-1277-440a-8b88-e465e31f7939,118,162.48,USD,2,20,2026-04-12,2026-02-07,dataset_fictif
9558b507-69fb-442f-ab5a-c98122092d6f,e62c2c04-1277-440a-8b88-e465e31f7939,118,127.44,USD,2,1,2025-12-12,2025-09-14,dataset_fictif
2f73823e-6ed1-4ffe-b680-9268462e16fc,a7f6214b-f04a-4da5-8ca0-520e1ea9e472,118,182.28,USD,7,50,2026-06-16,2026-05-16,dataset_fictif
cfd8cddd-cee6-4259-a12a-3ac4c5f602ed,9bb3c213-0e9d-45eb-8a53-e57212022972,118,156.23,USD,3,50,2026-02-14,2025-11-25,dataset_fictif
5645f21e-373b-4ae9-b879-ca3d999c1fd7,9bb3c213-0e9d-45eb-8a53-e57212022972,118,150.32,USD,1,20,2026-05-02,2026-03-28,dataset_fictif
8696b7e3-db55-4024-9550-96f4b1397cb7,c594d23a-fd74-4e3b-877c-79b8f4c6139d,118,179.67,USD,7,1,2026-09-02,2026-07-17,dataset_fictif
0af2c7d5-1731-4c6e-ae99-c574c0348f78,38d5069e-3dbd-485e-86b7-ecbb8bbd2207,118,250.12,USD,11,10,2026-06-08,2026-04-07,dataset_fictif
fed27271-cd4d-4bcd-b015-b2137a523d3d,9a24fb50-00fd-415d-9cf4-263b606218e0,118,195.66,USD,9,1,2026-06-07,2026-04-05,dataset_fictif
7b341f4c-1ff7-481a-b8ac-c11e9950ac65,9a24fb50-00fd-415d-9cf4-263b606218e0,118,161.97,USD,4,5,2025-12-04,2025-10-13,dataset_fictif
766f09c2-280f-4842-b24f-d4abbde0ce91,1ddae68a-860d-4f23-9aca-415d47393a0f,119,71.72,USD,6,10,2026-07-06,2026-04-25,dataset_fictif
89f1b35b-2d0f-402d-8cf0-e1b00984c9bf,30b648e7-ced0-442b-bcd3-dda7eba08e81,119,69.97,USD,7,1,2026-09-17,2026-08-08,dataset_fictif
2041d916-6ce7-4d72-a3df-f0cafd45764d,d6e548ef-bc03-4a1f-b3b5-8e0c168b19ca,119,58.7,USD,2,1,2026-01-11,2025-10-19,dataset_fictif
d8d1cdfc-6e42-4d3b-b922-f3df02b55ef5,a7f6214b-f04a-4da5-8ca0-520e1ea9e472,120,752.31,USD,13,5,2026-10-12,2026-08-07,dataset_fictif
bec0391a-91ec-425c-b1a2-cb7fd71757e9,e62c2c04-1277-440a-8b88-e465e31f7939,120,689.35,USD,4,1,2025-11-27,2025-09-21,dataset_fictif
f7accfc1-d59a-4a8e-8575-c08c0c7f05ba,14e13be0-90c7-4e0e-b6f8-9792e15ebc20,120,1872034,CDF,4,20,2026-09-18,2026-07-12,dataset_fictif
da164af8-6742-489a-bacc-7412c544ad62,14e13be0-90c7-4e0e-b6f8-9792e15ebc20,120,685.01,USD,5,1,2026-07-25,2026-05-03,dataset_fictif
e3f69ea8-ba05-4609-b788-deb1d5f9bce2,7a95f5a9-dbad-4e44-b6b2-a2dd3f6c31f1,120,701.79,USD,9,20,2026-04-01,2026-02-26,dataset_fictif
99c0de82-2ae0-49b6-8363-c053406cef94,30b648e7-ced0-442b-bcd3-dda7eba08e81,121,1445946,CDF,1,20,2026-04-28,2026-02-08,dataset_fictif
e1d42af0-d7a4-4458-a8e1-011d4105ed4b,b333e8aa-ad18-4abf-9c53-9ace926a283b,121,668.05,USD,14,1,2026-09-08,2026-06-20,dataset_fictif
cc03e36a-513a-4714-9444-3c58fbb6a8b2,65c02af0-837c-45f5-91bd-6ad4308cb818,122,2982540,CDF,8,10,2026-10-21,2026-08-03,dataset_fictif
e7526186-d6c7-4e17-a0eb-34628cbc105b,1ddae68a-860d-4f23-9aca-415d47393a0f,122,2724431,CDF,6,10,2026-04-05,2026-01-31,dataset_fictif
760350fd-4656-4c78-a361-17daa18f06cf,1ddae68a-860d-4f23-9aca-415d47393a0f,122,1017.42,USD,6,50,2026-01-04,2025-11-30,dataset_fictif
67932359-2c1b-4659-8dfe-66ac691046fa,b333e8aa-ad18-4abf-9c53-9ace926a283b,123,402.48,USD,6,20,2026-06-09,2026-04-27,dataset_fictif
29693373-ef43-4486-9260-91b0c0c9fc21,a7f6214b-f04a-4da5-8ca0-520e1ea9e472,123,504.85,USD,4,1,2026-05-01,2026-02-20,dataset_fictif
2388acfb-c687-480a-9c21-82d8ab22cd3c,53ed2c7c-db6b-44bc-97dc-41f2e27a58af,123,499.67,USD,6,20,2026-11-03,2026-08-15,dataset_fictif
87e04e83-d73c-4680-82c2-34d85ef06840,65c02af0-837c-45f5-91bd-6ad4308cb818,123,1117439,CDF,13,10,2026-06-27,2026-05-10,dataset_fictif
23bb89d2-e219-4507-a19c-e0bb7fb17df5,65c02af0-837c-45f5-91bd-6ad4308cb818,123,426.27,USD,8,5,2026-05-29,2026-04-20,dataset_fictif
3dc9b7b5-8156-430d-8995-c555260a81bc,d6e548ef-bc03-4a1f-b3b5-8e0c168b19ca,123,375.92,USD,4,1,2026-07-11,2026-04-26,dataset_fictif
261b2f82-4b95-4953-a165-9a9e187c5f0f,14e13be0-90c7-4e0e-b6f8-9792e15ebc20,123,371.27,USD,2,1,2026-05-15,2026-03-02,dataset_fictif
cddcb5d3-8f0a-43ec-ad0f-3fd59f9c8594,14e13be0-90c7-4e0e-b6f8-9792e15ebc20,123,395.92,USD,6,5,2026-07-15,2026-05-09,dataset_fictif
0be2ba3d-660e-477d-b0a1-b69ec5736d1e,9a24fb50-00fd-415d-9cf4-263b606218e0,124,333.98,USD,15,20,2026-07-29,2026-06-28,dataset_fictif
b60ba262-23f5-47d9-896f-cd0e40831209,a7f6214b-f04a-4da5-8ca0-520e1ea9e472,124,335.4,USD,15,10,2026-04-22,2026-03-23,dataset_fictif
31e6c0db-80d7-4acd-a485-42b618510d4e,53ed2c7c-db6b-44bc-97dc-41f2e27a58af,124,286.46,USD,14,20,2026-03-02,2025-12-02,dataset_fictif
02a01ba5-31eb-4af0-8331-185478288d9b,38d5069e-3dbd-485e-86b7-ecbb8bbd2207,124,406.82,USD,27,50,2026-08-17,2026-07-01,dataset_fictif
ddc7997c-c745-4623-a9b2-dba35492e2eb,38d5069e-3dbd-485e-86b7-ecbb8bbd2207,124,450.24,USD,28,10,2025-12-01,2025-10-16,dataset_fictif
6d06974c-d443-45aa-9ce3-52d85f90d74d,14e13be0-90c7-4e0e-b6f8-9792e15ebc20,124,270.83,USD,5,10,2025-12-21,2025-09-25,dataset_fictif
194d42be-c6cf-4baf-8fee-6975eb13655a,14e13be0-90c7-4e0e-b6f8-9792e15ebc20,124,249.07,USD,1,5,2026-11-04,2026-08-30,dataset_fictif
d26d0bff-9833-4770-a304-e530443303ad,d6e548ef-bc03-4a1f-b3b5-8e0c168b19ca,124,236.38,USD,6,1,2026-04-28,2026-02-27,dataset_fictif
e6f942bc-d2e1-41a4-9b00-9960fd018ef8,5b91061a-7430-4127-a4d5-a578817c0d7c,125,28.22,USD,5,1,2025-11-15,2025-09-24,dataset_fictif
cf3a3989-db22-4611-aa03-fb8e7165e90e,5b91061a-7430-4127-a4d5-a578817c0d7c,125,80776,CDF,1,1,2026-09-03,2026-06-15,dataset_fictif
34afb0ed-08da-4949-8ee8-912560456550,ddb507c6-7c41-4027-bf46-dee06e458cb7,125,28.64,USD,6,1,2026-09-07,2026-07-04,dataset_fictif
83a75c19-158d-44f8-bb09-0f589ee6b09c,ddb507c6-7c41-4027-bf46-dee06e458cb7,125,26.58,USD,1,50,2026-08-13,2026-06-11,dataset_fictif
5447fdf1-7a8b-4bf0-acf0-32257f131521,53ed2c7c-db6b-44bc-97dc-41f2e27a58af,125,35.41,USD,13,10,2026-09-04,2026-06-10,dataset_fictif
72d30b4d-ea9f-4ee0-880b-61d190ec44fb,53ed2c7c-db6b-44bc-97dc-41f2e27a58af,125,33.52,USD,11,20,2026-05-03,2026-02-11,dataset_fictif
ad1eed37-ae44-47ce-bad7-c4c0416b540c,9f9edf6f-deea-4916-baa9-bd33204ad5ab,125,30.25,USD,6,10,2026-01-07,2025-10-29,dataset_fictif
f678e569-c654-4669-bc91-d3f9ac03bcdb,f60eac5c-0c9f-4c5f-9b76-c268e04d77ba,125,27.26,USD,2,5,2026-09-25,2026-07-27,dataset_fictif
5ec44622-bbe6-4ed3-b11a-f216921abfc2,f60eac5c-0c9f-4c5f-9b76-c268e04d77ba,126,5.3,USD,1,5,2026-04-17,2026-02-25,dataset_fictif
05260763-f8ad-43c7-92a1-d1ebb529d8ea,a7f6214b-f04a-4da5-8ca0-520e1ea9e472,126,6.69,USD,13,1,2026-03-20,2026-01-18,dataset_fictif
8fcf34af-dd5a-43b5-a415-abaa604af085,387413d8-2f51-4f7e-9c4d-d483caa3d19d,126,5.93,USD,13,50,2025-12-25,2025-10-16,dataset_fictif
bd7817da-68df-4ba3-b9f4-3991fc2ea505,5b5cb032-bcb4-4e20-9df6-1e0e66b4f0d6,126,19971,CDF,15,5,2026-09-09,2026-07-18,dataset_fictif
4daf0e3c-9d76-47b8-9c2d-b5ecf3d32e33,312ae8a1-1e93-47d8-84fe-7dd909b0e00d,126,5.46,USD,15,1,2026-10-19,2026-08-30,dataset_fictif
8522612a-05ec-40e3-88ec-51b023ae98ba,d2e0a39b-31b3-4c7e-98cc-450466fb6a32,126,4.82,USD,3,50,2026-10-22,2026-08-01,dataset_fictif
9de1cb4f-2c54-44af-84f8-2863fb368a20,822a4728-f57f-4877-a54b-af8a3b060c70,127,53.18,USD,15,10,2026-07-23,2026-06-23,dataset_fictif
dd5a4d7d-630b-44ea-948e-431dcafe182a,f277c2c1-bc3c-47b9-a164-dba979311684,127,50.47,USD,9,20,2026-03-27,2026-02-18,dataset_fictif
924ce301-b151-4e0d-8662-3f95f8920d8b,f277c2c1-bc3c-47b9-a164-dba979311684,127,49.7,USD,10,5,2026-07-10,2026-06-01,dataset_fictif
ba086c01-c31d-43f7-810f-1fe9a37332dd,9f9edf6f-deea-4916-baa9-bd33204ad5ab,127,135173,CDF,5,5,2026-06-22,2026-03-28,dataset_fictif
dc34d83b-d0b9-4ae7-83bb-f7aeddc1cd11,ddb507c6-7c41-4027-bf46-dee06e458cb7,127,108765,CDF,1,10,2025-10-09,2025-08-31,dataset_fictif
b046d0b7-2629-486e-84e0-f3ad80149277,ddb507c6-7c41-4027-bf46-dee06e458cb7,127,103497,CDF,6,5,2026-02-10,2025-11-25,dataset_fictif
139002fe-a0fe-4810-955a-d741c5be3e7e,0e0a982e-e2d6-401b-b86c-9af6ccb63233,127,45.77,USD,5,50,2025-12-31,2025-11-10,dataset_fictif
db1401c1-72f6-4c7d-861a-5e9f29067b95,50c1784a-9dd7-49d3-a367-b49e81d4fcc9,128,24.7,USD,2,5,2025-11-29,2025-09-02,dataset_fictif
58ca72f4-4e3b-4651-9bc6-8aae55a014fa,d2e0a39b-31b3-4c7e-98cc-450466fb6a32,128,74933,CDF,6,1,2026-08-04,2026-06-03,dataset_fictif
f3f83601-e85b-4451-85ac-de3db5f2a2f2,d2e0a39b-31b3-4c7e-98cc-450466fb6a32,128,22.42,USD,1,50,2026-05-25,2026-04-03,dataset_fictif
acc9eb21-1bdb-4fed-a11e-0523d83049fa,a7f6214b-f04a-4da5-8ca0-520e1ea9e472,128,29.02,USD,15,1,2026-08-08,2026-06-23,dataset_fictif
bc30d808-d103-4b51-9f8b-312164443dd2,9f9edf6f-deea-4916-baa9-bd33204ad5ab,128,90599,CDF,10,1,2025-12-21,2025-11-21,dataset_fictif
ce487595-0d2c-470e-9719-bf44e9b01947,53ed2c7c-db6b-44bc-97dc-41f2e27a58af,128,26.38,USD,8,1,2026-09-29,2026-08-14,dataset_fictif
eee83e3c-a538-4f19-88bf-590cbeef7bec,53ed2c7c-db6b-44bc-97dc-41f2e27a58af,128,32.42,USD,11,50,2025-10-17,2025-09-13,dataset_fictif
63ad22b9-6e9c-41f7-b5c7-944637708afd,312ae8a1-1e93-47d8-84fe-7dd909b0e00d,128,32.13,USD,11,1,2026-09-20,2026-06-26,dataset_fictif
adc52ec5-c269-4210-bc27-6ec49348fe97,312ae8a1-1e93-47d8-84fe-7dd909b0e00d,129,25.02,USD,14,50,2025-11-13,2025-08-31,dataset_fictif
680674bd-0c50-4ccf-8241-5b73dcd2cdc0,4c414f3e-f0f0-432a-8c5f-74b77ecb5828,129,27.19,USD,20,20,2026-03-15,2026-01-11,dataset_fictif
91c57bde-f6bb-4bdb-8d5c-071e4f8ef27f,4c414f3e-f0f0-432a-8c5f-74b77ecb5828,129,26.62,USD,11,5,2026-05-02,2026-03-05,dataset_fictif
4e8720e8-1956-4748-896e-7eb5298ba7d8,387413d8-2f51-4f7e-9c4d-d483caa3d19d,129,60882,CDF,15,1,2025-12-20,2025-10-13,dataset_fictif
5c41e8f5-1a85-4f73-801d-350e07a8cae1,d2e0a39b-31b3-4c7e-98cc-450466fb6a32,129,54390,CDF,4,20,2026-04-15,2026-03-06,dataset_fictif
f7717502-b2a0-47ab-b418-7230f98c35a6,a7f6214b-f04a-4da5-8ca0-520e1ea9e472,129,23.36,USD,7,1,2026-05-15,2026-03-27,dataset_fictif
49a01a17-3b71-4f1c-8621-548ffe54675e,a7f6214b-f04a-4da5-8ca0-520e1ea9e472,129,27.16,USD,13,1,2026-03-28,2026-01-14,dataset_fictif
6861cfd2-c55f-4143-a394-b54a38b66804,5b91061a-7430-4127-a4d5-a578817c0d7c,130,16.02,USD,2,5,2026-03-15,2025-12-16,dataset_fictif
80cc10f1-2536-4e9c-97f2-aac071d8b9e2,0e0a982e-e2d6-401b-b86c-9af6ccb63233,130,15.95,USD,5,1,2026-02-10,2025-12-02,dataset_fictif
eb22674f-4aa5-4856-9186-088838829a4d,0e0a982e-e2d6-401b-b86c-9af6ccb63233,130,15.38,USD,1,10,2026-07-23,2026-05-18,dataset_fictif
a051a1cc-89aa-4483-b046-c2c6ca083a5c,387413d8-2f51-4f7e-9c4d-d483caa3d19d,130,20.89,USD,11,10,2026-07-06,2026-04-20,dataset_fictif
9344df6d-0b3e-400d-b58e-af6e9440b040,822a4728-f57f-4877-a54b-af8a3b060c70,130,16.95,USD,11,50,2026-07-29,2026-05-28,dataset_fictif
2c1d8f7b-f8c2-490e-8676-fda2a6167042,4c414f3e-f0f0-432a-8c5f-74b77ecb5828,130,77821,CDF,21,10,2026-01-06,2025-10-20,dataset_fictif
e411f5e5-ba32-44b6-8ff8-c4399383ac84,4c414f3e-f0f0-432a-8c5f-74b77ecb5828,130,24.44,USD,28,10,2026-04-12,2026-01-23,dataset_fictif
5dba2ee9-258e-4d09-96d8-930e41779c07,a7f6214b-f04a-4da5-8ca0-520e1ea9e472,130,51239,CDF,15,5,2026-10-13,2026-08-24,dataset_fictif
ce29ca4f-32aa-4448-b858-11d14ce1ad75,5b91061a-7430-4127-a4d5-a578817c0d7c,131,48.1,USD,2,10,2026-06-14,2026-05-05,dataset_fictif
78714188-31da-47dd-9014-c0818c82a750,f60eac5c-0c9f-4c5f-9b76-c268e04d77ba,131,130278,CDF,2,20,2026-10-23,2026-08-15,dataset_fictif
80b37f87-3744-44c9-8b78-173a0e69d14c,f60eac5c-0c9f-4c5f-9b76-c268e04d77ba,131,122608,CDF,2,5,2026-09-11,2026-06-19,dataset_fictif
c8e3e132-0ef8-423f-b458-7c9f370f0ca2,387413d8-2f51-4f7e-9c4d-d483caa3d19d,131,51.66,USD,9,20,2026-02-27,2025-12-12,dataset_fictif
ad842f55-0e1f-4ba2-a603-d1c44e4e19c9,d2e0a39b-31b3-4c7e-98cc-450466fb6a32,131,51,USD,5,20,2026-09-09,2026-07-25,dataset_fictif
f6826d3e-10a1-4eba-90b3-e906a4eb6c3a,822a4728-f57f-4877-a54b-af8a3b060c70,131,55.76,USD,5,50,2026-05-29,2026-03-20,dataset_fictif
a8fb63fc-f167-49ab-9a18-20e1391ced70,4c414f3e-f0f0-432a-8c5f-74b77ecb5828,131,72.44,USD,29,10,2026-09-12,2026-07-04,dataset_fictif
15533f40-be7e-4ebb-8223-95290f3f19a4,53ed2c7c-db6b-44bc-97dc-41f2e27a58af,132,19.48,USD,11,5,2026-07-24,2026-06-03,dataset_fictif
09db17a5-b43d-4dfe-b2d8-21e9985ef511,53ed2c7c-db6b-44bc-97dc-41f2e27a58af,132,20.44,USD,10,5,2026-04-21,2026-01-30,dataset_fictif
b9c58f8f-3da4-4d18-921a-9342987aee1d,822a4728-f57f-4877-a54b-af8a3b060c70,132,60109,CDF,5,50,2025-12-19,2025-11-04,dataset_fictif
8779c4a7-3762-40e7-8f65-6788d449b23d,50c1784a-9dd7-49d3-a367-b49e81d4fcc9,132,17.98,USD,2,50,2026-07-18,2026-04-26,dataset_fictif
54356e8a-dc10-4782-9e0a-fd8f08b37933,50c1784a-9dd7-49d3-a367-b49e81d4fcc9,132,15.47,USD,1,10,2026-09-25,2026-07-12,dataset_fictif
9eeea6cb-3cb0-49e2-8a85-bd91b7625d45,387413d8-2f51-4f7e-9c4d-d483caa3d19d,132,19.53,USD,6,10,2026-05-10,2026-03-17,dataset_fictif
bb7c1717-3341-4089-aa90-d554e6bed00c,387413d8-2f51-4f7e-9c4d-d483caa3d19d,132,21.57,USD,9,10,2026-09-10,2026-07-04,dataset_fictif
461976db-dbe7-4cc8-b140-05c9514442d8,ddb507c6-7c41-4027-bf46-dee06e458cb7,132,15.75,USD,5,1,2026-01-25,2025-12-03,dataset_fictif
9456f835-fcef-4d54-96ee-3e8c333c8652,ddb507c6-7c41-4027-bf46-dee06e458cb7,133,11.83,USD,4,5,2026-05-18,2026-03-31,dataset_fictif
4cd38c94-54a4-41c1-ad8c-25e7a1a894b3,ddb507c6-7c41-4027-bf46-dee06e458cb7,133,12.3,USD,4,5,2025-10-26,2025-09-05,dataset_fictif
c76a1d96-912a-464f-b144-aa92463f29b0,5b5cb032-bcb4-4e20-9df6-1e0e66b4f0d6,133,19.02,USD,26,20,2026-02-20,2025-12-02,dataset_fictif
2b66ab2f-0dfb-496b-a671-ed3f4d06835e,50c1784a-9dd7-49d3-a367-b49e81d4fcc9,133,31378,CDF,6,10,2026-07-14,2026-05-08,dataset_fictif
324953ec-f983-44fe-9ee8-da21ee2e9d89,50c1784a-9dd7-49d3-a367-b49e81d4fcc9,133,10.55,USD,7,50,2026-05-13,2026-04-04,dataset_fictif
b49fba3e-78ed-43e3-a8b0-f5305fa3bada,387413d8-2f51-4f7e-9c4d-d483caa3d19d,133,15.86,USD,7,50,2025-11-11,2025-09-26,dataset_fictif
82789759-2294-4d36-bd78-308edb541358,387413d8-2f51-4f7e-9c4d-d483caa3d19d,133,14.57,USD,11,1,2026-05-27,2026-04-25,dataset_fictif
bddf9b2b-24de-4b58-99b9-f5669ebadec4,0e0a982e-e2d6-401b-b86c-9af6ccb63233,134,20.61,USD,3,50,2026-09-01,2026-06-10,dataset_fictif
29d41361-72d1-4270-9bad-5e58e59c48b5,0e0a982e-e2d6-401b-b86c-9af6ccb63233,134,22.94,USD,4,10,2026-08-24,2026-07-24,dataset_fictif
11af5be4-a767-49ed-b7fe-332b662d8242,5b91061a-7430-4127-a4d5-a578817c0d7c,134,20.54,USD,3,50,2026-05-13,2026-03-19,dataset_fictif
85e3405d-4343-4541-8e82-8468f826ccf4,312001eb-b07b-4489-a048-16c8b02784fe,135,250.43,USD,4,10,2026-01-11,2025-10-24,dataset_fictif
85c1974d-78d4-41e1-aa96-93ceecb82aca,94a69aa3-865f-4c60-b54b-595ed610efe7,135,331.86,USD,5,1,2026-01-27,2025-12-14,dataset_fictif
47e3d7aa-9310-47cb-a7cf-45e286ab4730,bd78e129-6007-46b3-89c4-44bf91d38bc2,136,854062,CDF,6,5,2026-09-16,2026-07-19,dataset_fictif
284c8e38-2467-4c52-8e84-183a8d58f668,bd78e129-6007-46b3-89c4-44bf91d38bc2,136,291.87,USD,4,5,2026-08-29,2026-06-10,dataset_fictif
29166ebb-b6a0-4153-a256-4aac10d217f8,33fc75f5-fb71-4328-834e-165d37140647,136,392.65,USD,24,1,2026-07-12,2026-06-01,dataset_fictif
2cfe7629-6a86-4dd7-a045-688c0d5da5b6,f70162d2-4a8d-4d4d-9446-bb766f3e1c37,136,302.56,USD,14,1,2026-06-11,2026-03-30,dataset_fictif
0d147e3c-e234-4698-b0cd-49cddeefe810,f70162d2-4a8d-4d4d-9446-bb766f3e1c37,136,267.1,USD,7,5,2026-07-30,2026-06-24,dataset_fictif
7fe2a705-aba8-42a2-b942-3d0d57471221,232eb202-5f79-4535-a0c6-04314b19685c,137,395.22,USD,4,1,2026-10-08,2026-07-20,dataset_fictif
89c3a531-e3e6-4ba2-b441-67a36db511d8,33fc75f5-fb71-4328-834e-165d37140647,137,479.65,USD,11,10,2025-12-08,2025-09-24,dataset_fictif
b4a5205e-4479-4c01-8e64-5af4f41189bd,98ac7ba3-6167-4556-81bd-92b16919c9ca,138,157.77,USD,3,1,2026-03-12,2026-01-19,dataset_fictif
dc3a941e-2750-48ee-8e5a-5d8f84b7627a,98ac7ba3-6167-4556-81bd-92b16919c9ca,138,180.98,USD,7,1,2025-12-04,2025-10-31,dataset_fictif
e7574838-71d8-41e3-b3b5-091ac622ccba,7ba3e208-0af4-4e72-ad44-8158cc01b6c4,138,239.24,USD,19,5,2026-10-14,2026-08-01,dataset_fictif
0f0017b7-57ac-4789-baa3-3b13b17f1096,7ba3e208-0af4-4e72-ad44-8158cc01b6c4,138,304.49,USD,13,20,2025-12-14,2025-10-27,dataset_fictif
2386272e-0419-4c7a-9c8b-e1d3d462aed0,f70162d2-4a8d-4d4d-9446-bb766f3e1c37,138,534205,CDF,9,10,2026-09-08,2026-06-22,dataset_fictif
cc0d2aa2-c416-428a-9d08-a5d8800cc262,87d82af0-297c-48d8-b9bb-0d0df1927534,138,295.81,USD,17,1,2026-02-28,2025-12-16,dataset_fictif
365f7c13-4e40-4ddf-a554-339af963cf1b,87d82af0-297c-48d8-b9bb-0d0df1927534,138,232.5,USD,19,50,2026-02-15,2026-01-02,dataset_fictif
ac1b43cb-67c1-47ea-bf8a-23df6048b276,cf511785-f907-4baa-9600-cc29a8d369e7,139,32.26,USD,3,20,2025-11-06,2025-09-02,dataset_fictif
f729133a-3687-4f9d-aa67-a2e077757ca9,a42c50e1-e7d1-4a84-95a4-095680d78ab4,139,36.23,USD,12,50,2026-03-08,2026-01-20,dataset_fictif
80f7c483-b01e-4578-beef-aff80cf2f3ca,7b92bc34-7a3f-41ee-8916-2ec40d301890,139,32.31,USD,9,1,2026-09-06,2026-08-02,dataset_fictif
9ba9666b-5267-475e-ae62-fa0456fa5ebc,7b92bc34-7a3f-41ee-8916-2ec40d301890,139,41.1,USD,12,20,2025-12-04,2025-10-26,dataset_fictif
02adab74-e455-412b-91b0-1e33d71083fb,bc5b55fa-f576-4627-a4df-94b9c031ffc3,139,27.06,USD,3,20,2026-01-06,2025-11-02,dataset_fictif
4e863074-5795-433f-a43a-3a87a3f6d616,bc5b55fa-f576-4627-a4df-94b9c031ffc3,139,80589,CDF,6,10,2026-03-09,2026-01-12,dataset_fictif
a543134d-38a9-4b7f-830f-9eb6b856d4dd,5be21ce5-62b1-4728-8aa7-c1137266ce68,139,46.58,USD,18,20,2026-08-20,2026-06-27,dataset_fictif
1a7fb165-3b20-4414-9602-40b746a1ed61,f9d0244f-b0de-4cb4-9ae4-55a44b4abb74,140,245.32,USD,20,20,2026-02-04,2025-12-19,dataset_fictif
fd481b89-4016-4eaf-a44f-8b0f578ddb08,c4e0701e-3e92-47c1-8df5-3b6a15b8f13d,140,153.9,USD,13,10,2026-01-31,2025-12-20,dataset_fictif
94387143-1d8e-4e7c-befc-dfca92801a1e,556076a7-4eaa-4ff0-aee1-103e2fb43bb9,140,122.11,USD,6,10,2026-03-07,2025-12-27,dataset_fictif
2701d07f-71cb-4cbe-afa3-1378fa59ffe7,afa25e1d-9614-4325-939a-28c9c516deaa,141,146.12,USD,15,5,2026-04-14,2026-03-01,dataset_fictif
2ebe422e-5113-46a6-ad63-ca45d5ee75d1,ab8fb3bc-bd18-4f72-8155-d44cabad14e2,141,142.78,USD,6,50,2026-04-08,2026-02-24,dataset_fictif
ac8405bf-6c79-4172-8520-479751067e17,30b648e7-ced0-442b-bcd3-dda7eba08e81,141,109.95,USD,1,1,2025-12-20,2025-09-27,dataset_fictif
a9fc4ff9-b6bb-4554-9ab6-6e45ba8548d0,f70162d2-4a8d-4d4d-9446-bb766f3e1c37,141,135.64,USD,15,1,2026-07-25,2026-05-04,dataset_fictif
8555c6bb-48b2-47bf-aa83-5963ba723d28,a42c50e1-e7d1-4a84-95a4-095680d78ab4,142,56.78,USD,7,50,2026-07-26,2026-05-14,dataset_fictif
9df2aa0d-3768-4669-9308-b6c56be9d819,a42c50e1-e7d1-4a84-95a4-095680d78ab4,142,63.9,USD,4,10,2026-01-29,2025-12-10,dataset_fictif
8a79eae9-7107-4c92-bc13-d2f9b35db778,87d82af0-297c-48d8-b9bb-0d0df1927534,142,75.02,USD,11,1,2026-02-24,2025-12-17,dataset_fictif
dc53df0a-67f0-4de7-acfb-7056fc44056b,87d82af0-297c-48d8-b9bb-0d0df1927534,142,208731,CDF,17,20,2026-09-01,2026-07-10,dataset_fictif
bdf8e715-07e4-456c-88bf-0f5c83b08955,bc5b55fa-f576-4627-a4df-94b9c031ffc3,142,52.9,USD,5,1,2026-11-09,2026-08-28,dataset_fictif
eaabfb68-7c2c-4aad-9308-584438ef636d,7ba3e208-0af4-4e72-ad44-8158cc01b6c4,142,78.2,USD,26,10,2025-12-03,2025-10-23,dataset_fictif
9c183c5e-3c25-4d9b-b1f2-88992242d440,312001eb-b07b-4489-a048-16c8b02784fe,143,262.63,USD,5,5,2025-10-22,2025-09-02,dataset_fictif
e31ea11b-d6cb-4bee-a83d-294f2d526dd3,f70162d2-4a8d-4d4d-9446-bb766f3e1c37,143,346.38,USD,15,1,2026-03-05,2025-12-27,dataset_fictif
0cce01e5-acf8-42ae-8dff-3b5162e16c37,f70162d2-4a8d-4d4d-9446-bb766f3e1c37,143,377.5,USD,15,50,2026-04-06,2026-01-19,dataset_fictif
44037ff5-0ef9-4262-857b-b2dbdfc8d532,77ad32c8-2e7a-4441-ba6f-5539ebe4560b,143,384.1,USD,10,50,2025-10-12,2025-09-10,dataset_fictif
944edab7-5c69-4a26-b265-b945a5e0b1a4,bd78e129-6007-46b3-89c4-44bf91d38bc2,144,518.79,USD,4,1,2025-12-21,2025-11-03,dataset_fictif
ab6286ef-775d-4018-8865-3eff984deb29,98ac7ba3-6167-4556-81bd-92b16919c9ca,144,431.5,USD,1,1,2026-01-03,2025-11-14,dataset_fictif
a108dbe9-3706-4c33-99f3-f7ad0a597ce8,ab8fb3bc-bd18-4f72-8155-d44cabad14e2,144,478.7,USD,5,1,2026-01-17,2025-11-08,dataset_fictif
1af69a16-63b8-425c-95e2-377cb296f001,ab8fb3bc-bd18-4f72-8155-d44cabad14e2,144,609.87,USD,4,5,2026-02-11,2025-12-14,dataset_fictif
d3c31e2a-a73e-4a67-bce6-bbcd5cbf4d81,5be21ce5-62b1-4728-8aa7-c1137266ce68,144,611.69,USD,26,1,2026-08-26,2026-06-23,dataset_fictif
c6629bbc-fbe0-4aa4-8967-1b10e06339a8,7b92bc34-7a3f-41ee-8916-2ec40d301890,144,557.73,USD,8,1,2026-05-14,2026-03-18,dataset_fictif
da3a428f-3cc5-4c42-accc-d53765cc5afd,7b92bc34-7a3f-41ee-8916-2ec40d301890,144,540.46,USD,11,10,2026-09-23,2026-07-12,dataset_fictif
a83f13bb-cd61-4972-83b8-9a5e8d349311,407d77ef-d535-4c56-964d-914caca299ef,145,28.66,USD,26,20,2026-02-17,2025-12-25,dataset_fictif
b636ada1-8557-48ce-8760-99768a41fed1,407d77ef-d535-4c56-964d-914caca299ef,145,80550,CDF,10,1,2026-04-27,2026-02-19,dataset_fictif
bf4caf0e-4efc-4778-aa21-90518ba817ad,1a873014-f873-4054-894e-8bf644612067,145,19.86,USD,10,20,2026-02-17,2025-12-27,dataset_fictif
baee62a9-575e-4d47-a458-d03a8918ef91,1a873014-f873-4054-894e-8bf644612067,145,18.85,USD,13,50,2026-08-18,2026-07-04,dataset_fictif
9401a1ca-1684-4a5d-80d7-527960db82a5,9f9edf6f-deea-4916-baa9-bd33204ad5ab,146,3.56,USD,12,20,2026-04-04,2026-02-11,dataset_fictif
181744eb-497e-4cf9-9b53-25639a879e1b,407d77ef-d535-4c56-964d-914caca299ef,146,4.41,USD,30,1,2026-01-10,2025-11-09,dataset_fictif
529d303a-e594-480e-8753-eaaa0412503e,407d77ef-d535-4c56-964d-914caca299ef,146,4.65,USD,30,50,2025-11-25,2025-10-06,dataset_fictif
cafebc1a-290b-4ea6-bd09-d4eb5a110a81,36ddc887-6df4-4129-b6b2-5106f5e0328b,146,3.38,USD,5,10,2026-09-22,2026-08-06,dataset_fictif
65a3bd6c-3ec9-4ffd-b96f-1d63bb4332f6,94a69aa3-865f-4c60-b54b-595ed610efe7,147,27.87,USD,14,1,2025-10-13,2025-09-06,dataset_fictif
581a1035-fcc0-4379-8e3c-d4a80d75aac8,9f9edf6f-deea-4916-baa9-bd33204ad5ab,147,26.4,USD,8,1,2025-11-14,2025-09-02,dataset_fictif
38acbe3a-f096-478c-a04d-515681dfa2df,38d5069e-3dbd-485e-86b7-ecbb8bbd2207,147,34.92,USD,21,20,2026-08-31,2026-07-03,dataset_fictif
17f2c5aa-302d-49f0-a6db-c2e55662af8c,407d77ef-d535-4c56-964d-914caca299ef,147,40.34,USD,22,5,2026-04-30,2026-02-07,dataset_fictif
306f4113-8d31-4776-bdf0-de0b50e3389e,00ab9818-5274-4d3b-b16c-68b4f0e95292,147,27.32,USD,14,50,2026-10-17,2026-07-30,dataset_fictif
baf3302b-281b-4822-89ac-1300e3348521,309121c4-a374-43b3-92e5-a2a321816170,147,25.04,USD,3,1,2026-05-03,2026-03-02,dataset_fictif
293d4b3c-aa5b-4755-8ca2-efbe39a1d62f,309121c4-a374-43b3-92e5-a2a321816170,147,21.36,USD,7,5,2026-01-01,2025-12-01,dataset_fictif
7c64da2f-3967-4280-b545-9fc3e33c4e07,50c1784a-9dd7-49d3-a367-b49e81d4fcc9,148,48754,CDF,1,20,2026-07-30,2026-06-15,dataset_fictif
f9c19a2e-c5e3-4eba-8afb-152776b6f029,50c1784a-9dd7-49d3-a367-b49e81d4fcc9,148,20.73,USD,2,1,2026-01-18,2025-10-22,dataset_fictif
1869f96a-2f58-4009-93bf-764f74ed9abf,309121c4-a374-43b3-92e5-a2a321816170,148,19.54,USD,1,10,2026-06-05,2026-04-28,dataset_fictif
f924fca0-ef78-4c4d-9f08-4e82b83c785a,309121c4-a374-43b3-92e5-a2a321816170,148,20.82,USD,6,1,2026-07-07,2026-05-24,dataset_fictif
f1c5ea3f-d07b-4d3d-9c9e-5361141acd3d,407d77ef-d535-4c56-964d-914caca299ef,148,29.12,USD,30,50,2025-12-16,2025-10-15,dataset_fictif
a8881cbe-d578-4642-85dc-6e9cc9a217b9,9a6f40c5-41c3-4f2b-a7ab-e42a48773101,149,4.42,USD,6,5,2026-05-24,2026-03-01,dataset_fictif
2bd80032-8faa-49f5-ab0a-523c2ee0c3f5,9a6f40c5-41c3-4f2b-a7ab-e42a48773101,149,5.17,USD,1,1,2026-01-01,2025-10-30,dataset_fictif
a79fd8b9-9823-48fb-a7e5-cdfe505fd009,1ddae68a-860d-4f23-9aca-415d47393a0f,149,17483,CDF,12,1,2026-08-03,2026-06-20,dataset_fictif
18328715-fdf6-4a51-bfae-5d2930aafab3,94a69aa3-865f-4c60-b54b-595ed610efe7,149,5.99,USD,9,1,2026-06-14,2026-04-05,dataset_fictif
f3784d0c-bf46-42b2-b604-379dc2f5ca07,5b5cb032-bcb4-4e20-9df6-1e0e66b4f0d6,149,6.75,USD,24,10,2026-05-23,2026-03-08,dataset_fictif
cad2b727-32c4-4d57-ae90-71783917b136,50c1784a-9dd7-49d3-a367-b49e81d4fcc9,149,4.24,USD,7,1,2025-12-02,2025-11-01,dataset_fictif
f800819b-e5ca-4dc3-b1ec-764a14989da3,50c1784a-9dd7-49d3-a367-b49e81d4fcc9,149,5.1,USD,7,5,2026-02-24,2025-11-28,dataset_fictif
d624635f-62d1-4dbb-a3d1-a5b5c04d4d7d,407d77ef-d535-4c56-964d-914caca299ef,150,57.77,USD,21,1,2026-04-17,2026-01-18,dataset_fictif
5fd77fad-2ea6-4270-bcc3-08ba84934e9d,38d5069e-3dbd-485e-86b7-ecbb8bbd2207,150,61.42,USD,10,1,2026-03-24,2026-01-10,dataset_fictif
41accb26-12b7-41c4-930b-e8d66616ba6f,38d5069e-3dbd-485e-86b7-ecbb8bbd2207,150,46.17,USD,28,5,2026-09-10,2026-06-23,dataset_fictif
eb28bf73-831d-4406-a310-a0427522673f,50c1784a-9dd7-49d3-a367-b49e81d4fcc9,151,21.56,USD,2,5,2025-11-10,2025-09-11,dataset_fictif
4f3ea915-1ee6-4a1b-b632-86965f64de0e,50c1784a-9dd7-49d3-a367-b49e81d4fcc9,151,61889,CDF,1,1,2026-02-07,2025-12-27,dataset_fictif
5e396634-a184-4972-ae38-c52b7b3d02d9,38d5069e-3dbd-485e-86b7-ecbb8bbd2207,151,36.42,USD,23,50,2026-03-29,2026-02-20,dataset_fictif
01073f66-37b8-44ee-827c-4eaefcc1b0cc,9a6f40c5-41c3-4f2b-a7ab-e42a48773101,151,20.01,USD,5,50,2026-01-10,2025-10-27,dataset_fictif
e886bf60-5b14-427c-93fe-2fd85922b8c2,9f9edf6f-deea-4916-baa9-bd33204ad5ab,152,26.12,USD,12,50,2026-11-11,2026-08-23,dataset_fictif
17e9cbdb-0e12-44cc-a569-a9aad0da5909,1ddae68a-860d-4f23-9aca-415d47393a0f,152,25,USD,9,5,2026-02-04,2025-11-07,dataset_fictif
e460542a-929f-4411-be03-a7fcad5434ec,309121c4-a374-43b3-92e5-a2a321816170,152,22.56,USD,3,1,2026-03-02,2026-01-16,dataset_fictif
06339054-27b1-4a5d-b1a8-8eeaccd5d63e,309121c4-a374-43b3-92e5-a2a321816170,152,62030,CDF,5,10,2026-03-22,2026-01-21,dataset_fictif
c92b99a3-3bb4-4cff-aabf-c9edfe7df754,94a69aa3-865f-4c60-b54b-595ed610efe7,152,21.57,USD,7,10,2025-12-10,2025-09-23,dataset_fictif
a79a7189-370d-4433-977c-93d53ebad7c3,9a6f40c5-41c3-4f2b-a7ab-e42a48773101,152,19.58,USD,6,1,2026-07-07,2026-05-31,dataset_fictif
facfdedf-84f8-48ba-8f3f-2c01944c5db3,407d77ef-d535-4c56-964d-914caca299ef,152,32.57,USD,10,50,2026-04-14,2026-01-15,dataset_fictif
b3bed5b0-0abb-482f-8372-b2145585363d,1a873014-f873-4054-894e-8bf644612067,153,40.79,USD,15,50,2026-05-31,2026-04-11,dataset_fictif
246cda09-8800-4923-854e-95b900fedf99,1a873014-f873-4054-894e-8bf644612067,153,96570,CDF,12,5,2026-03-08,2026-01-14,dataset_fictif
48c50a32-3872-4b3f-bd4b-9f290f81e632,00ab9818-5274-4d3b-b16c-68b4f0e95292,153,39.75,USD,11,10,2026-07-09,2026-04-18,dataset_fictif
f991c228-ca5e-4e57-8202-7ce2330fa809,309121c4-a374-43b3-92e5-a2a321816170,154,11.91,USD,1,1,2026-09-11,2026-07-31,dataset_fictif
5f61bce6-fe43-416d-b5c3-f46f78f378f5,5b5cb032-bcb4-4e20-9df6-1e0e66b4f0d6,154,59362,CDF,22,10,2026-10-02,2026-08-12,dataset_fictif
ddb6efb4-d0e4-461e-8e50-a068e4a528ea,38d5069e-3dbd-485e-86b7-ecbb8bbd2207,154,20.05,USD,19,1,2026-04-27,2026-01-31,dataset_fictif
f3b6fd39-0893-4fba-a1a5-56bac6099976,38d5069e-3dbd-485e-86b7-ecbb8bbd2207,154,18.59,USD,18,1,2026-05-04,2026-03-26,dataset_fictif